frame,time_ps,protein_backbone_rmsd_A,ligand_heavy_rmsd_A,fixed_pocket_contact_count_4A,all_protein_contact_count_4A,fixed_pocket_min_distance_A,all_protein_min_distance_A,ligand_COM_to_fixed_pocket_center_A
0,10.000000029814057,4.054763188923685e-07,4.055764161799297e-07,34,34,3.2579137381000183,3.2579137381000183,5.994801998138428
1,20.000000059628114,0.8660459209818131,0.999617485026671,36,36,3.129566262339524,3.129566262339524,5.783450126647949
2,30.00000008944217,0.7781780484423287,1.8329534868123685,32,32,3.142699060855199,3.142699060855199,5.928451061248779
3,40.00000011925623,0.9736681645173222,1.5611710906477803,45,45,2.9542458911328855,2.9542458911328855,5.524669170379639
4,50.00000014907029,1.0196205024515568,1.5324597694225308,49,49,2.7600754508667698,2.7600754508667698,5.342126369476318
5,60.00000017888434,1.1950538544148732,1.7293188879461758,17,17,2.972603896025749,2.972603896025749,6.082510948181152
6,70.0000002086984,1.0656058603602987,3.665617708125358,11,11,3.1653811494221245,3.1653811494221245,7.614855766296387
7,80.00000023851246,1.234681240209995,5.101019654047886,18,18,3.177969306131004,3.177969306131004,7.600517272949219
8,90.00000026832652,1.1563567181564594,4.7875127783005125,13,13,3.3451935317036656,3.3451935317036656,7.925420761108398
9,100.00000029814058,1.2864358831155125,4.450090188392612,10,10,3.3562301212959538,3.3562301212959538,7.987393856048584
10,110.00000032795462,1.2232329025283433,4.280118006426005,16,16,3.1811720353089723,3.1811720353089723,7.976627826690674
11,120.00000035776868,1.2808665843073301,4.854325994336676,14,14,3.191716133477703,3.191716133477703,8.292879104614258
12,130.00000038758273,1.1925949849174369,4.760781647316081,28,28,3.2844092874998747,3.2844092874998747,7.6848225593566895
13,140.0000004173968,1.380288022128401,4.647180374788233,14,14,3.4264966644268364,3.4264966644268364,8.231233596801758
14,150.00000044721085,1.3248823687799836,4.457771750852021,6,6,3.3884991669127826,3.3884991669127826,8.015356063842773
15,160.0000004770249,1.4201548301758524,4.132921170512134,22,22,2.9361537546258596,2.9361537546258596,7.653007507324219
16,170.00000050683897,1.3430793220583592,4.02431303900527,17,17,3.3262372520443098,3.3262372520443098,7.392097473144531
17,180.00000053665303,1.3021678687268232,4.243476979066961,13,13,3.370686358698277,3.370686358698277,7.733036518096924
18,190.0000005664671,1.257212212557695,3.9818062289980847,19,19,3.348259254607758,3.348259254607758,7.577357769012451
19,200.00000059628115,1.3446952171986029,4.806708161296995,13,13,3.213837070377522,3.213837070377522,8.158855438232422
20,210.0000006260952,1.3953184747809442,4.374205063571298,12,12,3.6431718644079663,3.6431718644079663,8.237597465515137
21,220.00000065590925,1.3892584914140578,3.7701833404662795,6,6,3.7866042426718303,3.7866042426718303,7.901210784912109
22,230.0000006857233,1.368343265222914,4.017413987752235,15,15,3.2548642911713177,3.2548642911713177,7.70425271987915
23,240.00000071553737,1.4088615707684575,4.451497190391234,7,7,3.669839330992571,3.669839330992571,8.49969482421875
24,250.00000074535143,1.4153494039251777,4.390549106459748,11,11,3.494027915161141,3.494027915161141,8.367384910583496
25,260.00000077516546,1.364405874507375,4.6595788046019075,10,10,3.303848170716108,3.303848170716108,8.515934944152832
26,270.00000080497955,1.372691641724732,4.693897391531524,8,8,3.494146965785303,3.494146965785303,8.172015190124512
27,280.0000008347936,1.4419394432945922,4.969970847330194,10,10,3.1083613449574905,3.1083613449574905,9.051878929138184
28,290.00000086460767,1.479439421406956,4.718793990744102,12,12,3.360891531935549,3.360891531935549,8.406638145446777
29,300.0000008944217,1.5480856287338742,4.471596839637952,6,6,3.540265772461789,3.540265772461789,8.592249870300293
30,310.0000009242358,1.4662514070603248,4.669156743414873,2,2,3.837476776594155,3.837476776594155,8.90828800201416
31,320.0000009540498,1.3068649438621183,4.330984856066297,6,6,3.397933903832741,3.397933903832741,8.173951148986816
32,330.00000098386386,1.3311351811063958,4.455460056355844,5,5,3.459934263475314,3.459934263475314,7.889875888824463
33,340.00000101367795,1.405644235358507,4.931164007484253,14,14,3.239657167141072,3.239657167141072,8.468198776245117
34,350.000001043492,1.383490733314818,4.574395944366446,12,12,3.3891413146388634,3.3891413146388634,8.577325820922852
35,360.00000107330607,1.3886886037472497,4.475866998274616,13,13,3.28842059978311,3.28842059978311,8.498087882995605
36,370.0000011031201,1.489706101262176,4.228301542898919,8,8,3.401919256686904,3.401919256686904,8.3167724609375
37,380.0000011329342,1.2877908679422425,4.4338579745290705,5,5,3.524111209129599,3.524111209129599,8.422557830810547
38,390.0000011627482,1.4413564884186083,4.0364677921064605,16,16,3.5222545393640448,3.5222545393640448,7.913514137268066
39,400.0000011925623,1.4411372660507906,3.6800917212929294,12,12,3.4194854720605683,3.4194854720605683,7.872519016265869
40,410.00000122237634,1.324204518723087,3.3137038000305163,15,15,3.278808054548026,3.278808054548026,7.5269856452941895
41,420.0000012521904,1.5171899814602412,3.5784816835284063,7,7,3.595776992970228,3.595776992970228,7.763838291168213
42,430.00000128200446,1.479798168498567,3.519963659847861,12,12,3.2638231706164644,3.2638231706164644,7.215759754180908
43,440.0000013118185,1.4676342972303387,3.5899709753113047,10,10,3.186591143154318,3.186591143154318,7.871602535247803
44,450.0000013416326,1.4982452890257254,4.287128859436406,7,7,3.6476007022398966,3.6476007022398966,7.913518905639648
45,460.0000013714466,1.4093886760817205,4.903373190328666,8,8,3.3520824768280657,3.3520824768280657,8.557522773742676
46,470.0000014012607,1.4526045764461109,4.24479976663601,9,9,3.6386791216108003,3.6386791216108003,7.883347988128662
47,480.00000143107474,1.437597743490014,4.146823971679634,21,21,3.1479994256171593,3.1479994256171593,7.612794876098633
48,490.00000146088877,1.4043935458937693,4.990069896890839,9,9,3.4138385733200427,3.4138385733200427,8.749100685119629
49,500.00000149070286,1.3782114879266065,4.275926407556731,23,23,2.9837415113664303,2.9837415113664303,7.669843673706055
50,510.0000015205169,1.465902210849437,4.3496910117752625,21,21,3.072084662594329,3.072084662594329,7.7988691329956055
51,520.0000015503309,1.4336069400679579,4.157073651090348,23,23,3.14708923534959,3.14708923534959,7.600100040435791
52,530.0000015801451,1.3317423277355478,4.390954352947334,20,20,3.252090530215789,3.252090530215789,7.6967926025390625
53,540.0000016099591,1.4329805716320072,4.543653910263057,18,18,3.0914898328392155,3.0914898328392155,7.452284812927246
54,550.0000016397731,1.3861571112641358,4.747160456636086,16,16,3.3411223193455384,3.3411223193455384,8.490638732910156
55,560.0000016695872,1.406573003330647,4.700069141103917,25,25,3.2323060308541245,3.2323060308541245,7.800466060638428
56,570.0000016994012,1.494675775197128,4.789107590288746,18,18,3.2274253098447363,3.2274253098447363,8.259279251098633
57,580.0000017292153,1.502563000262368,4.98641685016262,15,15,3.30397352181203,3.30397352181203,8.234129905700684
58,590.0000017590294,1.679558113460544,4.794242832279748,14,14,3.361589796354942,3.361589796354942,8.186197280883789
59,600.0000017888434,1.452550685067189,4.638247436020072,11,11,3.4634961764064918,3.4634961764064918,8.334479331970215
60,610.0000018186574,1.5718690107761355,4.0353740238588545,12,12,3.4045560084652635,3.4045560084652635,7.666415214538574
61,620.0000018484716,1.591555026571353,4.423284085514953,18,18,3.554262287179139,3.554262287179139,8.05957317352295
62,630.0000018782856,1.6332032027443495,4.146979331603172,12,12,3.5041191655253434,3.5041191655253434,7.771428108215332
63,640.0000019080996,1.5778336262065826,4.59457633998473,15,15,3.319802467167878,3.319802467167878,7.718530654907227
64,650.0000019379137,1.597160561279738,3.760082334274793,15,15,3.5031450503287007,3.5031450503287007,7.577642917633057
65,660.0000019677277,1.5662933877818976,4.24372824570862,8,8,3.161167013926565,3.161167013926565,7.830761909484863
66,670.0000019975419,1.5507571776022002,4.710650538439769,17,17,3.3955437278430645,3.3955437278430645,8.069073677062988
67,680.0000020273559,1.5081475517093332,4.530120282311424,16,16,3.0292902924855785,3.0292902924855785,7.932197570800781
68,690.0000020571699,1.4913373063496125,4.886906234434547,10,10,3.3396264633985857,3.3396264633985857,8.395089149475098
69,700.000002086984,1.392473965082883,5.1964555006163335,11,11,3.559154255521166,3.559154255521166,8.559718132019043
70,710.0000021167981,1.4415044250617461,4.971433943015708,18,18,3.5280745497086268,3.5280745497086268,8.403960227966309
71,720.0000021466121,1.4693326783016762,4.471372912028699,23,23,3.1617944291283018,3.1617944291283018,7.72389554977417
72,730.0000021764262,1.5399691891943539,4.537236853594233,13,13,3.5421933448312055,3.5421933448312055,8.060537338256836
73,740.0000022062402,1.4649783598301842,3.834680002519864,8,8,3.446999735686163,3.446999735686163,7.926054954528809
74,750.0000022360542,1.579435461706271,4.165023312384004,14,14,3.562875539358833,3.562875539358833,8.198928833007812
75,760.0000022658684,1.4830580124802493,4.02585369111832,5,5,3.634192979464098,3.634192979464098,8.08716106414795
76,770.0000022956824,1.4692441796823124,4.064958812584684,11,11,3.3943031897206732,3.3943031897206732,8.164020538330078
77,780.0000023254964,1.491562478668191,3.6199631428408012,17,17,3.0313337782746346,3.0313337782746346,7.979268550872803
78,790.0000023553105,1.5966365963534794,4.995325907231501,9,9,3.119146499537914,3.119146499537914,9.12455940246582
79,800.0000023851246,1.5792061576133163,3.88441452598609,15,15,3.2103681628798353,3.2103681628798353,7.881037712097168
80,810.0000024149386,1.5664659245879042,4.353055494181792,8,8,3.28095393084696,3.28095393084696,8.407271385192871
81,820.0000024447527,1.5969272540854846,3.88754666006791,18,18,3.3517798989323606,3.3517798989323606,7.6769914627075195
82,830.0000024745667,1.6376822658208774,4.2354290111977475,7,7,3.2895384867662583,3.2895384867662583,8.513763427734375
83,840.0000025043807,1.7192065366674567,3.7385235700371715,10,10,3.2685091961647688,3.2685091961647688,7.939357757568359
84,850.0000025341949,1.6661227522062336,3.4469098356136487,13,13,3.5612667785501877,3.5612667785501877,7.812473297119141
85,860.0000025640089,1.6247220803201916,3.4283967180488353,15,15,3.183981582360473,3.183981582360473,7.6298675537109375
86,870.000002593823,1.6299084108901614,4.133290546262474,8,8,2.938848001742253,2.938848001742253,8.504952430725098
87,880.000002623637,1.597179790558901,3.8675349752178154,16,16,3.081547395606917,3.081547395606917,7.695786952972412
88,890.000002653451,1.6156400804895636,3.4583103631152983,17,17,3.1559352202324944,3.1559352202324944,7.823756217956543
89,900.0000026832652,1.6450850632696434,3.747401118590986,15,15,3.102981898403618,3.102981898403618,7.700784683227539
90,910.0000027130792,1.512923005387961,3.9841906280286117,15,15,3.3577326934940426,3.3577326934940426,7.98451042175293
91,920.0000027428932,1.5998190545897957,3.295942904685599,8,8,3.5003445268289863,3.5003445268289863,8.247726440429688
92,930.0000027727073,1.5471006640429954,4.444301230504372,10,10,3.4031204516795457,3.4031204516795457,8.33598804473877
93,940.0000028025214,1.6874430399427867,4.124879113388233,14,14,3.0287740743907547,3.0287740743907547,8.338261604309082
94,950.0000028323354,1.7360394740259755,4.243291656124889,12,12,3.284993453198468,3.284993453198468,8.243395805358887
95,960.0000028621495,1.662873340734012,4.304802159721769,13,13,3.1814401449997556,3.1814401449997556,8.43520450592041
96,970.0000028919635,1.739456921967634,4.272992838064593,15,15,3.101304149419685,3.101304149419685,8.223088264465332
97,980.0000029217775,1.7550604815172668,3.935432746883113,10,10,3.237094864836208,3.237094864836208,8.181055068969727
98,990.0000029515917,1.7953272115753085,4.579864995856876,3,3,3.7293393294562454,3.7293393294562454,8.999892234802246
99,1000.0000029814057,1.7778437409017147,4.616823367535026,16,16,3.2173354774303675,3.2173354774303675,8.189436912536621
100,1010.0000030112197,1.6484750199303462,3.6019043267442123,19,19,3.009456334746824,3.009456334746824,7.902198791503906
101,1020.0000030410338,1.7160965224282947,4.190696446996519,10,10,3.461642256494981,3.461642256494981,8.144254684448242
102,1030.000003070848,1.5854816627294284,3.9795776478531453,12,12,3.297029060615578,3.297029060615578,7.609725475311279
103,1040.0000031006618,1.5696611765729143,3.795639211194522,14,14,3.302157434829647,3.302157434829647,7.783431529998779
104,1050.000003130476,1.69615450752452,4.445889539312566,3,3,3.9726472364266323,3.9726472364266323,8.851527214050293
105,1060.0000031602901,1.6283616881417249,3.761344234781246,14,14,2.9688774762419414,2.9688774762419414,7.938483238220215
106,1070.000003190104,1.5980219868827419,3.9120567847588155,7,7,3.6345321186794686,3.6345321186794686,8.149725914001465
107,1080.0000032199182,1.6472439305910846,4.4197562011011575,26,26,3.546808956473611,3.546808956473611,8.270854949951172
108,1090.0000032497321,1.605760372146923,4.523645979815562,8,8,3.566275227335194,3.566275227335194,8.768940925598145
109,1100.0000032795463,1.6980901924889158,4.423686935998304,7,7,3.153381516497899,3.153381516497899,8.735633850097656
110,1110.0000033093604,1.7030211539441242,3.7855106639828855,14,14,3.19011381367818,3.19011381367818,7.751618385314941
111,1120.0000033391743,1.6881924921402958,4.399061842928878,12,12,3.4089179894312576,3.4089179894312576,7.4305596351623535
112,1130.0000033689885,1.75228985288594,3.952535751104634,15,15,2.9180827762027426,2.9180827762027426,7.664154052734375
113,1140.0000033988024,1.7112073804824783,4.186390518696653,18,18,3.2435230384425706,3.2435230384425706,6.949906349182129
114,1150.0000034286165,1.7886102615470838,4.001360852463995,19,19,3.3079883096170035,3.3079883096170035,7.511374473571777
115,1160.0000034584307,1.7748200837538906,4.710000543733739,7,7,3.6158168481422033,3.6158168481422033,8.400923728942871
116,1170.0000034882446,1.722008100770305,4.427234975725493,12,12,3.3863482505925715,3.3863482505925715,7.949969291687012
117,1180.0000035180587,1.6543283002087643,4.151841441436652,9,9,3.4051025601849614,3.4051025601849614,7.920270919799805
118,1190.000003547873,1.7942138481539605,4.3815241786014525,20,20,3.184803747899948,3.184803747899948,8.323091506958008
119,1200.0000035776868,1.8583644796555032,4.526727644617787,7,7,3.5991704949959744,3.5991704949959744,8.449847221374512
120,1210.000003607501,1.8507638613023218,4.22472716724502,14,14,3.564860282473379,3.564860282473379,8.466461181640625
121,1220.0000036373149,1.7707516318344518,4.361678667462194,12,12,3.493499443274751,3.493499443274751,8.597572326660156
122,1230.000003667129,1.817814888585494,4.929962898938332,5,5,3.465760523680684,3.465760523680684,8.83065128326416
123,1240.0000036969432,1.782415484502548,4.227695395813182,8,8,3.633989035461684,3.633989035461684,8.459787368774414
124,1250.000003726757,1.706841427099318,4.829192929628319,11,11,3.5716344725019917,3.5716344725019917,9.025362968444824
125,1260.0000037565712,1.8372653537540737,4.4277304912381075,11,11,3.3925574956888216,3.3925574956888216,8.676336288452148
126,1270.0000037863852,1.8443116702826574,4.3352020702455745,9,9,3.2483791582350774,3.2483791582350774,8.774964332580566
127,1280.0000038161993,1.8628473690692222,4.343749452282912,9,9,3.1849663170876052,3.1849663170876052,8.218284606933594
128,1290.0000038460134,1.9054669196163514,4.390553882256177,9,9,3.2856650532614604,3.2856650532614604,8.454813957214355
129,1300.0000038758274,1.877462808796388,4.047353849914346,16,16,3.6488752348343234,3.6488752348343234,7.843562126159668
130,1310.0000039056415,2.0087017329098193,4.111946226859752,14,14,3.0313943507667584,3.0313943507667584,7.9921393394470215
131,1320.0000039354554,1.8516422021458374,4.173710792665979,14,14,2.9817466869851486,2.9817466869851486,8.126344680786133
132,1330.0000039652696,1.8693039394211162,4.391775142810228,7,7,3.5564201899813686,3.5564201899813686,8.429471969604492
133,1340.0000039950837,1.9379242002054216,4.974817766874598,11,11,3.382860783987237,3.382860783987237,8.627339363098145
134,1350.0000040248976,1.8524540653501247,4.683020804742145,19,19,2.9126279452591652,2.9126279452591652,8.54063606262207
135,1360.0000040547118,1.8906012320269996,4.0624177981342475,19,19,3.2195239999261456,3.2195239999261456,7.918219089508057
136,1370.0000040845257,1.9126768956356939,4.47734534090704,10,10,3.143900266830369,3.143900266830369,8.515559196472168
137,1380.0000041143398,1.8630327622017415,4.545233817920552,6,6,3.7162402585497567,3.7162402585497567,8.742587089538574
138,1390.000004144154,1.8491705038846549,4.4622861157704286,9,9,3.2198656746509546,3.2198656746509546,8.684636116027832
139,1400.000004173968,1.9385555034311133,4.755834650349569,12,12,3.407861127852502,3.407861127852502,8.53506851196289
140,1410.000004203782,1.981132836061296,5.006453584605742,13,13,3.224132596345917,3.224132596345917,8.636641502380371
141,1420.0000042335962,2.0684005139560306,4.383488532818974,19,19,3.308700980354797,3.308700980354797,8.269355773925781
142,1430.0000042634101,2.0066395982379404,4.113192918770141,8,8,3.463363209300307,3.463363209300307,8.140978813171387
143,1440.0000042932243,1.977402225910295,3.8393488354444405,11,11,3.4377736485677306,3.4377736485677306,7.818850994110107
144,1450.0000043230382,1.8270587633905322,4.363139739569766,5,5,3.2660714966604867,3.2660714966604867,8.3995943069458
145,1460.0000043528523,1.9095378740732554,3.999125599446146,16,16,3.1239146734914667,3.1239146734914667,7.846450328826904
146,1470.0000043826665,1.9324546542797538,3.94429516531417,13,13,3.2489737124848475,3.2489737124848475,7.794985294342041
147,1480.0000044124804,1.9074551773912432,4.633794348171736,12,12,3.091516925305802,3.091516925305802,8.502042770385742
148,1490.0000044422945,2.0528152894206015,4.307560135562464,11,11,3.5703227862693514,3.5703227862693514,8.383378982543945
149,1500.0000044721085,1.8854960615648,4.430076756078652,16,16,3.578498523964621,3.578498523964621,7.956943511962891
150,1510.0000045019226,1.9282445828691652,4.996071999998374,20,20,3.127108483090759,3.127108483090759,8.599407196044922
151,1520.0000045317367,1.987646347284737,5.97144189200909,14,14,3.409664619045335,3.409664619045335,9.071892738342285
152,1530.0000045615507,2.129645052460728,4.956580887493939,16,18,3.4877215583347816,3.4877215583347816,8.493816375732422
153,1540.0000045913648,2.0527501191117214,4.773638835139382,15,15,3.183944234856999,3.183944234856999,7.900568962097168
154,1550.0000046211787,2.0991278055343083,4.589477922468506,11,11,3.174708022621595,3.174708022621595,8.201318740844727
155,1560.0000046509929,2.0286488183154647,5.54354949151734,15,15,3.2422529912816205,3.2422529912816205,8.786489486694336
156,1570.000004680807,1.9968317270027882,4.511568217523178,13,13,3.2015837030360306,3.2015837030360306,7.699552059173584
157,1580.000004710621,1.8500786423566826,4.71319855943146,21,21,3.3632395250733516,3.3632395250733516,7.89046573638916
158,1590.000004740435,1.8867227717007682,5.401390315571754,11,14,3.483357029363098,3.483357029363098,8.740184783935547
159,1600.0000047702492,1.9081726931029552,4.653553370225959,12,13,3.585866114755467,3.585866114755467,8.031726837158203
160,1610.0000048000632,1.8486778154555823,4.963284514238744,10,10,3.5116935494263313,3.5116935494263313,8.586347579956055
161,1620.0000048298773,1.9314224011670396,4.5572125652049085,22,22,3.303084315618739,3.303084315618739,8.409605026245117
162,1630.0000048596912,1.9676811684241169,4.5515128919261265,10,10,3.440461101566176,3.440461101566176,8.821578025817871
163,1640.0000048895054,2.0652805654596165,4.639521126636219,14,14,3.2841873879486285,3.2841873879486285,8.873749732971191
164,1650.0000049193195,1.9325440192711316,4.67358226097833,18,18,3.3382080475720137,3.3382080475720137,8.730637550354004
165,1660.0000049491334,1.9377995743729648,4.957760686224881,13,13,3.505441085496614,3.505441085496614,8.537489891052246
166,1670.0000049789476,1.8589125051667574,5.231299611586965,11,11,3.4972969112232093,3.4972969112232093,9.219879150390625
167,1680.0000050087615,2.058674914029523,5.25301808382666,5,5,3.399222045884172,3.399222045884172,9.067646026611328
168,1690.0000050385756,1.9883360723336043,4.7977377867980735,19,20,3.308349977155173,3.308349977155173,8.373010635375977
169,1700.0000050683898,2.0063823888610175,5.177661821531985,11,11,3.583891941894123,3.583891941894123,9.007448196411133
170,1710.0000050982037,2.153019715534309,5.359366863688245,13,14,3.293846711495931,3.293846711495931,8.588081359863281
171,1720.0000051280178,2.1550046382864334,6.0440201571903565,7,7,3.3089682983974193,3.3089682983974193,9.44666862487793
172,1730.0000051578318,2.0723896138277698,6.677278871757299,7,8,3.5027484644743567,3.5027484644743567,10.063920021057129
173,1740.000005187646,1.944767511143465,5.091818202385672,8,10,3.5525094457607462,3.5525094457607462,8.582091331481934
174,1750.00000521746,2.0313597182317893,5.774690491876625,10,12,3.4790631409639916,3.4790631409639916,9.113751411437988
175,1760.000005247274,1.9734727767449527,6.4734909232286,13,14,3.4636599284771146,3.4636599284771146,9.56368637084961
176,1770.0000052770881,2.1429657136328024,6.705330193843201,11,11,3.460191585254741,3.460191585254741,10.038780212402344
177,1780.000005306902,2.0715909304628544,6.025734818223276,18,18,3.2989004354742786,3.2989004354742786,9.456230163574219
178,1790.0000053367162,2.0872139354787302,6.2637741236901965,13,13,3.337050529915404,3.337050529915404,9.751677513122559
179,1800.0000053665303,2.169352560490367,6.874815491559934,8,8,3.4445398090123387,3.4445398090123387,10.275906562805176
180,1810.0000053963442,2.1144007256741926,6.581505144143657,4,4,3.701931224381162,3.701931224381162,10.110934257507324
181,1820.0000054261584,2.161098513883635,6.239473861442042,7,7,3.3159701978453247,3.3159701978453247,9.471339225769043
182,1830.0000054559725,2.224634121170011,6.393590424507814,8,8,3.596458561797694,3.596458561797694,9.787432670593262
183,1840.0000054857865,2.0604702295214756,6.200090253576076,16,16,3.3629246650878692,3.3629246650878692,9.500874519348145
184,1850.0000055156006,2.1885921348276356,5.701298107522251,8,10,3.505308282246374,3.355590483730797,8.753836631774902
185,1860.0000055454145,2.1470021649577697,5.943393322656228,7,8,3.6997905045806805,3.6997905045806805,8.984088897705078
186,1870.0000055752287,2.0904210354698733,5.625480507146149,10,13,3.2124860004645175,3.2124860004645175,8.4093656539917
187,1880.0000056050428,2.05421115716481,5.680387769004915,5,5,3.571282790431052,3.571282790431052,8.71697998046875
188,1890.0000056348567,2.0633733375175445,4.773184643430466,16,16,3.1405286763507916,3.1405286763507916,7.891107082366943
189,1900.0000056646709,2.0934257094651234,4.354415958135473,22,22,3.2461756383351306,3.2461756383351306,7.819460868835449
190,1910.0000056944848,2.1858812954101787,3.7491713660442385,17,17,3.399459410774176,3.399459410774176,7.609218597412109
191,1920.000005724299,2.036877091980846,4.296513721567637,16,16,3.1330121333627656,3.1330121333627656,7.925520896911621
192,1930.000005754113,1.9593372545418235,4.190550732931944,20,21,3.1529733148082038,3.1529733148082038,7.383720397949219
193,1940.000005783927,2.092737935233716,4.479821640551441,14,14,3.334411929309496,3.334411929309496,7.699040412902832
194,1950.0000058137412,2.1110653863743454,5.737320660106521,15,15,3.34709671238413,3.34709671238413,8.263874053955078
195,1960.000005843555,2.1652906564782093,4.673099865466674,27,29,3.300040130278354,3.300040130278354,7.6808648109436035
196,1970.0000058733692,2.149186394438363,4.743351183063811,13,13,3.3235278869379083,3.3235278869379083,7.954866409301758
197,1980.0000059031834,2.3099260598003277,3.7522766933652343,11,11,3.2158207846706475,3.2158207846706475,7.166297435760498
198,1990.0000059329973,2.2719259880771245,4.4204316187272275,10,10,2.9738538192336956,2.9738538192336956,8.11601734161377
199,2000.0000059628114,2.30676534773416,4.060405381554387,14,14,3.535931148288087,3.535931148288087,7.8448052406311035
200,2010.0000059926253,2.2814830859584956,4.531148840981896,8,8,3.4452482185888096,3.4452482185888096,8.076735496520996
201,2020.0000060224395,2.2115119838190354,3.85383188720002,12,12,3.2759158583605683,3.2759158583605683,7.771081924438477
202,2030.0000060522536,2.2260599785198347,3.8254233119031675,10,10,3.569689187260383,3.569689187260383,7.660885810852051
203,2040.0000060820676,2.231010642694852,4.063771120629066,21,21,3.1642658274246744,3.1642658274246744,7.632049083709717
204,2050.0000061118817,2.1093855133783808,3.588773989204289,17,17,3.3424775182166715,3.3424775182166715,7.497743606567383
205,2060.000006141696,2.119043095849838,3.8543876295421753,13,13,3.4271290149446965,3.4271290149446965,7.6397600173950195
206,2070.00000617151,2.1893234964921406,4.173885063659604,12,12,3.539379687771946,3.539379687771946,7.517454147338867
207,2080.0000062013237,2.3124824786533087,3.7078264142928914,17,18,3.3584955322981864,3.3584955322981864,7.395052433013916
208,2090.000006231138,2.4981447529720056,5.259780584532982,22,22,3.3717618156632634,3.3717618156632634,7.997744083404541
209,2100.000006260952,2.3117723294485595,4.500063704063209,13,14,3.541581680610523,3.541581680610523,7.629261016845703
210,2110.000006290766,2.3909577172924488,4.741145271659315,24,24,3.3966823497538337,3.3966823497538337,7.179727554321289
211,2120.0000063205803,2.396880256068112,5.113445727634518,11,11,3.2432092640489913,3.2432092640489913,7.835007667541504
212,2130.000006350394,2.2018895313901026,4.658695990193177,21,21,3.5260818490637367,3.5260818490637367,7.779324054718018
213,2140.000006380208,2.3661067884076017,4.226000057735648,16,16,3.2300297291950706,3.2300297291950706,7.81036901473999
214,2150.0000064100223,2.2962251169800076,4.1893594325270245,13,14,3.024385286853263,3.024385286853263,7.694192886352539
215,2160.0000064398364,2.2752356255102373,4.689354394558093,19,19,3.1908431820042957,3.1908431820042957,8.222382545471191
216,2170.0000064696505,2.2911650159518473,4.233910804291042,12,12,3.1080557636972332,3.1080557636972332,7.785917282104492
217,2180.0000064994642,2.103723147079563,4.9664324761921135,22,22,3.5659195012131026,3.5659195012131026,7.863285064697266
218,2190.0000065292784,2.103657213201805,4.452040027857997,9,9,3.30746475101034,3.30746475101034,8.137683868408203
219,2200.0000065590925,2.159242475854922,6.252559755618879,16,16,3.42501510210235,3.42501510210235,8.724682807922363
220,2210.0000065889067,2.1757836058018647,5.714688984892203,23,24,3.490617187992109,3.490617187992109,8.438485145568848
221,2220.000006618721,1.991193399544743,5.654808040231233,10,12,3.4279315416336416,3.4279315416336416,8.30531120300293
222,2230.0000066485345,1.9970216124759201,5.488209775944655,30,30,3.1820788846779853,3.1820788846779853,8.058903694152832
223,2240.0000066783487,2.015563778300601,4.153389087966476,14,16,3.4992282571061053,3.4992282571061053,7.694846153259277
224,2250.000006708163,2.083825834905319,4.400303206285265,15,15,3.061571607059976,3.061571607059976,8.030847549438477
225,2260.000006737977,2.15949464714807,3.937596107239049,18,18,3.4114353211887676,3.4114353211887676,8.047968864440918
226,2270.000006767791,2.049970864851293,4.800860438114515,13,13,3.210018829338228,3.210018829338228,8.669586181640625
227,2280.000006797605,2.2079868109747114,4.347088274448425,9,9,3.419956437475636,3.419956437475636,8.21047306060791
228,2290.000006827419,2.0281833157501894,4.2394960297758315,8,8,3.633943549404294,3.633943549404294,8.278905868530273
229,2300.000006857233,2.0289513230639082,4.760708502532696,18,18,3.2952835843364428,3.2952835843364428,8.43195629119873
230,2310.000006887047,2.1128566510409965,4.633701037480041,19,19,3.4396296798757606,3.4396296798757606,8.061055183410645
231,2320.0000069168614,2.0350531597721035,4.623313210169354,25,25,3.148827869894757,3.148827869894757,7.810140132904053
232,2330.000006946675,2.1555016878511926,4.663977268227075,20,20,3.229784170711197,3.229784170711197,7.816303253173828
233,2340.000006976489,2.3544377276479413,4.259815595207433,25,25,3.2041076801194017,3.2041076801194017,7.985494136810303
234,2350.0000070063033,2.365054593594109,4.410336340286042,11,11,3.412594801389089,3.412594801389089,7.773674011230469
235,2360.0000070361175,2.44392517084983,4.192789520467013,24,24,3.327653956221451,3.327653956221451,7.462723255157471
236,2370.0000070659316,2.3584077172456337,4.837140636557478,20,20,3.3595655313329034,3.3595655313329034,8.117398262023926
237,2380.000007095746,2.4276685557949063,4.994442408011378,10,10,3.5661762917933806,3.5661762917933806,8.742681503295898
238,2390.0000071255595,2.3229839191105195,4.393767565461973,16,16,3.1226453679628263,3.1226453679628263,8.317557334899902
239,2400.0000071553736,2.3294723014935412,4.914131496137483,18,18,3.3484230436038724,3.3484230436038724,8.283236503601074
240,2410.0000071851878,2.358414398300391,4.923672738275669,12,12,3.5632436643994017,3.5632436643994017,8.07349967956543
241,2420.000007215002,2.3379066268814017,4.729052516207,11,11,3.5239680524393835,3.5239680524393835,8.736501693725586
242,2430.000007244816,2.2324458029217853,4.45651411529445,13,13,3.358459875578657,3.358459875578657,8.803210258483887
243,2440.0000072746298,2.2280957781785244,4.806594056429678,10,10,3.333352413138643,3.333352413138643,8.345576286315918
244,2450.000007304444,2.18106604742972,4.392317486905516,19,19,3.258898071289564,3.258898071289564,7.510378360748291
245,2460.000007334258,2.2875632630985203,4.909333448200291,9,9,3.5522133855265596,3.5522133855265596,8.148589134216309
246,2470.000007364072,2.3375581815293134,4.411715634463952,25,25,3.2007151163989005,3.2007151163989005,7.5666584968566895
247,2480.0000073938863,2.351223991894495,5.01640961061304,14,14,3.2370615847397555,3.2370615847397555,8.3974027633667
248,2490.0000074237,2.4889264151032733,4.597547337808391,10,10,3.463008294280518,3.463008294280518,8.609753608703613
249,2500.000007453514,2.3500033669462783,3.9142572201575936,11,11,3.4726140875440272,3.4726140875440272,8.11288070678711
250,2510.0000074833283,2.369666404498719,4.221545855229241,13,13,3.481908053661851,3.481908053661851,8.397579193115234
251,2520.0000075131425,2.372007746278186,4.346465403751471,7,7,3.5364659453179677,3.5364659453179677,8.149100303649902
252,2530.0000075429566,2.4229819996434596,3.8170075942579285,10,10,3.6167802388773054,3.6167802388773054,8.355348587036133
253,2540.0000075727703,2.2985853707948865,4.1521381482819155,11,11,3.6436455728842922,3.6436455728842922,7.976768493652344
254,2550.0000076025844,2.308094169496508,4.1581609166217,6,6,3.6061365899746023,3.6061365899746023,7.908786773681641
255,2560.0000076323986,2.269951873041971,4.355144568841871,13,13,3.1820136459862507,3.1820136459862507,7.777383327484131
256,2570.0000076622127,2.292454873422809,4.367852051764273,6,6,3.263140952951111,3.263140952951111,7.808176517486572
257,2580.000007692027,2.3728458715217253,4.4138417512669665,9,9,3.4961734095886774,3.4961734095886774,7.427554130554199
258,2590.0000077218406,2.3624991170439027,5.373827901004112,12,12,3.416038211157034,3.416038211157034,7.960318088531494
259,2600.0000077516547,2.243034964148983,5.528266327130581,8,9,3.161254892319708,3.161254892319708,8.477401733398438
260,2610.000007781469,2.3078818035379545,5.478252468081677,23,23,3.3510847100013685,3.3510847100013685,8.18006420135498
261,2620.000007811283,2.2630537362508654,4.633612184726753,17,18,3.114037892827595,3.114037892827595,7.769847869873047
262,2630.000007841097,2.2672362028188564,4.206050383460045,12,12,3.548090624083084,3.548090624083084,7.662083625793457
263,2640.000007870911,2.1094062090399617,5.285227449766499,23,24,3.097988635578941,3.097988635578941,7.694698333740234
264,2650.000007900725,2.1783582469293696,5.682273007636424,10,11,3.4892054345899512,3.4892054345899512,8.227485656738281
265,2660.000007930539,2.364754512208267,5.5038413729423175,14,15,3.3338637348037143,3.3338637348037143,7.838445663452148
266,2670.0000079603533,2.422632326710854,4.572638792360496,16,16,3.1821327043524663,3.1821327043524663,7.3512468338012695
267,2680.0000079901674,2.3795104877980866,5.1336326338637495,22,23,3.21695445270289,3.21695445270289,7.774580955505371
268,2690.000008019981,2.4107879338648583,3.674074226090007,30,30,3.171885471634875,3.171885471634875,7.38519811630249
269,2700.0000080497953,2.325629293811236,4.344830807201566,25,25,3.221210587942503,3.221210587942503,7.4874420166015625
270,2710.0000080796094,2.2109100812638074,4.1802657602328175,16,16,3.477061554588871,3.477061554588871,7.682473182678223
271,2720.0000081094236,2.173871886400885,4.227674524129401,28,28,3.1889375269144526,3.1889375269144526,7.813560485839844
272,2730.0000081392377,2.099340953504729,4.6512832221081295,17,17,3.347449612590419,3.347449612590419,7.718989372253418
273,2740.0000081690514,2.1904131568345835,4.5717216939103285,10,10,3.324129752387752,3.324129752387752,8.106627464294434
274,2750.0000081988655,2.184418835921195,3.9557541548327695,11,11,3.357726508942801,3.357726508942801,7.801995754241943
275,2760.0000082286797,2.305069576945249,3.86610494417421,20,20,3.3455828947528805,3.3455828947528805,7.2820329666137695
276,2770.000008258494,2.228083406921404,4.061560358840564,15,15,3.3487128598692193,3.3487128598692193,7.769059181213379
277,2780.000008288308,2.281530998732943,4.996962303090377,19,20,3.2833177357399075,3.2833177357399075,7.888622283935547
278,2790.000008318122,2.1124405728245916,5.136821302139314,12,12,3.571469798399139,3.571469798399139,8.21638011932373
279,2800.000008347936,2.148041497816901,4.903175355658322,13,13,3.2081637148881454,3.2081637148881454,8.218770980834961
280,2810.00000837775,2.182001040746129,4.974559749594221,12,12,3.4900426210376323,3.4900426210376323,8.083128929138184
281,2820.000008407564,2.376977705037577,4.331227714782233,17,18,3.370016707784177,3.370016707784177,7.4844465255737305
282,2830.0000084373783,2.3204607502540124,4.110597396305436,18,18,3.2704246093067044,3.2704246093067044,7.489768981933594
283,2840.0000084671924,2.2595648780706803,4.616335238391573,17,17,3.32118614961637,3.32118614961637,7.751273155212402
284,2850.000008497006,2.384652995522402,5.155754739149455,27,29,3.122836209073796,3.122836209073796,7.643385887145996
285,2860.0000085268202,2.2689720802408018,5.130824181010073,7,7,3.4378439268271626,3.4378439268271626,8.50252628326416
286,2870.0000085566344,2.2947956084120795,5.234560699321178,17,19,3.38707096805382,3.38707096805382,7.926650047302246
287,2880.0000085864485,2.2095076441249213,5.269906614687611,12,12,3.3056573380167986,3.3056573380167986,7.7844462394714355
288,2890.0000086162627,2.3721191602327623,4.955860512812205,12,14,3.210342549484902,3.210342549484902,8.11915111541748
289,2900.0000086460764,2.310790991246835,4.833549361227562,19,21,3.3627234729631885,3.3627234729631885,7.7397284507751465
290,2910.0000086758905,2.3573470364725178,5.5853338084767605,17,19,3.3231946943095623,3.3231946943095623,8.192234992980957
291,2920.0000087057047,2.365176182430909,4.950681568615609,15,15,3.1378614893361862,3.1378614893361862,8.220756530761719
292,2930.000008735519,2.2608828102256004,5.794750874219956,10,10,3.4888228705176485,3.4888228705176485,8.254352569580078
293,2940.000008765333,2.306690033108838,5.936450004362018,7,7,3.4900358022176547,3.4900358022176547,8.744239807128906
294,2950.0000087951466,2.2576010868821164,5.379043306705698,5,6,3.4645342523572964,3.4645342523572964,8.463069915771484
295,2960.000008824961,2.3477015184074714,5.989192427409249,10,10,3.463023509419142,3.463023509419142,8.582399368286133
296,2970.000008854775,2.3751457726487177,6.395336979665248,16,17,3.341975041494239,3.341975041494239,8.748245239257812
297,2980.000008884589,2.3586807707662025,5.412665843533413,20,22,3.0941479193551134,3.0941479193551134,8.32933235168457
298,2990.000008914403,2.2707023178336927,5.624128593766477,15,15,3.4209309248442192,3.4209309248442192,8.307061195373535
299,3000.000008944217,2.383899055664015,5.000419136145042,13,15,3.113823680641559,3.113823680641559,8.172943115234375
300,3010.000008974031,2.360874215575037,5.075967126863355,21,21,3.327037011055324,3.327037011055324,7.898468971252441
301,3020.000009003845,2.2199374361488746,5.082164230777233,10,10,3.5898787570209785,3.5898787570209785,8.15619945526123
302,3030.0000090336594,2.367097027005873,4.904209334527083,11,11,3.2466378579333885,3.2466378579333885,7.9633684158325195
303,3040.0000090634735,2.497342988772115,5.057769753935792,9,10,3.4747075243093604,3.4747075243093604,8.243903160095215
304,3050.000009093287,2.5408717857851735,5.2645255400729,16,16,3.3923953802109024,3.3923953802109024,8.324209213256836
305,3060.0000091231013,2.558572158594479,4.229108023855441,17,17,3.295536074830012,3.295536074830012,7.171546459197998
306,3070.0000091529155,2.543636019291108,5.1528443898249945,11,11,3.3549241346733005,3.3549241346733005,8.102816581726074
307,3080.0000091827296,2.544593831203453,5.450412002093003,18,18,3.0590082954169833,3.0590082954169833,7.84168004989624
308,3090.000009212544,2.6032195902009545,5.710376739663626,18,18,2.9153147595111895,2.9153147595111895,7.93383264541626
309,3100.0000092423575,2.5502247020849484,4.4626059987019655,21,21,3.303904347141606,3.303904347141606,7.394007682800293
310,3110.0000092721716,2.526867982089357,4.433872704579088,9,9,3.583676597086085,3.583676597086085,7.668247699737549
311,3120.0000093019858,2.461738880861056,4.982165502715478,24,24,3.308620146622446,3.308620146622446,7.4031596183776855
312,3130.0000093318,2.5236570909917306,5.4808396907450065,2,2,3.8826817596881478,3.8826817596881478,8.202760696411133
313,3140.000009361614,2.4502939542974587,5.48927322870994,14,14,3.342111944792242,3.342111944792242,8.14481258392334
314,3150.0000093914277,2.522869410550225,5.904888170984451,24,24,3.143929589435218,3.143929589435218,8.243956565856934
315,3160.000009421242,2.576846325844251,6.196372992351054,13,13,3.4511256901059437,3.4511256901059437,8.81337833404541
316,3170.000009451056,2.4531619971217915,5.83049876851812,4,4,3.6025327946553727,3.6025327946553727,8.813822746276855
317,3180.00000948087,2.600890707136809,6.334671552729798,4,4,3.558104205128188,3.558104205128188,9.078998565673828
318,3190.0000095106843,2.459177142403362,5.5642577852062916,13,13,3.4141471199893956,3.4141471199893956,8.175339698791504
319,3200.0000095404985,2.5204243710984535,5.550467654973957,13,13,3.4921579335922317,3.4921579335922317,8.30387020111084
320,3210.000009570312,2.46522490574632,6.530007382972239,32,32,3.0228681070098933,3.0228681070098933,8.440105438232422
321,3220.0000096001263,2.4874329911267967,6.033589892149353,17,17,3.207435436338046,3.207435436338046,8.431757926940918
322,3230.0000096299405,2.5029447606043913,5.360301257159618,16,16,3.575650458401822,3.575650458401822,7.5500874519348145
323,3240.0000096597546,2.5217033903293866,5.130154647545784,24,24,3.092012921993479,3.092012921993479,7.469851016998291
324,3250.0000096895687,2.6789867131960365,5.863621967702519,22,22,3.1336379842402127,3.1336379842402127,8.276820182800293
325,3260.0000097193824,2.5767710013318066,6.690562781183622,10,10,3.414123196775975,3.414123196775975,9.207179069519043
326,3270.0000097491966,2.610884348263172,5.6157479877715595,16,16,3.4117464617412874,3.4117464617412874,8.229715347290039
327,3280.0000097790107,2.5255922388427643,6.3519585328375,13,13,3.3022163056351865,3.3022163056351865,8.437973976135254
328,3290.000009808825,2.7871333492135206,6.139069343302724,17,17,3.1392806801953763,3.1392806801953763,8.439626693725586
329,3300.000009838639,2.777559595843196,5.61906718507729,25,25,3.1283951477640306,3.1283951477640306,7.825909614562988
330,3310.0000098684527,2.692152961878866,5.7644396554406,20,20,3.238705952090967,3.238705952090967,8.01624870300293
331,3320.000009898267,2.608302694479713,6.077905817163593,18,18,3.378232302715298,3.378232302715298,8.454236030578613
332,3330.000009928081,2.807407167850476,5.43680405316668,13,13,3.4473199432407506,3.4473199432407506,8.174569129943848
333,3340.000009957895,2.7076068358962444,5.262618405177348,10,10,3.5468445853404424,3.5468445853404424,8.08272647857666
334,3350.0000099877093,2.8016431880142156,5.9328919406779,6,6,3.464945251343596,3.464945251343596,8.718367576599121
335,3360.000010017523,2.8156820266524494,5.352217652979196,18,18,3.165226743461429,3.165226743461429,8.262421607971191
336,3370.000010047337,2.7139897520735263,5.5807384048503605,23,23,2.7818673927687816,2.7818673927687816,8.325552940368652
337,3380.0000100771513,2.7871567708685916,5.640063211002277,17,17,3.361064700548096,3.361064700548096,8.136245727539062
338,3390.0000101069654,2.7479449045107693,5.464778962563195,30,30,3.0612540744817447,3.0612540744817447,8.322232246398926
339,3400.0000101367796,2.7450836682596567,5.5322301302719,27,27,3.011932157344576,3.011932157344576,8.231179237365723
340,3410.0000101665933,2.6189717646475668,6.8508645394818375,11,11,3.5288986608508557,3.5288986608508557,9.384855270385742
341,3420.0000101964074,2.5886777585565532,6.105042894463788,16,16,3.1471069837026344,3.1471069837026344,8.855762481689453
342,3430.0000102262215,2.5275408944692686,5.573727126153988,12,12,3.3391353808051623,3.3391353808051623,8.826519966125488
343,3440.0000102560357,2.4754117456807117,5.202084975674825,19,19,3.3209280333142273,3.3209280333142273,8.657761573791504
344,3450.00001028585,2.612353949375654,5.121788281358974,16,16,3.3596624667447306,3.3596624667447306,7.991861343383789
345,3460.0000103156635,2.661486870536432,5.183026200053105,17,17,3.4115144980925467,3.4115144980925467,8.340511322021484
346,3470.0000103454777,2.7230243607622504,5.234903976913166,13,13,3.280360679469823,3.280360679469823,8.716781616210938
347,3480.000010375292,2.681308162505582,4.764887427012481,11,11,3.448526179794691,3.448526179794691,8.316499710083008
348,3490.000010405106,2.895392634177616,4.798825747209862,14,14,3.1547322691891346,3.1547322691891346,8.284073829650879
349,3500.00001043492,2.8439932310999874,5.294478126444868,11,11,2.938915746671574,2.938915746671574,8.04641342163086
350,3510.000010464734,2.7775145747405414,5.264237613985425,9,9,3.692602094941775,3.692602094941775,7.975866794586182
351,3520.000010494548,2.799674554584624,5.822686455147585,9,10,3.089485626204868,3.089485626204868,8.270709991455078
352,3530.000010524362,2.7829521720364094,5.980980716884806,11,11,3.172832169605393,3.172832169605393,8.426555633544922
353,3540.0000105541762,2.7102143153687535,5.006337268947691,25,25,3.0295995240194395,3.0295995240194395,7.400187969207764
354,3550.0000105839904,2.8136386999938257,5.174806148939199,26,26,3.1245870885056535,3.1245870885056535,7.645022869110107
355,3560.000010613804,2.845614408337823,5.327686645043734,23,24,3.0189754375398588,3.0189754375398588,8.00823974609375
356,3570.000010643618,2.7712729983509727,5.587009745969405,23,23,3.3692584628926205,3.3692584628926205,7.82949686050415
357,3580.0000106734324,2.6417086976938715,5.510878336721405,21,21,3.3539492618595395,3.3539492618595395,7.933554172515869
358,3590.0000107032465,2.5254938957925406,5.350244752580184,17,17,3.254239216295933,3.254239216295933,7.694432735443115
359,3600.0000107330607,2.590194829163741,4.638232235859686,27,27,2.9279390686726576,2.9279390686726576,7.00218391418457
360,3610.0000107628744,2.545513358342165,5.266561393781991,21,21,3.193945248443971,3.193945248443971,7.687356472015381
361,3620.0000107926885,2.741002500845418,5.009793529417597,27,28,3.095121588086085,3.095121588086085,7.565357685089111
362,3630.0000108225026,2.548097461727056,4.934547766208636,24,24,3.1675092715766766,3.1675092715766766,7.561072826385498
363,3640.000010852317,2.5180084299303602,5.243173702460375,22,22,3.1525565090859686,3.1525565090859686,7.773680686950684
364,3650.000010882131,2.5715890303420577,5.397959815025327,29,29,3.17763366769787,3.17763366769787,7.743556022644043
365,3660.000010911945,2.54834173773945,5.615884022185879,26,26,2.9810122164693262,2.9810122164693262,7.753666400909424
366,3670.000010941759,2.529363757883362,5.88523707595484,19,19,3.2152346838637214,3.2152346838637214,8.1381196975708
367,3680.000010971573,2.580472932516731,6.300105253516284,14,14,2.9687524653509563,2.9687524653509563,8.32732105255127
368,3690.000011001387,2.375521752325911,5.714241269047862,21,21,3.034033904813107,3.034033904813107,8.195087432861328
369,3700.000011031201,2.2950505351961055,5.612854316723749,15,15,3.2132850320069437,3.2132850320069437,8.39350700378418
370,3710.0000110610154,2.404006358036785,5.909411758816766,14,14,3.3021895951945637,3.3021895951945637,8.202486991882324
371,3720.000011090829,2.5990354172646364,5.985391765378812,14,14,3.276721602611193,3.276721602611193,8.185731887817383
372,3730.000011120643,2.5461376850886723,6.45786190280427,10,10,3.148242055854239,3.148242055854239,8.89547061920166
373,3740.0000111504573,2.43841335579934,6.613655692304829,17,17,3.3227317854701828,3.3227317854701828,8.610711097717285
374,3750.0000111802715,2.587420648430176,6.545465434595818,25,25,3.277447150261728,3.277447150261728,8.483210563659668
375,3760.0000112100856,2.457445509731083,6.626051584462048,22,22,3.1313853824506093,3.1313853824506093,8.583968162536621
376,3770.0000112398993,2.4191897968100498,6.348594460867679,12,12,3.48089916320817,3.48089916320817,8.592004776000977
377,3780.0000112697135,2.410256420346452,6.1182335883263255,19,19,3.3752088549102988,3.3752088549102988,8.253801345825195
378,3790.0000112995276,2.624653753934179,5.8891711398356055,16,16,3.372667756352976,3.372667756352976,8.309646606445312
379,3800.0000113293418,2.592798928967655,5.975911496415181,18,19,3.279191578466118,3.279191578466118,8.31240463256836
380,3810.000011359156,2.640277782884991,5.303032452624984,20,20,3.3894438711917454,3.3894438711917454,7.649298191070557
381,3820.0000113889696,2.6386818571638213,5.304687103595899,21,21,3.192581843328975,3.192581843328975,7.564292907714844
382,3830.0000114187837,2.635421968048729,5.744895335001625,29,29,3.0234077080558905,3.0234077080558905,7.850445747375488
383,3840.000011448598,2.5229020645530893,5.840501577571311,19,19,3.109565725273243,3.109565725273243,7.746222019195557
384,3850.000011478412,2.54122390348579,5.864139263213588,14,14,3.299242694715249,3.299242694715249,8.077369689941406
385,3860.000011508226,2.4709607793664246,5.15386892515944,24,25,3.1715388292624795,3.1715388292624795,7.738737106323242
386,3870.00001153804,2.431341824533302,4.40816708504121,14,14,3.0256009900414127,3.0256009900414127,7.351223945617676
387,3880.000011567854,2.4118558249829394,4.903111185553968,10,10,3.4615412525498948,3.4615412525498948,7.9396491050720215
388,3890.000011597668,2.416252611036562,5.178720723922539,19,19,3.332333855137844,3.332333855137844,7.90770149230957
389,3900.0000116274823,2.407188000558348,4.913927728014577,15,15,3.262651836587624,3.262651836587624,7.561147212982178
390,3910.0000116572965,2.389901759660375,5.024187452512736,15,15,3.1721184546688277,3.1721184546688277,7.855502128601074
391,3920.00001168711,2.3959585142171393,6.082185883743425,17,17,3.4602708452676123,3.4602708452676123,8.1918306350708
392,3930.0000117169243,2.3587079768107637,5.74004428497492,16,16,3.174778632674639,3.174778632674639,8.109048843383789
393,3940.0000117467384,2.4994298721818726,6.157841809480249,19,19,3.1979531093685796,3.1979531093685796,8.338473320007324
394,3950.0000117765526,2.4834443872294956,5.469438783061285,12,12,3.0261397227331215,3.0261397227331215,8.259876251220703
395,3960.0000118063667,2.476402682764317,6.1671162924988465,11,11,3.11059761031812,3.11059761031812,8.677529335021973
396,3970.0000118361804,2.492649000965489,5.710436502722208,27,27,3.0539373502203917,3.0539373502203917,8.135371208190918
397,3980.0000118659946,2.3459594621320243,5.565661697318116,21,21,3.0613695107896968,3.0613695107896968,7.9903340339660645
398,3990.0000118958087,2.3275831776848555,5.8399898342871746,11,11,3.107009146688494,3.107009146688494,8.315112113952637
399,4000.000011925623,2.2994419235506838,5.499628323894393,18,18,3.3816692838608393,3.3816692838608393,8.198258399963379
400,4010.000011955437,2.133103333976275,5.973004380478536,22,22,3.101804299710959,3.101804299710959,8.263312339782715
401,4020.0000119852507,2.235858192937302,5.8857403832223785,11,11,3.5940218178151606,3.5940218178151606,8.575274467468262
402,4030.000012015065,2.2705755761866873,6.0772285212320405,15,15,3.2721187697743517,3.2721187697743517,8.334986686706543
403,4040.000012044879,2.2605705791417647,6.169327025364963,19,19,3.0906969723092477,3.0906969723092477,8.665606498718262
404,4050.000012074693,2.270853196388521,6.376458835827888,13,13,3.21591659099166,3.21591659099166,8.894612312316895
405,4060.0000121045073,2.189576448593538,6.50283349831135,14,14,3.4578347532763023,3.4578347532763023,9.124716758728027
406,4070.0000121343214,2.2374282976892244,6.571020638689286,12,12,3.5295196447820216,3.5295196447820216,9.159431457519531
407,4080.000012164135,2.157560924245025,6.218813555484098,12,12,3.2926419503435747,3.2926419503435747,9.091329574584961
408,4090.0000121939493,2.153408798702482,6.393058629578081,12,12,3.4974671149613283,3.4974671149613283,9.282670021057129
409,4100.000012223763,2.0865245069017884,5.695686708582864,25,25,3.114381692566704,3.114381692566704,8.600180625915527
410,4110.000012253578,2.081480881255639,5.6929973018230156,16,16,3.1274026270397117,3.1274026270397117,8.638725280761719
411,4120.000012283392,2.2123200358756865,5.2727951470400125,14,14,2.9684164618170805,2.9684164618170805,8.068733215332031
412,4130.000012313206,2.158107893900523,5.589068612079051,17,17,3.2184013156044404,3.2184013156044404,8.263340950012207
413,4140.00001234302,2.1609546376293487,5.5827395744019634,15,15,2.981972961293248,2.981972961293248,8.503543853759766
414,4150.000012372833,2.2987285267676265,5.733185230316116,8,8,3.234224321411008,3.234224321411008,8.268094062805176
415,4160.000012402647,2.442042022469414,5.801024375842157,18,18,3.460380532088181,3.460380532088181,8.235407829284668
416,4170.0000124324615,2.379479129695862,5.858886912805265,21,21,3.0787934971610387,3.0787934971610387,8.252533912658691
417,4180.000012462276,2.43449914603593,6.3162163177427875,14,14,2.94428995579511,2.94428995579511,8.686334609985352
418,4190.00001249209,2.2218029251470597,5.829348908539578,20,20,3.2342125337844077,3.2342125337844077,8.656610488891602
419,4200.000012521904,2.3408716824288405,4.9646997508454955,18,18,3.053737560461601,3.053737560461601,8.022817611694336
420,4210.000012551718,2.182129075420177,4.894240210652078,24,24,2.955154043411313,2.955154043411313,7.950355529785156
421,4220.000012581532,2.138382896759633,5.780867167481906,8,8,3.3360547834228425,3.3360547834228425,8.727128982543945
422,4230.000012611346,2.263595227265458,5.310487704401145,16,16,3.3816993305788214,3.3816993305788214,8.23029899597168
423,4240.0000126411605,2.283304690426252,5.729375781249554,17,17,3.264513034632418,3.264513034632418,8.296087265014648
424,4250.000012670974,2.314354652299089,6.268714593798089,15,15,3.0240712529060927,3.0240712529060927,9.095026969909668
425,4260.000012700788,2.330594349398745,5.829022503958568,9,9,3.1708981679528416,3.1708981679528416,8.48369026184082
426,4270.000012730602,2.389182690896172,5.914653263078012,18,18,3.253783806363357,3.253783806363357,8.513427734375
427,4280.000012760416,2.3129727963601256,5.356868004893145,19,19,3.1865866462576866,3.1865866462576866,7.998177528381348
428,4290.00001279023,2.4109760661241606,5.514322237292376,29,29,3.404686839347932,3.404686839347932,7.979873180389404
429,4300.0000128200445,2.480175004919738,5.131755841365093,19,19,3.0317813441525505,3.0317813441525505,8.074175834655762
430,4310.000012849859,2.4513634613425666,5.047351234217437,16,16,3.2726709496088975,3.2726709496088975,8.028704643249512
431,4320.000012879673,2.3627662988882183,4.866625054402562,28,28,3.0353049111653574,3.0353049111653574,7.601121425628662
432,4330.000012909487,2.4151106481044353,5.033527576997511,26,27,2.911669849046289,2.911669849046289,7.892589092254639
433,4340.000012939301,2.4362464138463094,5.317197579749047,14,14,3.0699206668820276,3.0699206668820276,7.933823585510254
434,4350.000012969115,2.4796499623869224,5.251948836656121,17,17,3.2229551984991933,3.2229551984991933,7.732333660125732
435,4360.0000129989285,2.3918095003259676,5.000687783717428,14,14,3.2492042233793366,3.2492042233793366,7.900014400482178
436,4370.000013028743,2.251144942162527,5.260466973521372,24,24,3.045480073963516,3.045480073963516,7.863821029663086
437,4380.000013058557,2.4270909215877814,4.662208229619014,17,17,3.371791304414297,3.371791304414297,7.245870590209961
438,4390.000013088371,2.3987558084064347,4.868372792384513,20,20,3.077193792825804,3.077193792825804,7.744307994842529
439,4400.000013118185,2.598081000420939,5.244267425314343,17,17,3.183093225423061,3.183093225423061,7.728885173797607
440,4410.000013147999,2.4565306520962067,5.385122283443713,26,26,3.0734800848500066,3.0734800848500066,7.846981048583984
441,4420.000013177813,2.435562429692936,5.62298531516727,10,10,3.165245878471529,3.165245878471529,8.301203727722168
442,4430.0000132076275,2.5078764188441824,5.357601777752598,29,29,3.239967137415357,3.239967137415357,7.9403815269470215
443,4440.000013237442,2.4412491263403657,5.6836192150261065,23,23,3.4603077469712593,3.4603077469712593,8.301290512084961
444,4450.000013267256,2.5787136507006863,4.944016290839981,12,12,3.5173234191682936,3.5173234191682936,7.836111068725586
445,4460.000013297069,2.5242354764125574,5.437825682310988,12,12,3.335542658293258,3.335542658293258,8.014069557189941
446,4470.000013326883,2.5007069104497766,5.933583693795903,23,23,3.0506002458751365,3.0506002458751365,8.127984046936035
447,4480.000013356697,2.4117384876634373,5.919117215160854,16,16,3.443683705045741,3.443683705045741,8.15677547454834
448,4490.0000133865115,2.4136510894654597,6.0855229794196255,11,11,3.281192878697692,3.281192878697692,8.402355194091797
449,4500.000013416326,2.4556016667982545,6.060448269347406,18,18,3.3030144175543126,3.3030144175543126,8.506819725036621
450,4510.00001344614,2.402669246867274,6.3335688048589045,13,13,3.3245077541015484,3.3245077541015484,8.919319152832031
451,4520.000013475954,2.4679706685126312,6.518927141654485,13,13,3.1239758625833622,3.1239758625833622,8.798133850097656
452,4530.000013505768,2.493828196937732,6.677420369080433,14,14,3.5603609746673643,3.5603609746673643,9.079195022583008
453,4540.000013535582,2.5322593953260952,6.53458489066417,20,20,3.076063091283412,3.076063091283412,8.596749305725098
454,4550.000013565396,2.476132542327107,5.844905610375529,24,24,3.412021932287164,3.412021932287164,8.058727264404297
455,4560.00001359521,2.4574816910639457,5.941521651094022,6,6,3.366355618916481,3.366355618916481,8.256921768188477
456,4570.000013625024,2.5042346252766228,5.226739298294413,21,21,3.1255413636261213,3.1255413636261213,8.184545516967773
457,4580.000013654838,2.4860572307930706,5.18113834002667,9,9,3.332075989023349,3.332075989023349,7.9216814041137695
458,4590.000013684652,2.3559695664835947,5.1788161284000775,17,17,3.323809179817565,3.323809179817565,8.195534706115723
459,4600.000013714466,2.434846720313438,5.41415873072503,21,21,3.1059376003346473,3.1059376003346473,8.350869178771973
460,4610.00001374428,2.2689452594893376,5.840579996118831,26,26,3.294141058922244,3.294141058922244,8.651823997497559
461,4620.000013774094,2.4288498763430098,5.303240670846653,28,28,3.2636948897400924,3.2636948897400924,8.475213050842285
462,4630.000013803909,2.364785774281199,5.535433088573463,12,12,3.445418358202844,3.445418358202844,8.690635681152344
463,4640.000013833723,2.459860191752096,5.14973439185976,19,19,3.053514665028265,3.053514665028265,8.115538597106934
464,4650.000013863537,2.303358313837361,5.842569290334875,25,25,3.1444575090887064,3.1444575090887064,8.412035942077637
465,4660.00001389335,2.3279825610662335,5.406648503570678,13,13,3.3822455791030634,3.3822455791030634,8.988065719604492
466,4670.000013923164,2.455265129051624,5.336601762269336,9,9,3.368759900230071,3.368759900230071,8.632607460021973
467,4680.000013952978,2.3281001365284513,5.035642390386902,11,11,3.450173130535869,3.450173130535869,8.588119506835938
468,4690.000013982793,2.405810759749313,5.348684200981412,21,21,3.1449730246164793,3.1449730246164793,8.581832885742188
469,4700.000014012607,2.5163225467181207,4.570418399916835,14,14,3.4736603179404595,3.4736603179404595,8.078612327575684
470,4710.000014042421,2.447561674963275,4.440199138072228,26,26,2.968860540070447,2.968860540070447,8.105178833007812
471,4720.000014072235,2.5795594559914954,5.094460388393273,6,6,3.4060179700259305,3.4060179700259305,8.645606994628906
472,4730.000014102049,2.505094674123399,4.163984915433507,20,20,2.815889205033528,2.815889205033528,8.068232536315918
473,4740.000014131863,2.5220969958062387,4.586780823205026,17,17,2.963208044520421,2.963208044520421,7.902054309844971
474,4750.000014161677,2.4732670096392657,4.013691505766016,21,21,3.1667636324940127,3.1667636324940127,8.135758399963379
475,4760.000014191492,2.5518915003540648,5.164802183011525,14,14,3.159321837102732,3.159321837102732,8.998734474182129
476,4770.000014221305,2.537759781255018,4.240855059460176,17,17,3.219789770979552,3.219789770979552,8.11923599243164
477,4780.000014251119,2.4199933365236186,3.8111978381210023,19,19,3.181535810331196,3.181535810331196,7.558172225952148
478,4790.000014280933,2.4296576332203688,4.265735906629308,18,18,3.0867822082680023,3.0867822082680023,8.165671348571777
479,4800.000014310747,2.5306971666362186,3.984218276063526,22,22,2.9399879782731566,2.9399879782731566,8.04720401763916
480,4810.000014340561,2.424582846125863,3.462784617805321,27,27,3.332250700078978,3.332250700078978,7.461136341094971
481,4820.0000143703755,2.322691840877057,3.244145762640344,17,17,3.234084499646728,3.234084499646728,7.489955425262451
482,4830.00001440019,2.393266819319282,3.7669026868018625,21,21,3.090639437924995,3.090639437924995,7.658746242523193
483,4840.000014430004,2.3508575549156765,3.408441675954252,15,15,3.173659159299788,3.173659159299788,7.524881362915039
484,4850.000014459818,2.3560750457536708,3.7500189440145495,14,14,3.3890963541978754,3.3890963541978754,7.757439613342285
485,4860.000014489632,2.394144724452371,3.715583265282958,19,19,3.3304898790895714,3.3304898790895714,7.964179992675781
486,4870.000014519445,2.354945820022477,4.248945339066462,5,5,3.363006575322153,3.363006575322153,8.57656478881836
487,4880.0000145492595,2.4126403731957478,3.67904665168044,14,14,3.14307973399512,3.14307973399512,8.190589904785156
488,4890.000014579074,2.3562494031362906,4.090750032736562,4,4,3.3966051372797836,3.3966051372797836,8.527352333068848
489,4900.000014608888,2.3972700671730136,4.365539739446064,15,15,3.2788469223140857,3.2788469223140857,8.220987319946289
490,4910.000014638702,2.3482596075381217,3.389152858506489,20,20,3.025066733716393,3.025066733716393,7.8457794189453125
491,4920.000014668516,2.4961337783431206,3.5528521810648868,17,17,3.2085440782945427,3.2085440782945427,8.0296630859375
492,4930.00001469833,2.4858528943662686,3.2581926276362854,13,13,3.301882633543317,3.301882633543317,8.026734352111816
493,4940.000014728144,2.4747304407223587,2.9929116272196787,13,13,3.0274189071048276,3.0274189071048276,7.640775680541992
494,4950.0000147579585,2.4390010176515613,3.6322501715264863,29,29,3.034136873173652,3.034136873173652,8.159893989562988
495,4960.000014787773,2.4567560737982137,3.6892832464161667,14,14,2.9709757859200483,2.9709757859200483,8.086142539978027
496,4970.000014817586,2.478921128195395,3.8786578296102308,14,14,3.098323006016605,3.098323006016605,8.082266807556152
497,4980.0000148474,2.509991382208414,3.482127311501856,13,13,3.1065358195858157,3.1065358195858157,7.850628852844238
498,4990.000014877214,2.5021678996083407,3.7426648160752696,17,17,3.3355782042455573,3.3355782042455573,7.978740215301514
499,5000.000014907028,2.3714149378799867,3.9134235181325954,14,14,3.377072021693618,3.377072021693618,8.161425590515137
500,5010.0000149368425,2.3591202856352793,4.312136846117743,16,16,3.1068580431324313,3.1068580431324313,8.585774421691895
501,5020.000014966657,2.4407812340817974,3.9450341366696455,9,9,3.312259674456272,3.312259674456272,8.304876327514648
502,5030.000014996471,2.436941101268373,3.7230187793370084,15,15,3.254124865591293,3.254124865591293,7.839870452880859
503,5040.000015026285,2.3719749533781824,3.8109959796354897,9,9,3.188769102361445,3.188769102361445,8.110507011413574
504,5050.000015056099,2.4722778404558152,3.6905453407580193,6,6,3.2155825421457886,3.2155825421457886,7.930212020874023
505,5060.000015085913,2.5406450969331726,4.31890843426337,14,14,2.9865272577244335,2.9865272577244335,8.292696952819824
506,5070.0000151157265,2.5873614443140585,4.040547380715647,15,15,2.98278954343521,2.98278954343521,7.73746919631958
507,5080.000015145541,2.479719100668203,4.268097181382654,19,19,3.1412961789780565,3.1412961789780565,8.054482460021973
508,5090.000015175355,2.522611358904687,4.376849412419234,8,8,3.2508923760656723,3.2508923760656723,8.152092933654785
509,5100.000015205169,2.590715510157383,4.60057690984064,16,16,3.146505666680173,3.146505666680173,8.252762794494629
510,5110.000015234983,2.619082720015903,4.73322152825109,23,23,3.0346757932955994,3.0346757932955994,8.340104103088379
511,5120.000015264797,2.625373381793033,4.149693792233399,16,16,3.399650917645944,3.399650917645944,7.942449569702148
512,5130.000015294611,2.7760223187975166,4.6448692716686155,17,17,2.8298636507053825,2.8298636507053825,7.894547462463379
513,5140.0000153244255,2.597526717549966,5.360652241701132,9,9,3.4072296293954505,3.4072296293954505,8.731698989868164
514,5150.00001535424,2.6280080999163986,5.4958379774556345,8,8,3.61590656357163,3.61590656357163,8.569894790649414
515,5160.000015384054,2.6418360526304645,5.0997874676620345,10,10,3.215344318047722,3.215344318047722,8.337010383605957
516,5170.000015413868,2.545792047275113,5.4159848188899025,15,15,3.053998626794765,3.053998626794765,8.290186882019043
517,5180.000015443681,2.469196094372251,5.730698871650878,7,7,3.25279509637778,3.25279509637778,8.262150764465332
518,5190.000015473495,2.5012347983634204,4.9944751460121894,20,20,3.1204499510795425,3.1204499510795425,8.168581008911133
519,5200.000015503309,2.527705245761096,4.6508544932538,17,17,2.9565719626224,2.9565719626224,8.110708236694336
520,5210.000015533124,2.57569126621299,5.03800325682553,6,6,3.6763778177519364,3.6763778177519364,8.765765190124512
521,5220.000015562938,2.565965492575175,5.038406429784353,9,9,3.4349077631793232,3.4349077631793232,8.45447063446045
522,5230.000015592752,2.555215291953828,4.09385759017853,24,24,2.8731700488271357,2.8731700488271357,7.6752448081970215
523,5240.000015622566,2.6100621651186815,3.846117539391241,18,18,2.8714792802983125,2.8714792802983125,7.456693172454834
524,5250.00001565238,2.538788574721944,3.6644746221314946,39,39,3.121160658951152,3.121160658951152,7.257058620452881
525,5260.000015682194,2.517126307309571,4.660448060573206,23,23,3.1402625272878297,3.1402625272878297,7.886348247528076
526,5270.0000157120085,2.496369357761304,5.388963058030818,13,13,3.158445983297579,3.158445983297579,8.57437801361084
527,5280.000015741822,2.517772489069034,4.874689458903249,12,12,3.3746304173621158,3.3746304173621158,8.123237609863281
528,5290.000015771636,2.372317776995514,4.777769070395593,22,22,3.472731260938787,3.472731260938787,8.273141860961914
529,5300.00001580145,2.5037211802666497,4.55265922087068,10,10,3.587683215752274,3.587683215752274,7.692183017730713
530,5310.000015831264,2.3203462934885297,4.488037743887329,16,16,3.5169719504754045,3.5169719504754045,7.910983085632324
531,5320.000015861078,2.368428152375503,5.222138784188776,27,27,2.9853400846440885,2.9853400846440885,8.420303344726562
532,5330.000015890892,2.4175571275012184,5.463060376412899,19,19,3.120262255775887,3.120262255775887,8.267332077026367
533,5340.000015920707,2.4599846307960287,5.259683006482675,9,9,3.197301021636662,3.197301021636662,7.874766826629639
534,5350.000015950521,2.529445344497838,4.305572165981057,22,22,3.132776573346679,3.132776573346679,7.214999198913574
535,5360.000015980335,2.5326232792233805,5.028060001714984,23,23,2.837812627628246,2.837812627628246,7.5561747550964355
536,5370.000016010149,2.4896271457220016,4.644804282991132,19,19,3.364098346187574,3.364098346187574,7.198180675506592
537,5380.000016039962,2.4996264911646184,4.8671886691961825,16,16,3.4535634138187365,3.4535634138187365,7.7873616218566895
538,5390.000016069776,2.5176663634920127,4.691752978522561,20,20,3.192885145970451,3.192885145970451,7.852737903594971
539,5400.0000160995905,2.539986944172883,4.79623775352055,18,18,3.3336543588883107,3.3336543588883107,7.818431854248047
540,5410.000016129405,2.5601277660728776,4.397991978123021,18,18,3.0558041899146233,3.0558041899146233,7.433913707733154
541,5420.000016159219,2.5626584628663647,4.212897172698866,22,22,3.0129704226905796,3.0129704226905796,7.151859283447266
542,5430.000016189033,2.4222395986510703,4.640788709304125,22,22,3.4393671855107883,3.4393671855107883,7.695305347442627
543,5440.000016218847,2.498263613951197,3.984225870251592,16,16,3.4239796494361494,3.4239796494361494,6.926329612731934
544,5450.000016248661,2.4569416011769243,3.5733129946696427,18,18,3.201589079243318,3.201589079243318,6.970439910888672
545,5460.000016278475,2.458946123255389,4.315011250033341,22,22,3.3711993735121926,3.3711993735121926,7.694292068481445
546,5470.00001630829,2.439804173484218,4.446526306845885,16,16,3.2709303510304983,3.2709303510304983,7.177382946014404
547,5480.000016338103,2.4047792038185323,4.565872710612742,17,17,3.520277636614737,3.520277636614737,7.149483680725098
548,5490.000016367917,2.3343788559714027,4.216362185815257,20,20,3.1262558421226423,3.1262558421226423,6.991264820098877
549,5500.000016397731,2.2862535054387796,4.707884888175562,16,16,3.531401820616048,3.531401820616048,7.7111992835998535
550,5510.000016427545,2.2982462545094546,5.160667374988601,13,13,3.228315913606391,3.228315913606391,8.265803337097168
551,5520.000016457359,2.356582389502082,4.680048718419195,25,25,2.851270345064221,2.851270345064221,7.866433143615723
552,5530.0000164871735,2.280476150421864,5.421433010717347,19,19,3.0754974274798146,3.0754974274798146,8.344432830810547
553,5540.000016516988,2.2213886393602005,5.586026693018494,11,11,2.9689190112614847,2.9689190112614847,8.097596168518066
554,5550.000016546802,2.3831479316279665,6.075735912833206,14,14,2.980074278508392,2.980074278508392,8.508131980895996
555,5560.000016576616,2.23758472200721,5.596567300415766,14,14,3.304106638649292,3.304106638649292,8.20219898223877
556,5570.00001660643,2.2833743415700276,5.701826532040257,20,20,3.0316165142778537,3.0316165142778537,8.144885063171387
557,5580.000016636244,2.1883442454433464,6.2441275206179725,8,8,3.5038057093386374,3.5038057093386374,9.128260612487793
558,5590.0000166660575,2.206255297393549,6.192963844077054,18,18,3.113545991382402,3.113545991382402,8.678418159484863
559,5600.000016695872,2.2153069603901283,5.501228431767699,23,23,3.0980074716120263,3.0980074716120263,8.21241283416748
560,5610.000016725686,2.328553319668292,5.523483562851681,13,13,3.266940126654665,3.266940126654665,8.33074951171875
561,5620.0000167555,2.299427264651127,5.6668270815419195,25,25,3.389688320601927,3.389688320601927,8.342195510864258
562,5630.000016785314,2.419593807017337,5.4483161224830585,19,19,3.1485334775092615,3.1485334775092615,8.318743705749512
563,5640.000016815128,2.306566081390489,6.265201515232114,20,20,2.8708561867245246,2.8708561867245246,8.664515495300293
564,5650.000016844942,2.4358268539761663,6.470949052076522,16,16,3.1369398084293434,3.1369398084293434,8.677793502807617
565,5660.0000168747565,2.332503353346905,5.945940085457793,18,18,3.152912767733511,3.152912767733511,8.780840873718262
566,5670.000016904571,2.476615098615396,6.131400715536584,10,10,3.344547126777855,3.344547126777855,8.695158004760742
567,5680.000016934385,2.3760024669497697,5.425924958244599,22,22,3.2090897546209765,3.2090897546209765,8.44034481048584
568,5690.000016964198,2.4125549637039523,5.263863879667518,6,6,3.356265313141927,3.356265313141927,7.998228549957275
569,5700.000016994012,2.413157583303981,5.52067775553993,18,18,3.3714612756714866,3.3714612756714866,7.897601127624512
570,5710.000017023826,2.49748788494713,5.88841771816667,15,15,3.3302185715053456,3.3302185715053456,8.063873291015625
571,5720.0000170536405,2.5912939935706243,5.672534325139511,12,12,3.308677806234937,3.308677806234937,8.335164070129395
572,5730.000017083455,2.3775946623366573,6.160228336743599,15,15,3.3452022566948574,3.3452022566948574,8.443615913391113
573,5740.000017113269,2.3996630274816386,5.972843313526389,16,16,3.2637777031054833,3.2637777031054833,8.314689636230469
574,5750.000017143083,2.420652546426908,5.963215792254451,15,15,3.1785019056237536,3.1785019056237536,8.381994247436523
575,5760.000017172897,2.372052860109229,5.642899119959335,12,12,3.4329598700422532,3.4329598700422532,8.303084373474121
576,5770.000017202711,2.475944912729982,6.704216375473075,8,8,3.526069347323555,3.526069347323555,9.407649993896484
577,5780.000017232525,2.4357224993991817,6.2061647351985805,16,16,3.543787498414904,3.543787498414904,8.780252456665039
578,5790.000017262339,2.610434028100287,5.726524303232403,13,13,3.3480427735865144,3.3480427735865144,8.500195503234863
579,5800.000017292153,2.482978551468796,6.1332260933443115,11,12,3.428258854304559,3.428258854304559,8.430081367492676
580,5810.000017321967,2.553170117960933,5.543038453714135,13,14,3.6112866152701892,3.6112866152701892,8.210201263427734
581,5820.000017351781,2.3977678485879967,5.40235262894061,17,17,3.24262554675376,3.24262554675376,8.101997375488281
582,5830.000017381595,2.37158856889636,5.267866621761171,12,12,3.436212212910755,3.436212212910755,7.935161113739014
583,5840.000017411409,2.345006061497279,5.101310102990948,20,22,3.4293737976773055,3.4293737976773055,7.805858135223389
584,5850.0000174412235,2.3867301317602196,5.07378638655319,17,17,3.437091094202308,3.437091094202308,8.127262115478516
585,5860.000017471038,2.4627058805094726,4.794935693510312,11,11,3.5219729731509557,3.5219729731509557,7.471624374389648
586,5870.000017500852,2.4377618039563056,4.622779264021854,19,19,3.4459319223382843,3.4459319223382843,7.011162281036377
587,5880.000017530666,2.5405022363640457,4.695953705872683,25,25,3.5052387079977825,3.5052387079977825,7.280964374542236
588,5890.000017560479,2.5260948861699495,4.885647043289943,21,21,3.2636129674607735,3.2636129674607735,7.4972100257873535
589,5900.000017590293,2.549283428972542,4.848527273156302,14,15,3.311300559739287,3.311300559739287,7.156381607055664
590,5910.000017620107,2.6294504558144953,4.971674478930027,20,20,3.329372899526135,3.329372899526135,7.2561564445495605
591,5920.000017649922,2.542675073320137,4.252209320610104,24,25,3.290973720205491,3.290973720205491,6.853779315948486
592,5930.000017679736,2.5695327202273983,3.9104689809309296,16,17,3.1963980591339434,3.1963980591339434,6.798010349273682
593,5940.00001770955,2.554284326821394,4.934900281745979,11,11,3.368848798586875,3.368848798586875,7.423087120056152
594,5950.000017739364,2.579268584338376,4.170322369802554,18,19,2.9958889870631302,2.9958889870631302,6.6482343673706055
595,5960.000017769178,2.5004389044811592,4.684037027456056,13,16,3.25872931387593,3.25872931387593,7.2233476638793945
596,5970.000017798992,2.4544552889228797,3.920219898699353,25,25,3.08080619344396,3.08080619344396,7.050462245941162
597,5980.000017828806,2.5167958910177646,4.445228401763215,15,15,3.4972801948211423,3.4972801948211423,7.5434370040893555
598,5990.000017858621,2.5157802094627564,4.292651822747977,15,16,3.489515138551638,3.489515138551638,7.307131767272949
599,6000.000017888434,2.4364070655378103,4.314386574411039,21,22,3.4790318683266332,3.4790318683266332,7.2374467849731445
600,6010.000017918248,2.447822504377732,5.215662607008525,16,17,3.2744974030759466,3.2744974030759466,7.82732629776001
601,6020.000017948062,2.4179570933893078,5.448694601752027,16,18,3.52357721239414,3.52357721239414,7.474379539489746
602,6030.000017977876,2.4832359301287528,5.216432689060507,22,23,3.213699552106047,3.213699552106047,7.4163594245910645
603,6040.00001800769,2.418955087201697,4.462772204193653,18,18,3.441119316645217,3.441119316645217,7.321160793304443
604,6050.000018037505,2.4320874896225564,4.7975096120096605,13,15,3.257607984442903,3.257607984442903,7.171440124511719
605,6060.000018067319,2.558362256927232,5.54817756555116,7,7,3.435931894608626,3.435931894608626,7.854528903961182
606,6070.000018097133,2.5925766812373543,5.1833289126263375,8,10,3.4421294877507833,3.4421294877507833,7.7642693519592285
607,6080.000018126947,2.5756234216040688,5.4905701973085,6,7,3.4650418095440303,3.4650418095440303,7.817224502563477
608,6090.000018156761,2.5493027098438783,4.441844321464609,12,12,3.1970993854729945,3.1970993854729945,7.186680316925049
609,6100.000018186574,2.5518793432300395,4.482227309454215,18,19,3.2156877486379543,3.2156877486379543,7.13637113571167
610,6110.0000182163885,2.3895675119265323,4.820245907256287,14,14,3.509032986592948,3.509032986592948,7.41292142868042
611,6120.000018246203,2.502835928830383,4.543308970017613,18,19,3.2102241061301706,3.2102241061301706,7.768720626831055
612,6130.000018276017,2.503324244437055,4.61871710385857,23,23,3.4699029398334402,3.4699029398334402,7.432613849639893
613,6140.000018305831,2.469248277524818,5.138344082834987,16,17,3.3751739322300516,3.3751739322300516,7.346439838409424
614,6150.000018335645,2.5306556254251173,4.842154320217619,9,10,2.9592534992586783,2.9592534992586783,7.146876811981201
615,6160.000018365459,2.563772679002113,4.8920137797593295,10,10,3.375793776535084,3.375793776535084,7.3571858406066895
616,6170.000018395273,2.534571888857035,4.356032241601552,22,22,3.373357438991196,3.373357438991196,6.847397327423096
617,6180.000018425088,2.566304015311325,5.906348248021289,16,16,3.280890211734037,3.280890211734037,7.734001159667969
618,6190.000018454902,2.533323366263809,5.986630331836507,2,2,3.6968978081012813,3.6968978081012813,8.015801429748535
619,6200.000018484715,2.475894874919781,6.737917667294657,13,13,3.1996187005642525,3.1996187005642525,8.403684616088867
620,6210.000018514529,2.4561556552156842,6.730230309202143,14,15,3.337954546891643,3.337954546891643,8.222434043884277
621,6220.000018544343,2.420059541786717,7.617334455371255,9,9,3.3725476817402487,3.3725476817402487,8.896244049072266
622,6230.000018574157,2.4771811476606302,8.715319973301707,4,4,3.811739703560433,3.811739703560433,9.636598587036133
623,6240.0000186039715,2.437368214541804,7.787091544484122,5,5,3.5376622563736793,3.5376622563736793,9.461344718933105
624,6250.000018633786,2.4613554168182503,6.389667041604438,5,5,3.0818284806991953,3.0818284806991953,8.457784652709961
625,6260.0000186636,2.458801551723311,6.910430511853062,16,16,3.1606863501893274,3.1606863501893274,8.750642776489258
626,6270.000018693414,2.489813820338172,6.0618954538389165,12,12,3.4232045038780883,3.4232045038780883,8.124756813049316
627,6280.000018723228,2.5871722403670985,6.313486948836685,8,9,2.953747320590259,2.953747320590259,8.318497657775879
628,6290.000018753042,2.546321514937458,6.619991940809453,11,11,3.569834497199474,3.569834497199474,8.495930671691895
629,6300.0000187828555,2.5856467302114483,7.028914343772493,8,8,3.498427338736562,3.498427338736562,8.53123664855957
630,6310.00001881267,2.6295897706841274,7.205499121583904,4,4,3.7497805495195164,3.7497805495195164,9.19934368133545
631,6320.000018842484,2.6566627997932826,5.779075360601294,12,12,3.437826143040496,3.437826143040496,7.855067729949951
632,6330.000018872298,2.6341875044892338,5.615835310069315,19,19,3.510276402253265,3.510276402253265,7.912600517272949
633,6340.000018902112,2.638713523587342,6.3326530517779345,3,3,3.3624201706404935,3.3624201706404935,8.352014541625977
634,6350.000018931926,2.6125530339268646,5.638475790819968,16,17,3.1207781921882285,3.1207781921882285,7.18278694152832
635,6360.00001896174,2.545534635632978,5.100049837600628,15,16,3.2406749280237213,3.2406749280237213,7.448407173156738
636,6370.0000189915545,2.5752187235842405,5.33401279320785,17,17,3.3132328308213523,3.3132328308213523,7.1074538230896
637,6380.000019021369,2.563089336355126,4.646316803490521,25,26,3.058732805660556,3.058732805660556,6.917789459228516
638,6390.000019051183,2.3991894847375246,6.463711115585011,15,15,3.649596419904869,3.649596419904869,8.640484809875488
639,6400.000019080997,2.49869617075771,6.099779284847218,10,10,3.3101275445194593,3.3101275445194593,8.392603874206543
640,6410.00001911081,2.5849879688797093,6.1394451701065345,10,11,3.4295618637230105,3.4295618637230105,8.640969276428223
641,6420.000019140624,2.536315077862317,6.639661976079182,16,17,3.1414236037712975,3.1414236037712975,8.623913764953613
642,6430.0000191704385,2.4192585849279022,6.947360972031383,14,14,3.449914064746741,3.449914064746741,8.811055183410645
643,6440.000019200253,2.4735461890454165,6.416922262209998,15,16,2.965296522360661,2.965296522360661,8.395670890808105
644,6450.000019230067,2.3540128316520943,6.715253571206997,7,8,3.628836738329115,3.628836738329115,8.650060653686523
645,6460.000019259881,2.4054617215321796,6.041793744535812,11,12,3.4030639372538873,3.4030639372538873,8.417290687561035
646,6470.000019289695,2.522490600843671,6.331406943211343,12,12,2.9946602667661906,2.9946602667661906,8.57010269165039
647,6480.000019319509,2.539311343819555,5.766391797703044,13,13,3.4449001464555216,3.4449001464555216,8.477270126342773
648,6490.000019349323,2.5348366295743436,6.175846290723139,12,12,3.303621898147449,3.303621898147449,8.740121841430664
649,6500.0000193791375,2.6071012675113514,5.377394303078096,12,12,3.3507297145801984,3.3507297145801984,8.223516464233398
650,6510.000019408951,2.451958285854858,4.6232561573933495,8,8,3.3146792840179176,3.3146792840179176,8.123777389526367
651,6520.000019438765,2.479702393299128,5.369604574695275,21,21,3.1635095098821173,3.1635095098821173,7.782940864562988
652,6530.000019468579,2.578384235738618,5.158850347411511,12,12,2.949159383332255,2.949159383332255,8.197537422180176
653,6540.000019498393,2.5117164314843423,4.948827878877053,15,15,3.519455518193553,3.519455518193553,7.848726749420166
654,6550.000019528207,2.5170695122937388,4.331328354152538,14,14,3.437622284606218,3.437622284606218,7.6298508644104
655,6560.000019558021,2.5509722346417893,5.298134431995015,13,13,3.5253307682698916,3.5253307682698916,8.215103149414062
656,6570.000019587836,2.599993526537893,4.805075656767075,26,28,3.166137937429681,3.166137937429681,7.7859625816345215
657,6580.00001961765,2.6452244317208096,4.375413519778831,12,14,3.2070812614438706,3.2070812614438706,7.103108882904053
658,6590.000019647464,2.559047862540926,4.41582788518973,22,24,3.4349041251196413,3.4349041251196413,7.823771953582764
659,6600.000019677278,2.505409938274515,4.982255355851342,9,9,3.504535361924356,3.504535361924356,8.215682029724121
660,6610.000019707091,2.65434157890558,4.5226448873737155,22,22,3.5100072733874477,3.5100072733874477,7.655944347381592
661,6620.000019736905,2.557391174807009,3.3918654943047377,15,15,3.299716874985327,3.299716874985327,7.404525279998779
662,6630.00001976672,2.537172137824297,3.484403933685511,16,16,3.4552717337059717,3.4552717337059717,6.885189533233643
663,6640.000019796534,2.5845230543681064,3.5854857587923723,18,18,3.467693491394698,3.467693491394698,7.126709461212158
664,6650.000019826348,2.409658261172579,4.158416677995152,13,13,3.269415968113162,3.269415968113162,7.664069652557373
665,6660.000019856162,2.519347379193701,5.200514466772905,17,17,3.480989705889983,3.480989705889983,7.995344161987305
666,6670.000019885976,2.507112329201751,4.231974632685172,30,30,3.369916758772612,3.369916758772612,7.603526592254639
667,6680.00001991579,2.39047538603282,4.388477908085283,19,19,3.481634399256618,3.481634399256618,7.730954647064209
668,6690.000019945604,2.491024024887524,3.705486055161159,22,22,3.3678100612803217,3.3678100612803217,7.052290439605713
669,6700.000019975419,2.537046893426346,3.840800383422961,13,13,3.509340428850749,3.509340428850749,6.8110737800598145
670,6710.000020005232,2.4374850791653113,4.648442214260966,29,29,3.3735605784493443,3.3735605784493443,7.559736251831055
671,6720.000020035046,2.503268799562127,4.615940472629776,25,26,3.3813731091991577,3.3813731091991577,7.1974196434021
672,6730.00002006486,2.580441397261249,4.787276846463083,13,14,3.498435168720984,3.498435168720984,7.469230651855469
673,6740.000020094674,2.5804975362428166,4.8066275869090695,12,13,3.343694001713623,3.343694001713623,7.569465160369873
674,6750.000020124488,2.610457748072405,4.689669419569671,35,37,2.9665683569499133,2.9665683569499133,7.071666717529297
675,6760.000020154303,2.491414235128161,4.6985995154613995,18,20,3.5739452424718188,3.5739452424718188,7.327053070068359
676,6770.000020184117,2.465301986281451,4.339532673340998,17,17,3.366837561256188,3.366837561256188,7.062464237213135
677,6780.000020213931,2.4290872781623296,4.998616284827022,23,23,3.0028663335253114,3.0028663335253114,7.394625186920166
678,6790.000020243745,2.4522436372961165,4.960005571528909,25,25,3.36364254985965,3.36364254985965,7.471717357635498
679,6800.000020273559,2.4149281333034014,5.590836754323643,13,16,3.234567907390493,3.234567907390493,8.081608772277832
680,6810.000020303372,2.3895930530302945,4.5907250090669125,24,25,3.3445321701327386,3.3445321701327386,7.201258182525635
681,6820.0000203331865,2.442418302684956,4.457387830231569,25,25,3.329779710026228,3.329779710026228,7.788158416748047
682,6830.000020363001,2.4900347929249897,4.955420120720211,17,17,3.2503510731863137,3.2503510731863137,8.119507789611816
683,6840.000020392815,2.404142335685691,5.015048723448021,11,11,3.3609139136281256,3.3609139136281256,7.726334095001221
684,6850.000020422629,2.425152708087676,4.715509146194381,15,15,3.4330731722607704,3.4330731722607704,7.509232044219971
685,6860.000020452443,2.4471349818888166,4.583798203314914,28,29,3.2523006736393514,3.2523006736393514,7.195287704467773
686,6870.000020482257,2.38508202638775,4.025830338964201,22,23,3.1806153808154343,3.1806153808154343,6.99396276473999
687,6880.000020512071,2.4223503688054056,4.373233881232568,20,20,3.287725150762103,3.287725150762103,7.4930901527404785
688,6890.0000205418855,2.4420973003027644,4.757841834023257,17,17,3.4414354878298545,3.4414354878298545,7.341944217681885
689,6900.0000205717,2.51885474339702,5.391408304161734,27,30,3.271665855803732,3.271665855803732,7.883242607116699
690,6910.000020601514,2.408800657836291,4.828069900209424,31,31,3.1652118943445307,3.1652118943445307,7.126718044281006
691,6920.000020631327,2.3894831420745297,4.588218087905773,21,21,3.3933710913241057,3.3933710913241057,7.847115516662598
692,6930.000020661141,2.600822936334977,5.0273891508688004,19,19,3.2042464447923913,3.2042464447923913,8.035581588745117
693,6940.000020690955,2.4369981471001654,4.341196045028219,15,16,3.5149010449586098,3.5149010449586098,7.65643835067749
694,6950.0000207207695,2.461588944417064,4.8116932795394725,31,31,3.2741259813601857,3.2741259813601857,7.403197765350342
695,6960.000020750584,2.447628819228797,4.8909454056425234,19,19,3.317075937345304,3.317075937345304,7.8795166015625
696,6970.000020780398,2.370679993709847,4.994981649403043,24,24,3.3950398192623625,3.3950398192623625,7.989593029022217
697,6980.000020810212,2.4814025552552224,5.118086002370154,14,14,3.4649710611106874,3.4649710611106874,8.211928367614746
698,6990.000020840026,2.4119951881510135,5.005860995938589,20,22,3.355117371246763,3.355117371246763,7.991296768188477
699,7000.00002086984,2.39004120500829,4.660617699086325,24,26,3.354304228379837,3.354304228379837,7.575303077697754
700,7010.000020899654,2.409970627289214,4.872344943892397,12,13,3.2429915665690454,3.2429915665690454,7.842273712158203
701,7020.000020929468,2.3965024033146682,4.701422059554662,12,14,3.4234380248255274,3.4234380248255274,7.872994899749756
702,7030.000020959282,2.4942939751924547,4.787617724045696,24,24,3.4422318785720143,3.4422318785720143,7.807355880737305
703,7040.000020989096,2.532720507815214,5.290663489256667,23,24,3.412182601553319,3.412182601553319,8.424583435058594
704,7050.00002101891,2.4925866366148357,5.023463513237674,23,23,3.3321455253490253,3.3321455253490253,8.49409294128418
705,7060.000021048724,2.405354288329487,5.304792056561972,15,15,3.4403696144223552,3.4403696144223552,8.413039207458496
706,7070.000021078538,2.5605347194869736,4.894276674378331,14,14,3.291578039352509,3.291578039352509,8.556544303894043
707,7080.0000211083525,2.535744796797169,4.877587182456081,14,14,3.3557820834787835,3.3557820834787835,8.156044006347656
708,7090.000021138167,2.4513495111920736,5.037243517843564,13,14,3.187207283323637,3.187207283323637,8.388604164123535
709,7100.000021167981,2.5409904417825526,5.374928176655159,14,14,3.39081601686245,3.39081601686245,8.67683219909668
710,7110.000021197795,2.441261767840663,4.960624506876581,21,22,3.225014527074207,3.225014527074207,8.02587604522705
711,7120.000021227608,2.4543544603525635,4.882426077840641,27,29,3.048903754572129,3.048903754572129,7.654455661773682
712,7130.000021257422,2.335184080222567,5.219845010921579,28,30,2.976461707273967,2.976461707273967,7.914187431335449
713,7140.000021287236,2.2898973338078603,5.247692617496591,14,14,3.456731197685074,3.456731197685074,7.808002948760986
714,7150.000021317051,2.43440577206711,5.139122192443895,24,24,3.299373486328321,3.299373486328321,8.02154541015625
715,7160.000021346865,2.38833950288179,4.853456359513836,11,13,3.36947505960455,3.36947505960455,7.860771179199219
716,7170.000021376679,2.3787839321535102,4.407589020524433,15,15,3.1391654006784044,3.1391654006784044,7.737410068511963
717,7180.000021406493,2.4714697745045444,5.142853759179473,18,20,2.9789449315435297,2.9789449315435297,7.700198173522949
718,7190.000021436307,2.409997441580997,5.787257297137897,22,22,3.4239007928309295,3.4239007928309295,7.871829986572266
719,7200.000021466121,2.385183686938936,5.459176747331663,27,28,3.1383450901917183,3.1383450901917183,7.830159664154053
720,7210.0000214959355,2.3980157559245447,5.155531415236653,19,19,3.4441147990175995,3.4441147990175995,7.862582206726074
721,7220.000021525749,2.4725205700545665,5.0164562395949055,26,26,3.206041266116763,3.206041266116763,7.677682876586914
722,7230.000021555563,2.5267285516629996,4.6519037836162465,21,22,3.4460404687514505,3.4460404687514505,7.5738348960876465
723,7240.000021585377,2.3914624453033624,5.126964798781908,30,33,3.114190630953893,3.114190630953893,7.492560863494873
724,7250.000021615191,2.4359114166789775,5.280927640678902,15,15,3.540262628895018,3.540262628895018,8.012372016906738
725,7260.000021645005,2.4006424443333447,4.648917327574965,13,14,3.480560704397256,3.480560704397256,7.478961944580078
726,7270.000021674819,2.337066675778213,5.528176301660444,14,14,3.1676820875360154,3.1676820875360154,7.8682026863098145
727,7280.000021704634,2.37040575003899,5.494379822258264,15,15,3.207652884282197,3.207652884282197,8.269835472106934
728,7290.000021734448,2.3348640167226162,5.389168380933455,23,23,3.0790115304151486,3.0790115304151486,8.017772674560547
729,7300.000021764262,2.3810594873766244,4.954957374314719,21,23,3.281492302155633,3.281492302155633,7.611454486846924
730,7310.000021794076,2.4301169781500738,5.192934539551525,14,14,3.495857008290161,3.495857008290161,7.92335844039917
731,7320.00002182389,2.3936915010550197,5.170710979918234,25,27,3.450975946466398,3.450975946466398,7.4552459716796875
732,7330.000021853703,2.325684651144104,5.254576778716951,18,19,3.45602045880038,3.45602045880038,7.645941734313965
733,7340.000021883518,2.319004781648557,4.983196182053085,21,21,3.41033744772782,3.41033744772782,7.818953990936279
734,7350.000021913332,2.4499228876551866,5.422647845777994,18,20,3.307243184755295,3.307243184755295,7.900045871734619
735,7360.000021943146,2.468608213440372,5.3675872078850135,19,19,3.248298389466887,3.248298389466887,8.332655906677246
736,7370.00002197296,2.4533133246607184,5.322934728079802,27,29,3.158814767388101,3.158814767388101,7.642066955566406
737,7380.000022002774,2.3616801201696513,5.275597588420288,24,24,3.355324336980101,3.355324336980101,7.9165425300598145
738,7390.000022032588,2.483979696033634,5.182969722419322,17,18,3.1628217438104502,3.1628217438104502,8.20149040222168
739,7400.000022062402,2.4502601164847437,4.481445353458063,18,18,3.1780027217446642,3.1780027217446642,7.954538345336914
740,7410.000022092217,2.3688248693421676,4.652885559197936,19,19,3.145879983772521,3.145879983772521,7.928539752960205
741,7420.000022122031,2.325355353588478,4.791001637224021,25,25,3.196977494234662,3.196977494234662,8.093679428100586
742,7430.000022151844,2.3879823389853736,5.932166693901657,7,7,3.5419215046961243,3.5419215046961243,8.7921781539917
743,7440.000022181658,2.3729213420506645,5.083366715128189,22,24,3.0128648027734686,3.0128648027734686,8.100507736206055
744,7450.000022211472,2.342268865081545,5.361348845294629,21,23,3.1470651896765927,3.1470651896765927,8.134782791137695
745,7460.000022241286,2.301481399341127,4.593345925956753,17,17,3.282261311881428,3.282261311881428,7.682974338531494
746,7470.0000222711005,2.378892412514827,4.6323043016423675,23,25,3.2554619635922117,3.2554619635922117,7.659239768981934
747,7480.000022300915,2.414400611697502,5.421200464171619,17,17,3.418715871081016,3.418715871081016,8.370177268981934
748,7490.000022330729,2.3529223081371913,4.213911365322485,21,21,3.14329752308881,3.14329752308881,7.369923114776611
749,7500.000022360543,2.3736752877280156,4.556564958235406,17,17,3.3564469241330737,3.3564469241330737,7.580624103546143
750,7510.000022390357,2.3539597352622015,4.2143899835614675,20,20,3.380303577644687,3.380303577644687,7.6075873374938965
751,7520.000022420171,2.399510308556654,4.271258611022732,17,17,3.4401003824230507,3.4401003824230507,7.606395244598389
752,7530.0000224499845,2.3188536449616146,4.755847301098217,19,19,3.1703205928521956,3.1703205928521956,7.697056293487549
753,7540.000022479799,2.3379691728987515,4.891468821149516,19,20,3.3203919897986762,3.3203919897986762,7.8450517654418945
754,7550.000022509613,2.35917766134837,4.663098352649977,27,27,3.0621016755909007,3.0621016755909007,7.817894458770752
755,7560.000022539427,2.395404701724075,4.317719993525967,16,16,3.4828808560486353,3.4828808560486353,7.896462917327881
756,7570.000022569241,2.3932943525132715,4.641163185828212,18,18,3.1635360776113686,3.1635360776113686,7.639876842498779
757,7580.000022599055,2.400714706167745,4.034709036164403,24,24,3.31253301310665,3.31253301310665,7.344673156738281
758,7590.000022628869,2.385409155728295,4.5110372799492575,19,19,3.051892348237735,3.051892348237735,7.051419258117676
759,7600.0000226586835,2.414225961029423,4.556393872086931,32,32,3.305742437132222,3.305742437132222,7.278900146484375
760,7610.000022688498,2.319564643429525,3.905660567414828,28,28,3.4761161569964085,3.4761161569964085,6.732219696044922
761,7620.000022718312,2.2560284231476535,4.218345519080497,25,25,3.3463488722122556,3.3463488722122556,7.102404594421387
762,7630.000022748125,2.3643975531351242,4.590215322210725,28,29,3.2960324451836316,3.2960324451836316,7.130436897277832
763,7640.000022777939,2.4398826458144134,4.405443340177355,27,27,3.3988020004351682,3.3988020004351682,6.99398946762085
764,7650.000022807753,2.416411088952921,4.179889318097534,26,26,3.3073719440722664,3.3073719440722664,7.162271499633789
765,7660.0000228375675,2.3975874739187204,5.388133792880492,23,23,3.307511541874547,3.307511541874547,7.448641300201416
766,7670.000022867382,2.4260896829547147,4.420703038646284,23,23,3.1304500354407905,3.1304500354407905,7.046656608581543
767,7680.000022897196,2.448274611317557,4.881471699748231,16,17,3.330253384012383,3.330253384012383,7.836744785308838
768,7690.00002292701,2.425752140155449,5.359808509279531,21,21,3.027348834994042,3.027348834994042,8.486760139465332
769,7700.000022956824,2.4307406474919206,4.930758913162496,16,16,3.417306399370951,3.417306399370951,8.214344024658203
770,7710.000022986638,2.464445801358135,4.9127879972027895,13,13,3.54726672867037,3.54726672867037,7.927422523498535
771,7720.000023016452,2.491747365600354,4.716095669304117,20,20,3.265826476028467,3.265826476028467,7.331693649291992
772,7730.0000230462665,2.4273540289768927,4.798000595798561,28,28,3.080953617349376,3.080953617349376,6.848556041717529
773,7740.00002307608,2.530872852057309,4.735644622614807,37,37,2.9502826891978344,2.9502826891978344,6.9045562744140625
774,7750.000023105894,2.4144723719262613,4.328036684027001,26,26,3.1270461175138986,3.1270461175138986,7.139908790588379
775,7760.000023135708,2.3797774746052456,4.724120004105874,30,30,3.2865806798809754,3.2865806798809754,6.683748245239258
776,7770.000023165522,2.343388155266955,5.404163803220451,22,22,3.362862298699943,3.362862298699943,7.549020767211914
777,7780.000023195336,2.420654302353952,4.541173750523933,25,25,3.4044302809959017,3.4044302809959017,6.962233543395996
778,7790.0000232251505,2.4102599009145953,4.609939877925518,23,23,3.0948644273909225,3.0948644273909225,7.082364559173584
779,7800.000023254965,2.3616608879717385,4.276415306689987,33,33,3.208800272847906,3.208800272847906,6.696224689483643
780,7810.000023284779,2.3976800212027327,4.388337814159594,38,38,3.2449557665846265,3.2449557665846265,7.080942153930664
781,7820.000023314593,2.3726420398981456,4.833601936741802,32,32,3.0416903579820747,3.0416903579820747,7.206452369689941
782,7830.000023344407,2.4181247237729755,4.404577105150443,33,33,3.4594899382732414,3.4594899382732414,7.629262447357178
783,7840.00002337422,2.490023262199609,4.4343320709091,11,11,3.5525486646446227,3.5525486646446227,7.497289180755615
784,7850.000023404034,2.6044615700981892,4.386999765104968,33,33,3.105043742222399,3.105043742222399,7.28639030456543
785,7860.000023433849,2.3827893402464917,4.800370447297408,26,26,3.0565790817260208,3.0565790817260208,7.396371841430664
786,7870.000023463663,2.4760645381660376,4.301118304116621,32,32,3.146348491444072,3.146348491444072,7.059820175170898
787,7880.000023493477,2.556952341166619,4.56728102563514,29,30,3.212893627786428,3.212893627786428,7.2596869468688965
788,7890.000023523291,2.5353331974159006,4.315948260307561,35,36,3.338918566534741,3.338918566534741,7.422519683837891
789,7900.000023553105,2.459284491445785,4.535748900687888,11,11,3.6503668197409014,3.6503668197409014,7.925595760345459
790,7910.000023582919,2.4418125442350584,4.0216890148428615,16,16,3.517177897085565,3.517177897085565,7.535513877868652
791,7920.0000236127335,2.4549759521343653,3.6740768966428172,20,20,3.3283028015492433,3.3283028015492433,6.9585113525390625
792,7930.000023642548,2.5383915102753813,3.892239694410756,12,12,3.2952078490061956,3.2952078490061956,7.479725360870361
793,7940.000023672361,2.4776105960000745,4.529740723586157,24,24,3.3053833086818805,3.3053833086818805,7.385121822357178
794,7950.000023702175,2.4943975501914553,5.0256736447101655,21,21,3.181761920840176,3.181761920840176,7.719966888427734
795,7960.000023731989,2.4497407959165143,5.713329772696778,15,15,3.403434426564651,3.403434426564651,8.269271850585938
796,7970.000023761803,2.430733292018429,5.638435813827658,22,22,3.2577559603768194,3.2577559603768194,8.322813987731934
797,7980.000023791617,2.4196137740959975,5.550340851238628,9,9,3.364956970286113,3.364956970286113,8.202638626098633
798,7990.000023821432,2.3878125633198697,4.954032350676567,27,27,3.227065855966043,3.227065855966043,7.704745769500732
799,8000.000023851246,2.2738448569228744,4.681255377416358,21,21,3.4742009321116125,3.4742009321116125,7.172282695770264
800,8010.00002388106,2.4154502305765804,4.816104035104949,22,22,3.1868109983238284,3.1868109983238284,7.245171070098877
801,8020.000023910874,2.3548977971557292,4.397911620404109,22,22,3.0793942781859562,3.0793942781859562,7.27647590637207
802,8030.000023940688,2.4094577362066527,3.950536177288834,25,25,3.3389450115949924,3.3389450115949924,7.2720746994018555
803,8040.000023970501,2.4617128039306495,3.6257559889302104,23,23,3.1845283147770878,3.1845283147770878,7.217146396636963
804,8050.0000240003155,2.425715335687519,4.719185976030113,11,11,3.4056772982178547,3.4056772982178547,8.221903800964355
805,8060.00002403013,2.467513711481361,3.421699357691255,22,22,3.1728187356282644,3.1728187356282644,6.932609558105469
806,8070.000024059944,2.412480383896186,4.526632177183931,32,32,3.1242617578261807,3.1242617578261807,7.435332775115967
807,8080.000024089758,2.381660584700305,4.67418430550594,25,25,3.081489388570715,3.081489388570715,7.521916389465332
808,8090.000024119572,2.3794342601343046,4.67167899823716,12,12,3.271377071356004,3.271377071356004,8.178632736206055
809,8100.000024149386,2.396548323335071,4.918725876455669,28,28,3.2374594879552654,3.2374594879552654,8.31705379486084
810,8110.0000241792,2.4556805173299225,4.755009903503963,27,27,2.924178821340092,2.924178821340092,8.220616340637207
811,8120.000024209015,2.434041098606866,4.62622587441749,24,24,3.195787891546942,3.195787891546942,8.115934371948242
812,8130.000024238829,2.426564166934395,4.0940539541700645,21,21,3.2219004724731337,3.2219004724731337,7.58022928237915
813,8140.000024268643,2.378775948558752,4.517906312590425,13,13,3.4122018749631757,3.4122018749631757,8.058720588684082
814,8150.000024298456,2.347878181901193,4.026104512131569,30,30,3.121179214882717,3.121179214882717,7.810143947601318
815,8160.00002432827,2.303217390562633,4.103467057690444,23,23,3.1309991201567136,3.1309991201567136,7.537751197814941
816,8170.000024358084,2.3167071359499247,4.889858320778634,15,15,3.4487113492289305,3.4487113492289305,8.131823539733887
817,8180.0000243878985,2.332331080058292,4.6227987100526065,17,17,3.1798569424406407,3.1798569424406407,7.7699875831604
818,8190.000024417713,2.325609640770818,4.479984969304035,20,20,3.2166555743147867,3.2166555743147867,7.587274074554443
819,8200.000024447527,2.285956472288675,4.62343656818712,21,21,3.1882902583234327,3.1882902583234327,7.730871677398682
820,8210.00002447734,2.4585406841262762,5.588597626293486,21,21,3.3127436413780136,3.3127436413780136,8.709906578063965
821,8220.000024507155,2.460813339626303,4.912029879688843,16,16,3.071378176578751,3.071378176578751,8.585671424865723
822,8230.000024536968,2.489365715847973,4.549212537145341,29,29,3.0724063898298724,3.0724063898298724,7.795440196990967
823,8240.000024566783,2.4152654758051395,4.651918978491706,21,21,3.21686012025883,3.21686012025883,8.119414329528809
824,8250.000024596597,2.3233106572584443,3.6753116908763652,31,31,3.2372156946280946,3.2372156946280946,7.347353458404541
825,8260.000024626412,2.439381580320614,4.743537876296538,19,19,3.374467163198043,3.374467163198043,7.93596887588501
826,8270.000024656225,2.4269042300191748,4.091215824733564,25,25,3.1453693065745685,3.1453693065745685,7.549053192138672
827,8280.00002468604,2.508326890052092,4.5031263505387775,21,21,3.2605819239135516,3.2605819239135516,7.824939727783203
828,8290.000024715853,2.4235318052126873,4.586394094299354,16,16,3.6153897723353134,3.6153897723353134,8.067831039428711
829,8300.000024745666,2.4592956565284383,4.633058091311528,15,15,3.371449934549608,3.371449934549608,7.8241705894470215
830,8310.000024775482,2.375718396483482,5.014249577200175,22,22,3.171643500378762,3.171643500378762,8.075113296508789
831,8320.000024805295,2.5190245901857393,5.292765004149182,15,15,3.3055297367820056,3.3055297367820056,8.666797637939453
832,8330.00002483511,2.600789847886814,4.785492069403184,27,27,3.1772160732053414,3.1772160732053414,8.055732727050781
833,8340.000024864923,2.593517870865769,5.020937222070719,16,16,3.4278209755582285,3.4278209755582285,8.261556625366211
834,8350.000024894738,2.696996624796822,5.220524661233296,18,18,3.21816796943841,3.21816796943841,8.541022300720215
835,8360.000024924551,2.6960619246192135,6.130567920804834,15,15,3.5580406934909727,3.5580406934909727,8.782938957214355
836,8370.000024954366,2.649680689981904,5.746822474198531,24,24,3.4243759290877254,3.4243759290877254,8.343371391296387
837,8380.00002498418,2.629557528033319,6.01324558980329,5,5,3.474158886887986,3.474158886887986,8.779282569885254
838,8390.000025013995,2.662617572721358,6.698365492189262,13,13,3.4692872275984183,3.4692872275984183,9.136225700378418
839,8400.000025043808,2.5521231639353714,5.718289378092207,19,20,3.3566420554902825,3.3566420554902825,8.18719482421875
840,8410.000025073621,2.6129347843281545,6.753930017417512,5,5,3.628661766586094,3.628661766586094,9.315135955810547
841,8420.000025103436,2.6070082722219654,5.227966282292505,22,23,3.275408394357658,3.275408394357658,7.524442672729492
842,8430.00002513325,2.609462550596568,5.986993204156584,18,18,3.323042627672249,3.323042627672249,8.306760787963867
843,8440.000025163064,2.513598830413327,6.011708829413936,7,7,3.7810091325524615,3.7810091325524615,8.860130310058594
844,8450.000025192878,2.5498830023979426,6.742915141780114,17,17,3.4275923530592185,3.4275923530592185,9.08763313293457
845,8460.000025222693,2.544187225997709,5.785438057935688,11,11,3.207573882806292,3.207573882806292,8.371063232421875
846,8470.000025252506,2.594262439131273,6.233204490728801,11,11,3.6119902683691625,3.6119902683691625,8.389801979064941
847,8480.000025282321,2.6446516488670406,5.898010762840449,8,9,3.5033510765202878,3.5033510765202878,8.339689254760742
848,8490.000025312134,2.5506806895763927,6.810400166210703,11,11,3.6739528741762078,3.6739528741762078,8.885979652404785
849,8500.000025341948,2.547336500650561,6.869210199992535,15,15,3.4391737741870267,3.4391737741870267,8.962092399597168
850,8510.000025371763,2.583310152818798,5.808109434139696,26,28,3.4391784935453487,3.4391784935453487,8.155843734741211
851,8520.000025401576,2.607153281320234,5.911481229365639,14,16,3.655794546904287,3.655794546904287,8.31899642944336
852,8530.00002543139,2.4945532146600473,6.394671900560721,15,15,3.580790140190779,3.580790140190779,8.591270446777344
853,8540.000025461204,2.468196368362454,6.568816256882247,16,17,3.272807375718919,3.272807375718919,8.55772876739502
854,8550.00002549102,2.5773035508195776,6.185179626520556,17,18,3.503768538036611,3.503768538036611,8.765022277832031
855,8560.000025520832,2.6491129550752577,6.653130544086362,10,10,3.498210427636447,3.498210427636447,8.890929222106934
856,8570.000025550647,2.614581815483338,6.057402689511025,20,20,3.571194584702593,3.571194584702593,8.742728233337402
857,8580.00002558046,2.7091444120257906,5.696248336337575,9,9,3.493109110381603,3.493109110381603,8.405800819396973
858,8590.000025610276,2.7633563465179884,5.708769450376362,18,20,3.423843143737746,3.423843143737746,8.406439781188965
859,8600.000025640089,2.8309490698623225,5.869281484502889,7,7,3.612809217193407,3.612809217193407,8.760139465332031
860,8610.000025669902,2.8156985831246883,5.137685347219028,15,15,3.447199685494891,3.447199685494891,8.264668464660645
861,8620.000025699717,2.6582487389268654,5.985011724052333,18,20,3.337216905878884,3.337216905878884,8.649571418762207
862,8630.00002572953,2.6939448919519875,6.268199016438382,17,18,3.517966022073742,3.517966022073742,8.807838439941406
863,8640.000025759346,2.7143555005430824,6.5104790990175605,9,10,3.484512195591662,3.484512195591662,9.275386810302734
864,8650.000025789159,2.638905242278118,5.990486076196281,19,20,3.5088921993456177,3.5088921993456177,8.451642036437988
865,8660.000025818974,2.593322913266479,5.7490235786138495,24,24,3.352057548992408,3.352057548992408,8.617098808288574
866,8670.000025848787,2.5339975154157264,5.93675651549487,11,12,3.587755363316191,3.587755363316191,8.798956871032715
867,8680.000025878602,2.5098025950062604,6.626425187379849,13,13,3.374258950942205,3.374258950942205,9.147148132324219
868,8690.000025908415,2.669991889227433,5.629361196468255,29,29,3.147056291014438,3.147056291014438,8.41688060760498
869,8700.00002593823,2.6945181426589553,4.997446362450343,19,19,3.0843900647250395,3.0843900647250395,8.081502914428711
870,8710.000025968044,2.5758686632062564,5.4809245398946596,23,25,3.3980627396115812,3.3980627396115812,8.086858749389648
871,8720.000025997857,2.758249790919722,5.305918905925873,8,8,3.322535737992084,3.322535737992084,8.467580795288086
872,8730.000026027672,2.6237760262122243,5.24500746769655,18,18,3.29122810086621,3.29122810086621,8.575180053710938
873,8740.000026057485,2.604965745861703,5.840855288654397,19,19,3.3263849759208037,3.3263849759208037,8.768258094787598
874,8750.0000260873,2.6089825709446948,5.7485694124291635,20,20,3.39885756942333,3.39885756942333,8.468689918518066
875,8760.000026117114,2.5655378705498895,6.503604962927954,10,10,3.6207552590819856,3.6207552590819856,9.162015914916992
876,8770.000026146929,2.523124883816923,6.142416674793159,11,11,3.487920909299067,3.487920909299067,9.10544204711914
877,8780.000026176742,2.4937603280957865,5.419903009197394,14,14,3.453149051652339,3.453149051652339,8.425378799438477
878,8790.000026206557,2.5466032645177283,4.994545917645097,15,15,3.6002519062267284,3.6002519062267284,8.37072467803955
879,8800.00002623637,2.616488246071386,5.506001264226133,21,23,3.506921982665824,3.4902892024676397,8.674189567565918
880,8810.000026266183,2.5843101198737264,5.469395241407451,14,16,3.1592238714863443,3.1592238714863443,8.49901008605957
881,8820.000026295998,2.620608538476098,6.657213658024175,8,9,3.5381812892376523,3.5381812892376523,9.284235954284668
882,8830.000026325812,2.613266462677086,5.597098681585847,11,11,3.6518540358258913,3.6518540358258913,8.457320213317871
883,8840.000026355627,2.581425376706693,5.574477835216423,14,14,3.605618637936062,3.605618637936062,8.535990715026855
884,8850.00002638544,2.6068421985273886,5.779256419750263,16,16,3.2956895413731204,3.2956895413731204,8.786896705627441
885,8860.000026415255,2.4306893522213544,6.453424577851876,20,20,3.3618143009211847,3.3618143009211847,9.084043502807617
886,8870.000026445068,2.478722621155541,5.765769690255883,15,15,3.6331631054177125,3.6331631054177125,8.663982391357422
887,8880.000026474883,2.529154157171301,6.184842737632339,9,9,3.5061698622086848,3.5061698622086848,9.096925735473633
888,8890.000026504697,2.5497697787396456,6.667350352108625,16,16,3.619292207724319,3.619292207724319,9.225127220153809
889,8900.000026534512,2.6058521578357565,6.285657476120682,12,12,3.461479671295156,3.461479671295156,9.037895202636719
890,8910.000026564325,2.615108389389054,6.6808619355430245,10,11,3.527559325902456,3.527559325902456,9.39035415649414
891,8920.000026594138,2.6276209930798404,6.335039787534171,18,18,3.302944690699924,3.302944690699924,8.832609176635742
892,8930.000026623953,2.6131516152433116,6.873923075306743,13,13,3.642341760944062,3.642341760944062,9.12994384765625
893,8940.000026653766,2.5681031848102203,7.026814384068896,10,10,3.4663389417396955,3.4663389417396955,9.58458423614502
894,8950.000026683581,2.578294027642206,6.585123735429514,10,10,3.5021963193210963,3.5021963193210963,9.093174934387207
895,8960.000026713395,2.47955250689558,6.659444639867265,16,17,3.3689625373048493,3.3689625373048493,9.159510612487793
896,8970.00002674321,2.5627466034609405,6.5114754159331385,11,11,3.19077593620711,3.19077593620711,9.2672119140625
897,8980.000026773023,2.522240515829363,5.680398995351642,17,17,3.4893671310663343,3.4893671310663343,8.671409606933594
898,8990.000026802838,2.528033923859286,5.490517861485716,15,15,3.177357397441421,3.177357397441421,8.458822250366211
899,9000.000026832651,2.510539080910811,5.243294905718999,16,16,3.497887370266377,3.497887370266377,8.899223327636719
900,9010.000026862466,2.588880299116918,4.4721901852744,7,7,3.5230418149084404,3.5230418149084404,8.126019477844238
901,9020.00002689228,2.4649801127736763,5.098278447918409,13,13,3.3468637852540146,3.3468637852540146,8.761585235595703
902,9030.000026922093,2.405527793924132,5.808151434811952,13,13,3.252231794970672,3.252231794970672,9.312870025634766
903,9040.000026951908,2.424103771371209,5.292231869106289,21,21,3.1705823777085045,3.1705823777085045,8.387650489807129
904,9050.000026981721,2.4610806957377656,5.379826689838282,10,10,3.404776542749179,3.404776542749179,8.837669372558594
905,9060.000027011536,2.3482018860763163,4.929656174455566,13,13,3.4036680402855826,3.4036680402855826,8.406438827514648
906,9070.00002704135,2.4486614930521187,5.271110054135266,10,10,3.3892862884053283,3.3892862884053283,8.712102890014648
907,9080.000027071164,2.368392540089789,5.34054423697787,8,8,3.436765524522425,3.436765524522425,8.817946434020996
908,9090.000027100978,2.342658228945001,5.12606055294767,18,18,3.186992922610136,3.186992922610136,8.264852523803711
909,9100.000027130793,2.328024988065486,5.092111495893136,16,16,3.206760185678309,3.206760185678309,8.121672630310059
910,9110.000027160606,2.349713086929907,4.9317614510071275,16,16,3.3445106176624626,3.3445106176624626,8.216719627380371
911,9120.00002719042,2.3906337765017205,5.702035940790083,12,15,3.5308472277081746,3.420728140512113,8.886661529541016
912,9130.000027220234,2.375243617232108,5.8080143295601205,11,12,3.3698694310355313,3.3698694310355313,8.810369491577148
913,9140.000027250047,2.364506193626208,4.983210823736004,15,16,3.5595457563615573,3.5595457563615573,8.056196212768555
914,9150.000027279862,2.330343784424227,5.569190772737476,17,18,3.420466719692851,3.420466719692851,8.312532424926758
915,9160.000027309676,2.4485410383025434,4.959652083866652,27,27,3.2474941714179373,3.2474941714179373,8.053089141845703
916,9170.00002733949,2.4354811361299866,5.517995235745784,19,19,3.3872679389460427,3.3872679389460427,8.679693222045898
917,9180.000027369304,2.4330177271751325,5.048224686923463,13,13,3.542399914883423,3.542399914883423,8.21978759765625
918,9190.000027399119,2.4947618700047056,5.9182976488749715,18,18,3.118283373286761,3.118283373286761,8.914169311523438
919,9200.000027428932,2.531053559466724,6.660235351051177,14,14,3.411998270543643,3.411998270543643,9.227612495422363
920,9210.000027458747,2.427926451538646,6.594815647362117,13,13,3.2944445261320787,3.2944445261320787,9.5585298538208
921,9220.00002748856,2.4913974752605017,5.814249474866752,14,14,3.28833207778442,3.28833207778442,8.897643089294434
922,9230.000027518374,2.5185292625688533,5.443502939600366,5,5,3.6788236409954664,3.6788236409954664,8.853211402893066
923,9240.000027548189,2.566573067530456,5.622477190440705,15,15,3.454074931843178,3.454074931843178,8.73574161529541
924,9250.000027578002,2.5420383776213926,4.984002182160156,11,11,3.2794291633716286,3.2794291633716286,8.51158618927002
925,9260.000027607817,2.4947156512975854,4.842422125617716,19,19,3.254348496311225,3.254348496311225,8.340836524963379
926,9270.00002763763,2.5580707034743395,4.841318649022469,19,19,3.368808099389995,3.368808099389995,8.07492446899414
927,9280.000027667445,2.6104809021721547,4.48513244367814,10,10,3.461752114879387,3.461752114879387,8.190638542175293
928,9290.000027697259,2.5919957248324548,5.269952578930131,16,16,3.289449794971515,3.289449794971515,8.542790412902832
929,9300.000027727074,2.5131066409868286,4.8142514567898225,17,17,3.1901072447398824,3.1901072447398824,8.190844535827637
930,9310.000027756887,2.643554814589476,4.983109774533632,8,8,3.311954214705606,3.311954214705606,8.345863342285156
931,9320.0000277867,2.7219366676189916,5.758102229130256,10,10,3.4798298843959,3.4798298843959,8.336993217468262
932,9330.000027816515,2.672001815901332,5.5319151454598305,11,11,3.5997256765048107,3.5997256765048107,8.646110534667969
933,9340.000027846329,2.553279870097783,4.877864693233982,15,15,3.2780742482325476,3.2780742482325476,8.38841724395752
934,9350.000027876144,2.655481248164232,5.536283278918045,20,20,3.1499498529554564,3.1499498529554564,8.547931671142578
935,9360.000027905957,2.693151138556211,5.6901530610839774,16,16,3.4017899171920307,3.4017899171920307,8.772316932678223
936,9370.000027935772,2.7487560900081607,5.5059802946505005,11,11,3.2392412042851344,3.2392412042851344,8.713587760925293
937,9380.000027965585,2.67196623938707,5.236534180844993,14,14,2.935245999597772,2.935245999597772,8.433773040771484
938,9390.0000279954,2.6986322404634864,5.7169268914839195,12,12,3.2865663218597905,3.2865663218597905,8.490409851074219
939,9400.000028025213,2.602023071956043,5.158910363856892,7,7,3.3460934307033474,3.3460934307033474,8.444676399230957
940,9410.000028055028,2.6479380577262512,5.835501053346213,17,17,3.3990357439196335,3.3990357439196335,9.10402774810791
941,9420.000028084842,2.530525141607233,5.209161339696695,8,8,3.447652037968568,3.447652037968568,8.61545467376709
942,9430.000028114655,2.510538773902137,5.138182022550317,7,7,3.6538604584809384,3.6538604584809384,8.717293739318848
943,9440.00002814447,2.5248498052452177,4.311841412955562,7,7,3.3294349534814933,3.3294349534814933,7.905743598937988
944,9450.000028174283,2.5361458805965724,3.944763964475822,16,16,3.414144442068499,3.414144442068499,7.941472053527832
945,9460.000028204098,2.5194891565873583,5.208472039060817,13,13,2.96498070049124,2.96498070049124,8.947737693786621
946,9470.000028233912,2.438133466300906,4.1276660932166385,9,9,3.288401882388742,3.288401882388742,8.157540321350098
947,9480.000028263727,2.6403422147389324,4.416770647925825,17,17,3.2044194965733235,3.2044194965733235,8.54804515838623
948,9490.00002829354,2.5855886815210405,4.268065008273426,18,18,3.3280872459462962,3.3280872459462962,8.015841484069824
949,9500.000028323355,2.4769499616888697,4.605527431918333,7,7,3.744865705974682,3.744865705974682,8.455866813659668
950,9510.000028353168,2.4841756898551113,4.5830577486208215,19,19,2.863582408520293,2.863582408520293,8.284656524658203
951,9520.000028382983,2.4996579264085064,5.176568188130005,14,14,3.598731572053046,3.598731572053046,8.89472484588623
952,9530.000028412796,2.5659065262712337,5.044269348034921,7,7,3.4385155750464054,3.4385155750464054,8.775792121887207
953,9540.00002844261,2.4469838572041773,5.2954053167767094,13,13,3.4275057510499356,3.4275057510499356,8.797516822814941
954,9550.000028472425,2.4929883739669707,5.430746062910087,20,20,3.342379850533102,3.342379850533102,8.704020500183105
955,9560.000028502238,2.441520326847961,5.147186068835704,19,19,3.304360122094133,3.304360122094133,8.554988861083984
956,9570.000028532053,2.638433286919028,5.350443135951184,10,10,3.1634221161316525,3.1634221161316525,8.79738712310791
957,9580.000028561866,2.6844533210848467,5.575690644032891,10,10,3.310740799960594,3.310740799960594,8.660721778869629
958,9590.000028591681,2.555531161242391,5.526707879783336,18,18,3.249446195772888,3.249446195772888,8.865594863891602
959,9600.000028621494,2.5841135540358744,5.51984851434914,21,21,3.2412633704258704,3.2412633704258704,8.71919059753418
960,9610.00002865131,2.5205272423062346,5.701981482763305,11,11,3.686583421822548,3.686583421822548,9.118582725524902
961,9620.000028681123,2.515777948179785,5.485061183667836,22,22,3.262434411057994,3.262434411057994,8.761129379272461
962,9630.000028710936,2.5341879523751056,5.280036998137547,22,22,3.2304720972635206,3.2304720972635206,8.346394538879395
963,9640.000028740751,2.38697522456772,4.651306427660061,8,8,3.4770047765490952,3.4770047765490952,8.264840126037598
964,9650.000028770564,2.4227106193779333,5.274172019794109,19,19,3.397601492979866,3.397601492979866,8.576684951782227
965,9660.00002880038,2.5430363259195174,5.210936062781073,7,7,3.5975048881463176,3.5975048881463176,8.450270652770996
966,9670.000028830193,2.606655778647979,5.52003970011448,19,19,3.4276737364643584,3.4276737364643584,8.572210311889648
967,9680.000028860008,2.4364897643870544,5.088017461749144,21,21,3.372616849123598,3.372616849123598,8.109640121459961
968,9690.00002888982,2.6148627138751976,5.027849586620656,33,33,3.096499623916135,3.096499623916135,8.27175235748291
969,9700.000028919636,2.4562677808387208,5.227768480218474,12,12,2.927411912913153,2.927411912913153,8.671724319458008
970,9710.00002894945,2.5384609093285597,6.0173248292717325,12,12,3.0209585380638826,3.0209585380638826,9.011139869689941
971,9720.000028979264,2.4457119239297325,5.581203107901841,11,11,3.268565679477873,3.268565679477873,8.68588638305664
972,9730.000029009077,2.544342605152065,5.908842046780926,14,14,3.3137846624056957,3.3137846624056957,8.654006958007812
973,9740.00002903889,2.4946753090695495,5.342679113512546,5,5,3.657547899216976,3.657547899216976,8.750677108764648
974,9750.000029068706,2.4375614870919997,6.338792761311899,4,4,3.483845901549453,3.483845901549453,9.318612098693848
975,9760.000029098519,2.4198997574386745,5.9517094148361,12,12,3.540235338282895,3.540235338282895,8.848627090454102
976,9770.000029128334,2.4454018952984975,6.2528561634176745,17,17,3.3936473952432116,3.3936473952432116,9.131019592285156
977,9780.000029158147,2.470293773879299,6.10098167119032,7,7,3.4558163151927497,3.4558163151927497,8.964993476867676
978,9790.000029187962,2.4276335139953873,6.014881833916364,17,17,3.425412865647459,3.425412865647459,8.82079792022705
979,9800.000029217776,2.4349129946367505,6.414250648688836,16,16,3.09430411946063,3.09430411946063,8.709861755371094
980,9810.00002924759,2.3987918262212196,6.0666831159111725,15,15,3.333437336420582,3.333437336420582,8.738521575927734
981,9820.000029277404,2.4358707661133376,5.4776846607378875,10,10,3.1901715112222955,3.1901715112222955,8.716695785522461
982,9830.000029307219,2.2577718495585124,5.72222089009254,5,5,3.527189894270506,3.527189894270506,9.000149726867676
983,9840.000029337032,2.437819410736347,5.760468011068646,15,15,3.415287871861715,3.415287871861715,8.744645118713379
984,9850.000029366845,2.50353766602189,5.025093455303397,10,10,3.485223541737848,3.485223541737848,8.255401611328125
985,9860.00002939666,2.5437945440517757,5.147086492630031,13,13,3.4697776563080653,3.4697776563080653,8.619621276855469
986,9870.000029426474,2.6034086555988623,5.4392105028364135,10,10,3.2222674732312324,3.2222674732312324,8.819625854492188
987,9880.000029456289,2.6223911377707956,6.072512423472796,17,17,3.5826422914292304,3.5826422914292304,9.369726181030273
988,9890.000029486102,2.559362768996017,6.01244263936953,14,14,3.271275511097074,3.271275511097074,9.021903038024902
989,9900.000029515917,2.517014080049423,6.126015020513702,10,10,3.1135202136848457,3.1135202136848457,9.215091705322266
990,9910.00002954573,2.588753311765632,5.662540845130381,5,5,3.566808137482349,3.566808137482349,9.200093269348145
991,9920.000029575545,2.6396328636005415,5.254746085571226,15,15,3.4857262672207687,3.4857262672207687,8.990612983703613
992,9930.000029605359,2.607853640854201,5.592326669044564,8,8,3.4534745171691212,3.4534745171691212,9.322197914123535
993,9940.000029635172,2.687388832791747,5.660291390586286,8,8,3.3898855742952896,3.3898855742952896,9.310388565063477
994,9950.000029664987,2.5675597166632933,5.604850075179918,12,12,3.3272353341010197,3.3272353341010197,8.91397476196289
995,9960.0000296948,2.609979068115976,5.552141602529933,14,14,3.349480134455673,3.349480134455673,8.85619068145752
996,9970.000029724615,2.6518581517357913,5.349947416022542,11,11,3.3057387775401255,3.3057387775401255,8.95522403717041
997,9980.000029754428,2.6394446590400893,5.706232102537325,10,10,3.6410880375234798,3.6410880375234798,9.320502281188965
998,9990.000029784243,2.6234108656916364,5.542989328369186,29,29,3.129906522189575,3.129906522189575,9.161689758300781
999,10000.000029814057,2.5933937345057814,4.933760682778236,18,18,3.047100010622918,3.047100010622918,8.416240692138672
