frame,time_ps,protein_backbone_rmsd_A,ligand_heavy_rmsd_A,fixed_pocket_contact_count_4A,all_protein_contact_count_4A,fixed_pocket_min_distance_A,all_protein_min_distance_A,ligand_COM_to_fixed_pocket_center_A
0,10.000000029814057,3.7135547837571234e-07,3.8418010755165756e-08,28,28,3.1638377677968266,3.1638377677968266,5.908683776855469
1,20.000000059628114,0.756983415632048,0.866398060044129,28,28,3.3739727255399297,3.3739727255399297,6.070745468139648
2,30.00000008944217,0.8893508716032213,2.4663501060929813,33,33,3.1410542055349215,3.1410542055349215,6.462454319000244
3,40.00000011925623,0.8084511072555796,2.216751608136926,22,22,3.2601520289927866,3.2601520289927866,6.468432903289795
4,50.00000014907029,1.0833878760838624,2.734900200889638,25,25,3.1609649769876147,3.1609649769876147,6.5465087890625
5,60.00000017888434,1.1128960315061078,2.629921724415378,21,21,3.383906000971218,3.383906000971218,6.606454372406006
6,70.0000002086984,1.3687116553666252,3.238035171481871,23,23,2.862467223970119,2.862467223970119,6.323550224304199
7,80.00000023851246,1.2467586262130494,3.056724083654054,24,24,3.0517219122606396,3.0517219122606396,5.99626350402832
8,90.00000026832652,1.236935972054848,3.1085869025571933,26,26,3.2051321358387748,3.2051321358387748,5.891253471374512
9,100.00000029814058,1.1985799773137777,2.8076664167033605,20,20,3.332654885962513,3.332654885962513,6.053122043609619
10,110.00000032795462,1.3335799657963476,3.1718919765169615,29,29,3.133278481629372,3.133278481629372,5.614234924316406
11,120.00000035776868,1.2191807357229587,3.6811599757396185,17,17,3.4886844973695936,3.4886844973695936,7.133500576019287
12,130.00000038758273,1.232529557715515,3.9803850686297406,12,12,3.225103027263936,3.225103027263936,6.823680877685547
13,140.0000004173968,1.2618084195275283,3.1275374659504935,16,16,3.3595659989120708,3.3595659989120708,6.175776481628418
14,150.00000044721085,1.2376944384893604,2.4285370067853855,9,9,3.3484777194978848,3.3484777194978848,6.170620918273926
15,160.0000004770249,1.1537309232685395,2.551244049567915,29,29,3.3137482614131257,3.3137482614131257,6.2661871910095215
16,170.00000050683897,1.325691661419983,2.513627357985222,36,36,3.2474872717262393,3.2474872717262393,5.72387170791626
17,180.00000053665303,1.3536320282308292,2.8792254947446434,28,28,3.1375034860126942,3.1375034860126942,5.8988471031188965
18,190.0000005664671,1.359015887741371,2.6150702402141004,20,20,3.197122175449119,3.197122175449119,6.5950927734375
19,200.00000059628115,1.4478342471008396,2.6447919944552565,17,17,3.2428055511279283,3.2428055511279283,6.434599876403809
20,210.0000006260952,1.51746859041857,3.506084620573535,27,29,2.7041724416812336,2.7041724416812336,6.096230983734131
21,220.00000065590925,1.4670413395817923,2.9287601200608133,41,45,3.0395863450261134,3.0395863450261134,5.187852382659912
22,230.0000006857233,1.44901549186576,3.1103322993180242,26,30,2.773483580494556,2.773483580494556,5.777263164520264
23,240.00000071553737,1.4730465776813535,2.907431947690127,21,21,2.9982089196147643,2.9982089196147643,6.28170919418335
24,250.00000074535143,1.5915007881695025,3.281099105387694,29,31,2.7681904004622524,2.7681904004622524,5.265288829803467
25,260.00000077516546,1.6101306699661022,3.4686110537957613,46,50,2.7696640644828747,2.7696640644828747,5.128356456756592
26,270.00000080497955,1.6338967222805334,3.6427259567366974,16,19,2.7065139809471184,2.7065139809471184,5.684004783630371
27,280.0000008347936,1.6675681363986876,3.5392483609198613,17,19,2.8790615063810874,2.8790615063810874,5.726047039031982
28,290.00000086460767,1.638985791485162,3.890097285551597,37,39,2.819979020056837,2.819979020056837,5.662553787231445
29,300.0000008944217,1.6447641637802541,3.6657086329184976,27,28,2.935394838768205,2.935394838768205,5.85374116897583
30,310.0000009242358,1.628495517934779,3.54220968043629,31,34,2.707173480321248,2.707173480321248,5.351439476013184
31,320.0000009540498,1.6637656815695783,3.4058434948231446,41,44,2.8429582876738433,2.8429582876738433,5.737376689910889
32,330.00000098386386,1.649367483065278,4.354461782545797,28,31,2.7098370781196652,2.7098370781196652,5.671134948730469
33,340.00000101367795,1.6849489402433386,3.992134332571131,35,40,2.874536684747272,2.874536684747272,5.651759147644043
34,350.000001043492,1.6899800770696067,3.528169453017817,34,37,2.6759267509618914,2.6759267509618914,5.182408809661865
35,360.00000107330607,1.7816434279973994,3.475336091627458,26,26,2.8303895697245314,2.8303895697245314,5.720747947692871
36,370.0000011031201,1.759720356436416,2.922973790774266,30,34,2.8179902964201946,2.8179902964201946,5.553163051605225
37,380.0000011329342,1.7429927848138291,3.170525809017029,13,16,3.019690852821078,3.019690852821078,5.645657062530518
38,390.0000011627482,1.620175143536816,3.295610795842452,27,30,3.184160372196841,3.184160372196841,5.3211870193481445
39,400.0000011925623,1.710104082681599,3.796617309038059,14,17,3.313327613301309,3.275473491350343,5.456676483154297
40,410.00000122237634,1.586649867553654,3.076525585069351,28,29,3.1893445511876544,3.1893445511876544,4.983832836151123
41,420.0000012521904,1.6362229416777747,2.690741324577849,19,19,3.2042204680284994,3.2042204680284994,5.43467903137207
42,430.00000128200446,1.472172589472592,2.7455779932478745,29,29,2.9587714894440116,2.9587714894440116,5.7092061042785645
43,440.0000013118185,1.4969469992193254,2.747387924746907,24,24,3.2972387866682693,3.2972387866682693,5.377783298492432
44,450.0000013416326,1.687717486780823,2.8040136536348936,13,13,3.0001076661903263,3.0001076661903263,5.695793628692627
45,460.0000013714466,1.6307265219238989,2.9079255747826913,27,28,3.3471496067308553,3.3471496067308553,5.020784378051758
46,470.0000014012607,1.6214592837050519,2.069833638836116,22,22,3.186242658042636,3.186242658042636,5.165614604949951
47,480.00000143107474,1.586490535118576,2.0159035311983278,17,17,3.3132868744534725,3.3132868744534725,5.297247409820557
48,490.00000146088877,1.558441654285765,2.4809241959635235,27,27,3.1094443879873643,3.1094443879873643,5.320860385894775
49,500.00000149070286,1.6193645815648685,2.5875632472935353,26,26,3.203998926026835,3.203998926026835,5.330571174621582
50,510.0000015205169,1.6565590461026312,3.0889089832341607,29,29,3.2140020851238202,3.2140020851238202,5.299440383911133
51,520.0000015503309,1.7153859725194702,2.999108522990129,15,16,3.142655147055656,3.142655147055656,5.439713478088379
52,530.0000015801451,1.5841230898844545,2.730706858858156,21,21,2.8189057777311564,2.8189057777311564,5.379992961883545
53,540.0000016099591,1.6404634216613772,2.91064751815342,23,24,3.4375630774985417,3.4375630774985417,5.392647743225098
54,550.0000016397731,1.6174129394317636,2.7921134037697684,21,21,3.3294211235799223,3.3294211235799223,5.323975563049316
55,560.0000016695872,1.6665451355283285,2.78216725524454,23,23,3.058137828939523,3.058137828939523,5.3204121589660645
56,570.0000016994012,1.579186693181445,2.810941946194232,21,21,2.842606543739355,2.842606543739355,5.784672737121582
57,580.0000017292153,1.552783115282195,2.5371645480043514,24,24,3.3615369673244353,3.3615369673244353,5.522873878479004
58,590.0000017590294,1.671454005229322,2.631578728445383,24,26,3.1314542337943188,3.1314542337943188,5.505247592926025
59,600.0000017888434,1.764688910808276,2.374032654149753,26,28,3.3639950181276808,3.3639950181276808,5.042443752288818
60,610.0000018186574,1.8216114553102152,2.5732410717811876,20,21,2.995253095506899,2.995253095506899,5.417818546295166
61,620.0000018484716,1.8265645148640242,2.524870840934015,8,8,3.161020804745274,3.161020804745274,5.946162700653076
62,630.0000018782856,1.882917799469624,2.139002077744141,12,14,3.034551735428228,3.034551735428228,5.278417110443115
63,640.0000019080996,1.7332441210824383,2.7447469172844077,26,28,3.0263882843566003,3.0263882843566003,5.545160293579102
64,650.0000019379137,1.9631078608435637,3.4914914921377562,31,32,3.353896278754283,3.353896278754283,5.996389389038086
65,660.0000019677277,1.8938915267633818,3.191418830514626,24,26,3.0200631751821043,3.0200631751821043,5.740401744842529
66,670.0000019975419,1.902020969564943,3.303277062024824,33,35,3.073692389661229,3.073692389661229,5.180480480194092
67,680.0000020273559,1.7700394468580631,3.291204344197793,27,31,2.7723641492803024,2.7723641492803024,5.271693229675293
68,690.0000020571699,1.7752385226811613,3.230541310634758,35,36,3.2187865538420333,3.2187865538420333,5.388016700744629
69,700.000002086984,1.7327449161625295,3.7058431424545413,34,35,2.800070680727304,2.800070680727304,5.789706707000732
70,710.0000021167981,1.742366126766761,3.8974188790762523,23,30,3.158589748699611,3.158589748699611,5.903791904449463
71,720.0000021466121,1.7664526434979082,3.814952553285657,22,29,3.1431692368601842,3.1431692368601842,6.013387203216553
72,730.0000021764262,1.7173261709507694,4.298968013389352,27,35,3.1930885270351,3.1930885270351,6.403645992279053
73,740.0000022062402,1.7610055435371275,3.6590682301674278,23,27,3.105225227728645,3.0804355699817383,5.679729461669922
74,750.0000022360542,1.748502662161572,3.087262909275351,31,32,3.1528040756424547,3.1528040756424547,5.51237154006958
75,760.0000022658684,1.751840272160243,2.72527398925589,25,25,3.1035181573198503,3.1035181573198503,5.418317794799805
76,770.0000022956824,1.653305740716791,3.5083558504405965,30,31,2.8016258990035863,2.8016258990035863,5.592026710510254
77,780.0000023254964,1.7908322657889915,2.6802079540318697,30,31,2.8501583136886275,2.8501583136886275,5.552857875823975
78,790.0000023553105,1.5964167570551566,3.0352637176853277,33,33,3.184791384894223,3.184791384894223,5.536935329437256
79,800.0000023851246,1.6033516552533387,3.236784060045538,28,30,3.231926712136888,3.231926712136888,4.9392242431640625
80,810.0000024149386,1.6697273621331927,3.3875056866314917,21,22,3.365320126564729,3.365320126564729,5.625710487365723
81,820.0000024447527,1.6209704761975772,4.0194011985892635,31,37,3.137663074848846,3.0153704774248995,5.713739395141602
82,830.0000024745667,1.8128322408334216,3.796515001574578,21,32,3.498985459163546,3.1198483688701515,5.661983966827393
83,840.0000025043807,1.7476634350576092,4.161111803826116,20,34,3.3042057047951987,3.178457225547681,5.958116054534912
84,850.0000025341949,1.709186013791521,4.176240988960437,20,22,3.1931893572474057,3.1931893572474057,6.058610916137695
85,860.0000025640089,1.7312667074988808,4.3343989029455186,23,26,3.264540750297026,3.264540750297026,6.264477729797363
86,870.000002593823,1.9099742718024961,3.793867409576804,29,36,2.8685786744466455,2.8685786744466455,5.1550774574279785
87,880.000002623637,1.8397821524596714,3.7758271614299135,36,40,2.920630532344284,2.920630532344284,5.334080219268799
88,890.000002653451,1.9483847517543167,3.5604307475817345,27,34,2.995260358175881,2.995260358175881,5.612839698791504
89,900.0000026832652,1.9367573522480708,4.1532475725128455,27,32,3.092158161482172,3.092158161482172,5.509189605712891
90,910.0000027130792,2.0279880792937983,3.0166812598043746,17,18,3.272726237720021,3.272726237720021,5.642193794250488
91,920.0000027428932,1.9972207791192957,2.954553973028483,25,26,2.9008129362942987,2.9008129362942987,5.4720354080200195
92,930.0000027727073,1.810717967388475,3.0109960893039727,27,28,2.9682714855228585,2.9682714855228585,5.579592704772949
93,940.0000028025214,2.072558545298124,3.116813806080059,14,14,3.0336053404889256,3.0336053404889256,5.684993743896484
94,950.0000028323354,2.0119012136537013,3.3113775352274795,23,24,2.916695037347838,2.916695037347838,6.1670660972595215
95,960.0000028621495,2.012319480263879,3.1079966657296754,21,26,3.0863099980476103,3.0863099980476103,5.5801849365234375
96,970.0000028919635,2.059711768692396,3.1685237884665347,26,26,3.1734955662340942,3.1734955662340942,5.582596778869629
97,980.0000029217775,2.0365528632209466,2.6784636410597638,20,20,3.00315364651831,3.00315364651831,5.664577484130859
98,990.0000029515917,1.8781343264991703,2.598698352502239,12,12,3.2128235837381975,3.2128235837381975,5.421695709228516
99,1000.0000029814057,1.9529218248727807,3.2043410204117007,23,24,3.115698023731094,3.115698023731094,5.689085960388184
100,1010.0000030112197,1.9580248027167328,3.2155306008247195,23,24,2.920798029793572,2.920798029793572,5.803279399871826
101,1020.0000030410338,1.8383100468818963,3.4952989645187778,22,23,3.0873516618531465,3.0873516618531465,5.981877326965332
102,1030.000003070848,1.8551416569341783,2.8806416407678705,19,19,2.905050731496811,2.905050731496811,6.032966136932373
103,1040.0000031006618,1.888556575158256,3.0363272300744697,23,23,3.249540400225006,3.249540400225006,5.898671627044678
104,1050.000003130476,1.9129320903236924,3.222594809580637,31,33,3.251849061096314,3.251849061096314,5.83681583404541
105,1060.0000031602901,2.033729359139663,3.704512126845664,20,20,2.9626636732397604,2.9626636732397604,6.176456451416016
106,1070.000003190104,1.9803956831356362,2.526275169393833,11,11,3.4003921298005997,3.4003921298005997,6.150171756744385
107,1080.0000032199182,2.0101269293529964,3.036420224295179,19,19,3.0581985856855036,3.0581985856855036,5.88238525390625
108,1090.0000032497321,2.18990293205633,2.9621038926219385,29,29,3.0372082715164095,3.0372082715164095,5.257937431335449
109,1100.0000032795463,1.901628717431324,2.9901968130378482,30,31,2.971172191164807,2.971172191164807,5.869275093078613
110,1110.0000033093604,1.976746038075339,3.290203554007626,25,26,3.0327529948590524,3.0327529948590524,6.06843900680542
111,1120.0000033391743,1.8412515817654627,3.04684092675888,23,23,3.184878091477151,3.184878091477151,5.7389235496521
112,1130.0000033689885,1.9902623311847785,2.9578442677172885,24,24,2.9852725902086292,2.9852725902086292,5.387900352478027
113,1140.0000033988024,1.9603659047968707,2.7404524513926103,23,23,3.1202033235807,3.1202033235807,4.939571857452393
114,1150.0000034286165,1.8335512850747877,3.0846751605468974,17,17,3.3605629009445357,3.3605629009445357,5.1472392082214355
115,1160.0000034584307,2.028191346500926,3.080931852897569,32,37,2.9441662768251207,2.9441662768251207,4.557433605194092
116,1170.0000034882446,1.9572899413401674,3.0045482030592874,33,34,2.931148719464188,2.931148719464188,5.103935241699219
117,1180.0000035180587,1.8057454479546011,2.541894582821673,25,25,2.903340221142674,2.903340221142674,5.543946743011475
118,1190.000003547873,1.9271267453098149,2.579937522041305,16,16,3.398124575191009,3.398124575191009,5.685619831085205
119,1200.0000035776868,1.9654030302970895,3.1254893348903843,26,28,2.9831263960511754,2.9831263960511754,5.182762622833252
120,1210.000003607501,1.867794569749039,3.1349751034481184,16,18,3.2003175851355645,3.2003175851355645,5.773011207580566
121,1220.0000036373149,1.7458884876337226,2.725986634771713,17,18,3.2543990983020774,3.2543990983020774,5.554940223693848
122,1230.000003667129,1.9389191592591946,2.521876901057314,22,23,3.155872136874994,3.155872136874994,5.534300804138184
123,1240.0000036969432,1.8592997156766806,3.285415378955625,19,25,3.3678436724019574,3.3678436724019574,5.505416393280029
124,1250.000003726757,1.8058755427940312,3.09714207925231,26,29,3.1221002740601915,3.026280440136477,5.528764247894287
125,1260.0000037565712,1.9446305383455769,2.6658028341282054,24,27,3.0028235120558384,3.0028235120558384,5.023415565490723
126,1270.0000037863852,2.0068044643836522,2.8326722687411006,36,36,3.021181767219656,3.021181767219656,5.554413795471191
127,1280.0000038161993,2.0322803090595483,3.017111857004205,22,25,2.873317998603087,2.873317998603087,5.3657917976379395
128,1290.0000038460134,2.057148637102803,2.8627774670590416,17,21,3.0557557708698497,3.0557557708698497,5.492912292480469
129,1300.0000038758274,1.9427430877628162,3.421260779280887,19,20,3.3602459160546636,3.3602459160546636,5.962069034576416
130,1310.0000039056415,1.9767656660538135,2.813770309746724,28,28,3.4464851947590804,3.4464851947590804,5.672732353210449
131,1320.0000039354554,2.1177738192986983,2.8727057209364966,26,26,3.0719630090207026,3.0719630090207026,5.265762805938721
132,1330.0000039652696,2.1604588882620033,2.9630304585481366,28,28,3.001026477718897,3.001026477718897,5.282099723815918
133,1340.0000039950837,1.9678167579086,2.677576983155391,34,34,3.1563747894366294,3.1563747894366294,5.090006351470947
134,1350.0000040248976,1.9632059033421425,2.834676400734106,27,28,3.144086008636509,3.144086008636509,5.384334564208984
135,1360.0000040547118,1.9385653451878846,3.067188724776152,24,27,3.164940509032832,3.164940509032832,5.310582637786865
136,1370.0000040845257,1.9067960452571477,2.6930767981849897,25,25,3.068267876439455,3.068267876439455,5.51187801361084
137,1380.0000041143398,1.9869635547955207,3.5791618647141825,24,28,3.1731088308541193,3.117007538056941,5.574722766876221
138,1390.000004144154,1.9791564981367993,3.296686141791198,24,26,3.4696687115820914,3.4696687115820914,5.111218452453613
139,1400.000004173968,2.0187561911593366,2.931588428167507,15,15,3.427816307255127,3.427816307255127,5.333958148956299
140,1410.000004203782,2.0617854695696822,2.9153563338648523,27,27,3.350153114500557,3.350153114500557,5.43516206741333
141,1420.0000042335962,1.9699400360179007,2.7299517864613896,20,20,2.8276703868664663,2.8276703868664663,5.901952266693115
142,1430.0000042634101,2.120405714456798,3.234066832275897,24,24,3.041555801253995,3.041555801253995,5.616608142852783
143,1440.0000042932243,2.096603540247707,2.9910787588611734,29,35,3.012163142749334,3.012163142749334,4.768446922302246
144,1450.0000043230382,2.1212904532363344,2.866062915774536,25,26,2.969333679053673,2.969333679053673,5.2379021644592285
145,1460.0000043528523,2.0748705598628394,3.4322205503249563,21,23,3.1295671205902957,3.1295671205902957,5.505716323852539
146,1470.0000043826665,2.0753768542600626,2.912512430273013,33,34,3.0034484438469593,3.0034484438469593,5.248183727264404
147,1480.0000044124804,2.1905806325072725,2.5070480249611435,20,21,3.1797179963206803,3.1797179963206803,5.338561058044434
148,1490.0000044422945,2.0884859575543038,2.9458849741758275,16,16,3.1075814500523937,3.1075814500523937,5.612564563751221
149,1500.0000044721085,2.249203201389301,2.9593929723003396,19,21,3.323591471810505,3.323591471810505,5.126195430755615
150,1510.0000045019226,2.245975049595272,2.824166992282425,21,21,3.2087858474549797,3.2087858474549797,5.015420436859131
151,1520.0000045317367,2.3563674328049027,2.857674577831051,24,26,3.0444506530714683,3.0444506530714683,5.199762344360352
152,1530.0000045615507,2.359304317434072,3.3578349791111863,33,42,3.083195304987405,3.083195304987405,4.726681232452393
153,1540.0000045913648,2.3339679781338876,3.227394451250762,20,21,2.968538420207439,2.968538420207439,5.520883083343506
154,1550.0000046211787,2.3606817145756955,3.0607137242344638,17,18,3.0701153360446214,3.0701153360446214,5.4927287101745605
155,1560.0000046509929,2.3606663786943103,3.0158489440691247,29,29,3.2858702071410315,3.2858702071410315,5.314324855804443
156,1570.000004680807,2.1814913709512207,2.770151708752162,24,27,3.0460553104625583,3.0460553104625583,5.509555339813232
157,1580.000004710621,2.2253871381591637,2.741770099081634,24,29,2.9711594881972156,2.9711594881972156,5.023334980010986
158,1590.000004740435,2.313806422862137,2.64979137842453,19,21,3.1104065766225557,3.1104065766225557,5.474282264709473
159,1600.0000047702492,2.098245084510061,3.143558966854973,26,27,2.9414286722822807,2.9414286722822807,5.532916069030762
160,1610.0000048000632,2.2479615669299156,3.388583861423129,20,22,3.2292981097120204,3.2292981097120204,6.080713748931885
161,1620.0000048298773,2.173449234530931,3.0623984854760034,26,26,2.9677836852521415,2.9677836852521415,5.9629316329956055
162,1630.0000048596912,2.2840619506203166,3.6081079697409493,20,21,3.1151214578379416,3.1151214578379416,5.933007717132568
163,1640.0000048895054,2.0625528993293254,3.7270060640516096,23,26,3.17244208391905,3.17244208391905,6.116145610809326
164,1650.0000049193195,2.067733558638808,3.5113473833887983,20,23,3.1494728580778015,3.1494728580778015,6.247156620025635
165,1660.0000049491334,2.1291348880112038,3.3206649044568906,16,17,3.1810299067713625,3.1810299067713625,6.343390464782715
166,1670.0000049789476,2.2081117696725454,4.116684092996713,10,11,3.2439306238491863,3.2439306238491863,6.64508056640625
167,1680.0000050087615,2.239716702557491,3.130488901884577,19,19,3.095736189226524,3.095736189226524,6.125295162200928
168,1690.0000050385756,2.2057605794186017,3.334642399643666,29,30,2.920595250370976,2.920595250370976,5.39799690246582
169,1700.0000050683898,2.065295905299248,3.3835528359514777,20,20,2.9989056184908796,2.9989056184908796,6.176205158233643
170,1710.0000050982037,2.1480897444845755,3.398510129149954,15,17,3.2829381646474727,3.2829381646474727,5.729905128479004
171,1720.0000051280178,2.1343631814614965,3.001613547841349,21,22,3.1740384569028244,3.1740384569028244,5.780552387237549
172,1730.0000051578318,2.239031989038763,3.501494897833829,23,23,3.082711552568214,3.082711552568214,5.725429058074951
173,1740.000005187646,2.0945806486520033,3.3933852099821427,29,33,3.089113496145602,3.089113496145602,5.2853312492370605
174,1750.00000521746,2.3257930108476432,2.7918139822780255,18,18,3.360664526057976,3.360664526057976,6.0567145347595215
175,1760.000005247274,2.1855218019475173,3.0263081826174747,21,22,3.288380804578212,3.288380804578212,5.841463088989258
176,1770.0000052770881,2.1977546015861327,2.7835239696836136,20,20,3.2727581689934966,3.2727581689934966,5.7748284339904785
177,1780.000005306902,2.396218956451512,3.4082472376612376,27,27,3.022168509719726,3.022168509719726,5.490327835083008
178,1790.0000053367162,2.325552897426944,3.0686051858160113,18,19,3.3837940361495167,3.3837940361495167,5.42681884765625
179,1800.0000053665303,2.325725985764553,3.0775760530691105,19,24,3.1160821148577456,3.1160821148577456,5.780496120452881
180,1810.0000053963442,2.341923525685989,3.7197425753487643,23,27,3.205039423715954,2.9764940335910564,5.817209720611572
181,1820.0000054261584,2.3192013089679477,3.570552162095271,21,23,3.296768478124392,3.296768478124392,5.935831069946289
182,1830.0000054559725,2.248319147926016,3.675350196791543,21,23,3.2281575094237946,3.2281575094237946,6.0320258140563965
183,1840.0000054857865,2.1756479054691855,3.3597852468569465,18,19,3.331263918887401,3.1384288466489005,5.883781909942627
184,1850.0000055156006,2.246341823265134,2.9713071870381813,19,20,3.2754400951104525,3.2754400951104525,5.609421253204346
185,1860.0000055454145,2.1749725426364845,3.2127451615643343,22,24,3.0044137425689206,3.0044137425689206,5.522598743438721
186,1870.0000055752287,2.241345050067103,3.0686255808473404,18,20,3.173045937345867,3.173045937345867,5.2219390869140625
187,1880.0000056050428,2.0368180245117835,3.1115361980093543,26,28,3.2069270150441516,3.2069270150441516,5.708428382873535
188,1890.0000056348567,2.085605516163962,2.7978685058822825,23,23,3.0317778271586446,3.0317778271586446,5.591329574584961
189,1900.0000056646709,2.1365219150714827,3.097757155535227,16,17,2.8693455360698286,2.8693455360698286,5.70860481262207
190,1910.0000056944848,2.2702417880073096,3.2132162555770925,38,38,2.9412433972355094,2.9412433972355094,5.746624946594238
191,1920.000005724299,2.2037652291442758,3.022485641612266,26,29,3.0461967256370843,3.0461967256370843,5.29001522064209
192,1930.000005754113,2.160136907078382,2.785178004637964,31,31,3.1287747481321184,3.1287747481321184,5.446634292602539
193,1940.000005783927,2.3404291049497106,2.7188936376673793,21,23,3.3120335999730113,3.3120335999730113,5.6179656982421875
194,1950.0000058137412,2.2348881912860503,3.0335349871520254,22,24,2.9397254011687393,2.9397254011687393,5.639762878417969
195,1960.000005843555,2.1404454156263104,2.7755082659422654,13,13,3.3292281490642583,3.3292281490642583,5.738680839538574
196,1970.0000058733692,2.2039377709317636,3.1677800410741273,24,24,3.0923333791531196,3.0923333791531196,5.562719821929932
197,1980.0000059031834,2.3624270549280246,3.2092415561832928,13,14,3.3862988105346763,3.3862988105346763,5.884084701538086
198,1990.0000059329973,2.365429743839372,3.374751364408979,24,28,2.9535122187878313,2.9535122187878313,5.275635242462158
199,2000.0000059628114,2.187046207927599,2.876133430225416,20,21,3.1342813069347155,3.1342813069347155,5.232158184051514
200,2010.0000059926253,2.2831958965863044,3.1758113066758744,10,11,3.6347595731397355,3.6073499935157027,6.006710052490234
201,2020.0000060224395,2.3751448989265844,2.9312659096605693,27,28,2.9359143970627386,2.9359143970627386,5.529173851013184
202,2030.0000060522536,2.4771021703971434,2.9406643635918543,27,29,3.2455528823868227,3.2455528823868227,4.982785701751709
203,2040.0000060820676,2.4072557312858733,3.0139449978974495,24,27,3.2044922376193044,3.2044922376193044,5.121562957763672
204,2050.0000061118817,2.5550470419583045,2.9238497826080647,17,17,3.270371568383247,3.270371568383247,5.381595611572266
205,2060.000006141696,2.452280569376777,2.990880406123273,22,29,3.305156421119527,3.0600117893093772,4.874645709991455
206,2070.00000617151,2.3959190366326193,3.0881783029933008,33,36,3.0316322168442014,3.0316322168442014,5.118383407592773
207,2080.0000062013237,2.3799916364708564,3.345724211882127,24,26,3.046542496453067,3.046542496453067,5.51609992980957
208,2090.000006231138,2.515458997009934,3.318455522990816,25,28,3.0471519427407974,3.0471519427407974,5.447432994842529
209,2100.000006260952,2.3150970065469916,2.953972840311561,22,29,2.865376561028563,2.865376561028563,5.068478107452393
210,2110.000006290766,2.275687158630152,3.1718132564652683,20,22,3.180613937411982,3.180613937411982,5.043796062469482
211,2120.0000063205803,2.2580873396248298,3.76429215240008,20,23,3.3358912797014666,2.8872664874740788,5.568001747131348
212,2130.000006350394,2.2576701356081155,3.279367770473368,14,16,3.327413865702665,3.327413865702665,5.700042247772217
213,2140.000006380208,2.434607853180563,3.2300843666004164,24,27,3.0622813900059076,3.0622813900059076,5.41934871673584
214,2150.0000064100223,2.381435522185992,3.3983087574351822,26,31,2.848547057046024,2.848547057046024,5.250543117523193
215,2160.0000064398364,2.418486056050213,3.8271409509111054,24,27,2.838984928454597,2.838984928454597,5.432468891143799
216,2170.0000064696505,2.32999473735175,3.399785181620313,34,37,3.1429596737865553,3.0197332693532855,5.383669376373291
217,2180.0000064994642,2.3115025635671085,3.3594427119652432,16,19,3.008101113004319,3.008101113004319,5.990620136260986
218,2190.0000065292784,2.354177702845707,3.197770683649649,29,31,3.2431872733121594,3.2431872733121594,5.353103160858154
219,2200.0000065590925,2.4336797546040376,3.454460359430154,32,34,3.264243126822203,2.9219388138887887,5.362319469451904
220,2210.0000065889067,2.2730408651423986,3.1102882928690962,28,31,3.002519863989929,2.9389410765154764,5.619344234466553
221,2220.000006618721,2.2206650256004217,4.002177008443554,24,26,3.1187200318739423,2.944186595758556,6.361961841583252
222,2230.0000066485345,2.078613629830761,3.9976706567903135,22,24,3.1759312213472533,3.1759312213472533,5.759416580200195
223,2240.0000066783487,2.2071164163406096,3.9321142102690416,20,23,3.2724227540415454,3.2254216749902924,5.94509220123291
224,2250.000006708163,2.2865693016131163,3.750368342711656,22,25,3.1891109243436206,3.1891109243436206,5.7225260734558105
225,2260.000006737977,2.229479587665768,3.821199626055157,20,22,3.1573938095341223,3.1573938095341223,5.620117664337158
226,2270.000006767791,2.325002426977365,3.986339866570164,19,21,3.3997784183128155,3.3997784183128155,6.098605632781982
227,2280.000006797605,2.2549168272695703,3.7462706193249073,29,33,2.87392002465832,2.7404386971530363,5.098969459533691
228,2290.000006827419,2.4145289618613206,3.2197016697048015,27,29,3.359128917185481,3.1155137862462277,5.186868667602539
229,2300.000006857233,2.3720234956249384,3.20652437301352,19,21,2.978312606355666,2.978312606355666,5.511310577392578
230,2310.000006887047,2.419528068455276,3.310907616265844,16,18,3.3860841713129926,3.3860841713129926,5.555118560791016
231,2320.0000069168614,2.2926568584336735,3.3746558630768106,29,32,3.1523045184451934,3.1523045184451934,5.028181552886963
232,2330.000006946675,2.2235311929920742,3.581851124455252,38,44,2.985146756655321,2.8819316839167977,4.838896751403809
233,2340.000006976489,2.23849545030045,3.329339385724616,25,27,3.142573747022631,3.142573747022631,4.574285984039307
234,2350.0000070063033,2.5093740304596293,3.1535484938059266,20,21,3.219587596371796,3.219587596371796,5.15169095993042
235,2360.0000070361175,2.2986283415081683,3.0809499877918896,32,33,3.023111870457013,3.023111870457013,4.7328338623046875
236,2370.0000070659316,2.4101067898703477,3.6327986929791263,25,29,3.1578424878919735,3.1578424878919735,5.1278977394104
237,2380.000007095746,2.4366377916297406,3.105489230250036,24,24,3.141419187637946,3.141419187637946,5.142653465270996
238,2390.0000071255595,2.4160425326223134,3.5871418365283563,41,43,3.370089081505883,3.370089081505883,4.7129106521606445
239,2400.0000071553736,2.466580597237986,3.293252681743704,24,25,3.104482053732644,3.104482053732644,4.809070110321045
240,2410.0000071851878,2.597596484777089,3.157168721257702,21,24,3.4632500324321343,3.3707626493819767,4.9066948890686035
241,2420.000007215002,2.6539671973679044,3.214165215301601,26,28,3.258228534117383,3.258228534117383,4.443359851837158
242,2430.000007244816,2.5641949681349585,2.7103566662940968,17,17,3.2396097867194147,3.2396097867194147,5.1561598777771
243,2440.0000072746298,2.8079772061938675,2.5930618025512726,22,22,3.1028919813787867,3.1028919813787867,5.525609970092773
244,2450.000007304444,2.7664294948587167,2.870847802986089,20,20,3.476340030335647,3.476340030335647,5.28436279296875
245,2460.000007334258,2.8080552626775694,3.4080516616381296,29,32,2.9785449338288705,2.9785449338288705,4.54805326461792
246,2470.000007364072,2.9082461576344514,3.6339525224420828,31,37,3.0366926656436948,3.0366926656436948,4.500096797943115
247,2480.0000073938863,2.6610277219235803,3.9277210962116555,25,28,3.4095470218986956,3.1974493232784917,4.882981300354004
248,2490.0000074237,2.748266386900915,4.109514859946431,20,22,3.168295490903966,3.089451167089624,5.226093292236328
249,2500.000007453514,2.6741234579176405,3.7134522028476242,20,21,3.3161812386542775,3.3161812386542775,4.9299540519714355
250,2510.0000074833283,2.987664250427774,3.8109030565460302,17,18,3.1368276481686115,3.1368276481686115,4.9473724365234375
251,2520.0000075131425,2.96408591094463,3.904679690639536,28,29,3.1791418996380347,3.1791418996380347,4.594802379608154
252,2530.0000075429566,3.0514054998929847,3.5827191935206293,18,19,3.319162720420142,3.319162720420142,4.986322402954102
253,2540.0000075727703,3.056975762969511,3.8473196182285747,22,22,3.421739700401445,3.421739700401445,5.18009090423584
254,2550.0000076025844,2.9837321539924337,3.7666180268179925,21,21,3.406305874821007,3.406305874821007,5.386439800262451
255,2560.0000076323986,2.9531657562406797,3.2405154545629498,30,30,3.2770506456963475,3.2770506456963475,5.2746405601501465
256,2570.0000076622127,2.971963470109234,3.8745008410597133,40,44,3.374404626473196,3.374404626473196,5.12382698059082
257,2580.000007692027,3.0169394474334985,4.402541933285345,25,31,3.5015928184664777,3.5015928184664777,5.288237571716309
258,2590.0000077218406,2.8363769271135872,4.417908135052449,27,34,3.2468673892932354,3.2468673892932354,5.52849817276001
259,2600.0000077516547,2.959138422846075,4.378379093620667,23,24,3.3568574717570523,3.3568574717570523,5.946730136871338
260,2610.000007781469,3.082913772899342,4.319221330330282,25,25,3.517371611110956,3.517371611110956,5.462353229522705
261,2620.000007811283,2.9746328011622536,4.311865323227372,25,27,3.208090127716755,3.208090127716755,5.020393371582031
262,2630.000007841097,2.9209653774862425,4.301637323453935,33,34,3.347944884689272,3.347944884689272,5.322021007537842
263,2640.000007870911,2.9696799759445396,4.567057490839328,29,33,3.0014688157935048,3.0014688157935048,5.3399529457092285
264,2650.000007900725,3.038441830339615,4.442140296933608,23,24,3.1527522817680897,3.1527522817680897,5.773178577423096
265,2660.000007930539,3.001496933551479,4.8981479144186855,24,26,3.207104667914418,3.207104667914418,5.926013469696045
266,2670.0000079603533,2.923835340440596,5.004858688334118,22,25,3.194708040052658,3.194708040052658,5.541931629180908
267,2680.0000079901674,2.9821363651592545,4.858645551488595,24,27,3.2878704386711908,3.2878704386711908,5.552680492401123
268,2690.000008019981,2.9343810314846737,4.654038494074892,27,30,3.130946955105667,3.130946955105667,5.150874614715576
269,2700.0000080497953,3.0028722635811698,5.016081278808137,22,23,3.6291691713973235,3.6291691713973235,5.3276495933532715
270,2710.0000080796094,2.905225689666289,4.796972092987465,30,31,2.9971713257267467,2.9971713257267467,5.028219699859619
271,2720.0000081094236,2.9385693113104705,4.770043204195536,23,24,3.5059897886224776,3.5059897886224776,5.692990303039551
272,2730.0000081392377,2.865952259617103,5.558593477580041,19,21,3.2511307487429453,3.2511307487429453,5.68408727645874
273,2740.0000081690514,2.8958697891609537,5.214312281170644,26,30,3.2794196199573125,3.2794196199573125,5.668920993804932
274,2750.0000081988655,2.79599199945246,4.73747353689271,28,31,3.363152323765317,3.363152323765317,5.398556709289551
275,2760.0000082286797,2.7225966670099075,4.360474988930184,20,22,3.349428792063326,3.349428792063326,5.478048801422119
276,2770.000008258494,2.700688603792636,4.712758635336251,17,20,3.4004092453449597,3.4004092453449597,5.725816249847412
277,2780.000008288308,2.7682473111097465,4.683145568423434,25,26,3.3348930517287814,3.3348930517287814,5.805237293243408
278,2790.000008318122,2.7494403597373838,4.38594520838304,21,22,3.384911584978051,3.384911584978051,5.888495445251465
279,2800.000008347936,2.6604449218730974,4.471726473824894,18,18,3.3015868130932295,3.3015868130932295,5.8431572914123535
280,2810.00000837775,2.625986875099322,4.608116384971273,22,22,3.2705718824587167,3.2705718824587167,5.555716037750244
281,2820.000008407564,2.650311510425332,4.78106533321021,15,16,3.1662605366222007,3.1662605366222007,6.226593494415283
282,2830.0000084373783,2.5274857000269915,4.994839789960886,23,24,3.2090444499076733,3.2090444499076733,6.901464462280273
283,2840.0000084671924,2.4880199817750044,5.382584728163774,22,22,3.1361447147313477,3.1361447147313477,6.873803615570068
284,2850.000008497006,2.513376471373741,4.925559696923525,23,26,3.224510075116589,3.224510075116589,6.566165924072266
285,2860.0000085268202,2.5104812641064984,6.19322906412012,25,26,2.925041285638429,2.925041285638429,7.848739147186279
286,2870.0000085566344,2.4799916092858956,6.270910708399315,31,34,3.2396651522684934,3.2396651522684934,6.852828025817871
287,2880.0000085864485,2.540841986378245,6.059364434387867,38,43,3.203582750208048,3.203582750208048,6.630479335784912
288,2890.0000086162627,2.4535747532811087,6.360601599512059,31,37,3.0786934395099155,3.0786934395099155,6.985860347747803
289,2900.0000086460764,2.4305138472070875,6.175464958114752,19,21,3.263451153992457,3.263451153992457,7.183313846588135
290,2910.0000086758905,2.4161589196978457,6.246657537026105,38,43,3.256728462402277,3.256728462402277,6.900196552276611
291,2920.0000087057047,2.3935592994033046,5.925230896405751,35,41,3.3058737415395134,3.3058737415395134,7.143395900726318
292,2930.000008735519,2.248089881840417,6.703663216238846,33,41,3.1638800763247796,3.1638800763247796,7.332607269287109
293,2940.000008765333,2.1851720703362822,6.287194565117712,26,35,2.710123539296977,2.710123539296977,6.676144599914551
294,2950.0000087951466,2.156793589527272,6.33700341296854,19,30,3.4049099175909228,3.3534918707680736,6.674217224121094
295,2960.000008824961,2.108393028724643,5.870530284270012,31,37,3.180092944504814,3.180092944504814,6.238280773162842
296,2970.000008854775,2.202863701881077,6.070406319144419,19,21,3.0987991155768544,3.0987991155768544,6.785763740539551
297,2980.000008884589,2.110182369670193,5.535451819513399,22,23,3.345603959142601,3.345603959142601,6.200523376464844
298,2990.000008914403,2.1974805641409456,5.316171628747021,25,26,3.376528775781712,3.376528775781712,5.780417442321777
299,3000.000008944217,2.053959989965267,5.109574321663336,25,25,3.245084477623933,3.245084477623933,5.869021892547607
300,3010.000008974031,2.2213444918355756,5.49467925331754,22,27,3.295444966182855,3.295444966182855,5.739767551422119
301,3020.000009003845,2.2236269868488066,5.5924541369800265,29,30,3.1587465232467746,3.1587465232467746,6.353213787078857
302,3030.0000090336594,2.2097245625485202,5.414978392424774,17,17,2.867758550451641,2.867758550451641,6.830174922943115
303,3040.0000090634735,2.29306223665125,5.4270383580685815,36,37,3.237916157318185,3.237916157318185,5.468363285064697
304,3050.000009093287,2.3304789235675676,5.635664219760129,22,24,3.2203328091854124,3.2203328091854124,5.9223198890686035
305,3060.0000091231013,2.2081589461949362,4.272265459946477,24,27,3.2681986907997684,3.2681986907997684,5.205693244934082
306,3070.0000091529155,2.279694195167156,4.4351541277838376,27,27,3.095794329085517,3.095794329085517,4.913156986236572
307,3080.0000091827296,2.246321781210971,4.682786746750277,27,30,3.4602696548976075,3.4602696548976075,5.328263282775879
308,3090.000009212544,2.290213166860053,4.690117111913677,31,31,2.8918305088569607,2.8918305088569607,5.4004435539245605
309,3100.0000092423575,2.2318266702074063,4.174468737549556,33,33,3.1152571730877363,3.1152571730877363,5.355442047119141
310,3110.0000092721716,2.302393451792724,4.832827110045177,23,24,3.322950962572685,3.322950962572685,4.924046039581299
311,3120.0000093019858,2.5224618017643192,4.771570495817063,14,17,3.3134281367097755,3.3134281367097755,5.466402053833008
312,3130.0000093318,2.4007992279083954,4.356248423713829,22,22,3.1550705737059066,3.1550705737059066,4.617368221282959
313,3140.000009361614,2.569232113396263,3.822238660871263,26,26,3.210046082633929,3.210046082633929,4.8041229248046875
314,3150.0000093914277,2.5302962275692757,4.18260315648572,26,27,3.4450595526490426,3.4450595526490426,5.022769927978516
315,3160.000009421242,2.6589321729712694,3.9901067868134956,40,41,2.870034181331619,2.870034181331619,4.833005905151367
316,3170.000009451056,2.6081444932847604,4.519121731899854,25,26,3.3720479428137624,3.3720479428137624,5.254782199859619
317,3180.00000948087,2.659550430451398,4.681399171505127,26,29,3.3289357245597757,3.3289357245597757,5.455224514007568
318,3190.0000095106843,2.756889193266118,4.335334818578147,25,25,2.8890079474714168,2.8890079474714168,5.154688358306885
319,3200.0000095404985,2.8916772704755878,4.834676570719838,29,29,2.9864403007923372,2.9864403007923372,5.637595176696777
320,3210.000009570312,2.842718060672904,4.5762317166025595,27,30,3.318865553818241,3.318865553818241,4.955916404724121
321,3220.0000096001263,2.9001327061122844,4.137228073653202,21,22,2.9351333179624852,2.9351333179624852,5.266411304473877
322,3230.0000096299405,2.836227020964513,4.653258118637292,31,32,3.10178766597412,3.10178766597412,5.117124557495117
323,3240.0000096597546,2.737695175172355,4.913700942921995,17,19,3.0324786942970805,3.0324786942970805,5.523487091064453
324,3250.0000096895687,2.6742412379459934,4.708970058672597,22,22,3.3379402101733398,3.3379402101733398,5.462780952453613
325,3260.0000097193824,2.793910992278432,5.133395388040004,15,15,2.9577178450961896,2.9577178450961896,5.482208728790283
326,3270.0000097491966,2.670953307590887,4.567526047743901,28,30,3.0713597821488636,3.0713597821488636,4.6646728515625
327,3280.0000097790107,2.797524118245979,4.924996947468189,18,18,3.379618315579784,3.379618315579784,5.643912315368652
328,3290.000009808825,2.6194651553153334,5.1952253280371155,21,23,3.124012644444159,3.124012644444159,5.542040824890137
329,3300.000009838639,2.565772672625421,4.944662593000833,13,14,3.306626662781423,3.306626662781423,5.207055568695068
330,3310.0000098684527,2.7713218757871396,4.737437431183069,34,34,3.362987418693842,3.362987418693842,5.409173011779785
331,3320.000009898267,2.7067399118675644,5.312615696794164,35,35,3.046440964300928,3.046440964300928,5.643389701843262
332,3330.000009928081,2.729178002752538,5.0460630395318935,27,31,3.19441083790158,3.19441083790158,4.794349193572998
333,3340.000009957895,2.707449619164306,5.102712727457355,26,27,3.222574823205237,3.222574823205237,5.069657802581787
334,3350.0000099877093,2.684540388611688,4.646023499069425,26,27,3.028502653354678,3.028502653354678,5.199169635772705
335,3360.000010017523,2.6563922934529076,4.71489679002925,24,25,3.288542344330496,3.288542344330496,5.631888389587402
336,3370.000010047337,2.5856352222056165,4.7549925874582195,30,33,3.350229988900891,3.350229988900891,5.4555134773254395
337,3380.0000100771513,2.5285299908417858,4.917785401159843,23,25,2.9609493749035534,2.9609493749035534,5.153406620025635
338,3390.0000101069654,2.392793814774022,5.202694315887792,28,32,3.068179545841736,3.068179545841736,5.509705066680908
339,3400.0000101367796,2.4696060394495087,4.962905690566588,24,24,3.6615665289109773,3.6615665289109773,5.791558265686035
340,3410.0000101665933,2.515483889171471,5.062815876983138,29,30,3.0637701711641308,3.0637701711641308,5.616037845611572
341,3420.0000101964074,2.5462107928372104,4.771778126032053,33,34,3.3905222763205596,3.3905222763205596,5.229249000549316
342,3430.0000102262215,2.579339403494316,5.027319312777309,33,36,2.8268077632496604,2.8268077632496604,5.155484199523926
343,3440.0000102560357,2.41853861762664,5.066459101937385,27,27,2.9991721670374,2.9991721670374,5.4465813636779785
344,3450.00001028585,2.3459705546010996,4.531170879023877,24,24,3.133392019778817,3.133392019778817,5.743603229522705
345,3460.0000103156635,2.390743897229911,4.706862339212851,31,33,3.025373754501732,3.025373754501732,5.230919361114502
346,3470.0000103454777,2.3289858562526615,4.9444294261706005,25,28,3.3807782476410098,3.3807782476410098,5.473949909210205
347,3480.000010375292,2.3662762780784155,5.536332008877988,38,41,3.0402342835497294,3.0402342835497294,5.843421936035156
348,3490.000010405106,2.3074144886297074,4.8449074600462465,32,33,3.3837701165210494,3.3837701165210494,5.202426433563232
349,3500.00001043492,2.308086127413657,5.7244957509917365,28,29,3.1852933446737737,3.1852933446737737,5.595693588256836
350,3510.000010464734,2.3861805279237003,5.436531764210483,34,37,3.3270523191071897,3.3270523191071897,5.70421838760376
351,3520.000010494548,2.474453463715947,5.241151921454532,23,24,3.384659525500909,3.384659525500909,5.456217288970947
352,3530.000010524362,2.5229135181438194,5.581684109477257,25,26,3.195480102239164,3.195480102239164,5.748246192932129
353,3540.0000105541762,2.496466012243683,6.002887987617752,22,23,3.486300996908145,3.486300996908145,6.171647548675537
354,3550.0000105839904,2.3553510702148417,5.76435442771384,35,36,3.1765568686806165,3.1765568686806165,5.965048313140869
355,3560.000010613804,2.3065826117066393,5.418597377101108,27,28,3.0794039304879584,3.0794039304879584,5.787323474884033
356,3570.000010643618,2.3526699776329214,5.907018153305217,27,28,3.271778206554797,3.271778206554797,6.322669506072998
357,3580.0000106734324,2.223510173464957,5.436487991907883,24,25,2.835673234621843,2.835673234621843,5.575170516967773
358,3590.0000107032465,2.228441828674706,5.431861518491581,39,40,3.1277051629304764,3.1277051629304764,5.469949245452881
359,3600.0000107330607,2.1242376432163645,4.923428037722137,32,32,3.0586782152648464,3.0586782152648464,5.415160179138184
360,3610.0000107628744,2.115185784897515,5.078121443371966,41,44,2.9731617351274164,2.9731617351274164,5.223049640655518
361,3620.0000107926885,2.1471648192358135,4.704587042662218,32,33,3.0774162710482753,3.0774162710482753,5.546581745147705
362,3630.0000108225026,2.101627583068988,5.003528326349376,19,20,3.1770105319157214,3.1770105319157214,5.698261737823486
363,3640.000010852317,2.0210116176236355,5.316414287681287,23,24,3.1949899577541623,3.1949899577541623,5.910706043243408
364,3650.000010882131,2.131113123366426,5.180987691378045,41,42,3.2180323922026868,3.2180323922026868,5.716738700866699
365,3660.000010911945,2.223328472360154,5.692838427382051,29,31,3.1372867644502094,3.1372867644502094,5.713937759399414
366,3670.000010941759,2.086363954413491,5.221001402332572,34,37,3.09314488438898,3.09314488438898,5.715561389923096
367,3680.000010971573,2.1284566481303777,4.80629686036203,24,24,3.2269188562630706,3.2269188562630706,5.765161991119385
368,3690.000011001387,2.063921181733078,4.938575989974884,24,24,3.167138809492275,3.167138809492275,6.1733574867248535
369,3700.000011031201,2.077013106251442,4.853513066433363,21,25,3.4560874020012045,3.4560874020012045,5.654589653015137
370,3710.0000110610154,2.199109887311015,5.099609219211119,19,20,3.1675463512176325,3.1675463512176325,5.500695705413818
371,3720.000011090829,2.1744837821247027,4.97144555531688,31,32,3.043051819064436,3.043051819064436,5.66592264175415
372,3730.000011120643,2.0142382353729333,4.8213764132973465,36,37,3.2183990563243854,3.2183990563243854,5.4649271965026855
373,3740.0000111504573,2.0377234637900745,4.590063987572785,23,25,3.0525912425968316,3.0525912425968316,5.510838031768799
374,3750.0000111802715,2.0801241096069263,4.736290879875174,20,21,3.159529356200391,3.159529356200391,6.124794960021973
375,3760.0000112100856,2.09491546668797,4.912741189718927,25,26,3.331370355896668,3.331370355896668,6.1015729904174805
376,3770.0000112398993,2.1107192818234592,5.31434745959806,26,27,3.1597833090952747,3.1597833090952747,6.243444442749023
377,3780.0000112697135,2.0946636873429507,5.0223310308234455,24,24,3.3562767529718887,3.3562767529718887,5.876458168029785
378,3790.0000112995276,2.14910988450277,5.0290290528739305,39,43,3.221224968468054,3.221224968468054,5.315032482147217
379,3800.0000113293418,2.0631096821687067,5.319424587614752,25,26,3.276163594684892,3.276163594684892,6.212574481964111
380,3810.000011359156,2.1969554178984665,4.528811591229303,16,17,3.279369470672754,3.279369470672754,5.408543109893799
381,3820.0000113889696,2.1997279886071466,4.788414768718927,34,35,3.084254426282033,3.084254426282033,5.623249053955078
382,3830.0000114187837,2.179979805587251,5.081069072043291,28,28,3.1959861133729697,3.1959861133729697,6.204260349273682
383,3840.000011448598,2.2220870592957893,4.820909978566112,19,19,3.3420189757039953,3.3420189757039953,5.688787460327148
384,3850.000011478412,2.1213175500324026,4.411007757248636,28,32,3.2698905731225683,3.2698905731225683,5.318414211273193
385,3860.000011508226,2.145430807147775,4.8485610398984536,24,27,3.3972876689529596,3.3972876689529596,5.428039073944092
386,3870.00001153804,2.2117238495500566,4.603315436926982,29,30,3.1015259672920172,3.1015259672920172,5.791733741760254
387,3880.000011567854,2.1961349675078417,5.141865793197717,26,27,3.1603620053372516,3.1603620053372516,5.654228210449219
388,3890.000011597668,2.240428497169242,4.985677157858712,34,37,3.3005399740177315,3.3005399740177315,5.286679744720459
389,3900.0000116274823,2.117041341739725,4.816950419125799,16,17,3.4308642774015174,3.4308642774015174,5.668215274810791
390,3910.0000116572965,2.2425063840140527,4.469444121460796,27,28,3.1867362541032818,3.1867362541032818,4.749462127685547
391,3920.00001168711,2.1912478194243867,4.801095791222031,33,34,2.932725005527207,2.932725005527207,5.182957172393799
392,3930.0000117169243,2.118585021665369,4.544273622496341,30,30,2.891932981367011,2.891932981367011,5.389404296875
393,3940.0000117467384,2.0586386533936936,5.026728264853444,38,38,2.8041511039279894,2.8041511039279894,5.7257161140441895
394,3950.0000117765526,1.981182931087169,4.661958031484621,25,26,3.3064915057234034,3.3064915057234034,5.272280693054199
395,3960.0000118063667,1.9675699895356904,5.105244552588938,25,25,3.27658217310278,3.27658217310278,5.680932521820068
396,3970.0000118361804,2.1265434585649166,4.753571574684007,34,36,2.971228448875509,2.971228448875509,5.153947353363037
397,3980.0000118659946,2.0998123483371987,4.660593118540896,30,31,3.2359096804626164,3.2359096804626164,5.17658805847168
398,3990.0000118958087,2.0796893645213625,4.803320451261803,35,39,3.073142363368425,3.073142363368425,4.556395053863525
399,4000.000011925623,1.9179142250319634,4.597316889652759,29,30,3.0759579022445505,3.0759579022445505,5.4260640144348145
400,4010.000011955437,2.024216053156431,4.485478085108303,18,18,3.1524954954066415,3.1524954954066415,6.109628677368164
401,4020.0000119852507,2.0398369862856356,4.770734709526752,23,23,3.4298026738931258,3.4298026738931258,5.735342502593994
402,4030.000012015065,1.9687332562302537,4.988994212643786,13,15,3.4953796120922034,3.4953796120922034,5.571140289306641
403,4040.000012044879,2.170009463139726,4.816631659674951,20,23,3.0692485156070726,3.0692485156070726,5.110710144042969
404,4050.000012074693,2.1271823660979203,4.504959215480472,26,26,3.0621390295935473,3.0621390295935473,5.095870494842529
405,4060.0000121045073,2.129094136179939,4.940902021592058,18,19,3.4345387983772833,3.4345387983772833,5.4119791984558105
406,4070.0000121343214,2.094787620040172,4.598710448926704,29,29,3.4426229155276493,3.4426229155276493,5.69979190826416
407,4080.000012164135,2.0794251723563124,4.25807700199781,22,23,3.3077560174140994,3.3077560174140994,5.583480358123779
408,4090.0000121939493,2.1745383115867956,4.369770190408499,20,23,2.903579549442515,2.903579549442515,5.543564319610596
409,4100.000012223763,2.1928902219108646,4.172817288674445,30,32,3.135973673510462,3.135973673510462,5.536599159240723
410,4110.000012253578,2.1825363016546984,4.272934993792309,30,35,3.154531751335874,3.154531751335874,4.926638126373291
411,4120.000012283392,2.1758488177507265,4.627428276139498,16,17,3.2274366545603987,3.2274366545603987,5.438899517059326
412,4130.000012313206,2.238969550458924,4.370180337519788,29,29,3.1562478926464395,3.1562478926464395,5.252594470977783
413,4140.00001234302,2.228617459805197,4.342309158640467,27,27,3.292979316371883,3.292979316371883,5.43883752822876
414,4150.000012372833,2.328726103540407,4.399168873424059,26,28,3.1590480548488213,3.1590480548488213,5.166615009307861
415,4160.000012402647,2.3963261910669624,4.60393862934038,19,22,3.2722459436950198,3.2722459436950198,5.418393135070801
416,4170.0000124324615,2.485849697072354,4.462859711494398,17,19,2.829277527669154,2.829277527669154,4.781649589538574
417,4180.000012462276,2.355066107828064,4.505164727495405,19,19,2.9406029143400265,2.9406029143400265,6.210825443267822
418,4190.00001249209,2.2804137985474604,4.010190847271032,32,33,3.295811660928486,3.295811660928486,4.9763593673706055
419,4200.000012521904,2.311786291296076,4.4837129782257765,21,21,3.3012383595981007,3.3012383595981007,5.180124282836914
420,4210.000012551718,2.3367016798420717,5.284731980742351,22,25,3.4039374336247605,3.4039374336247605,5.052332878112793
421,4220.000012581532,2.2293436901227937,5.14979680662099,30,30,2.9070887741497815,2.9070887741497815,6.100805759429932
422,4230.000012611346,2.3466526540949744,5.614371352809278,25,25,3.1812648283492697,3.1812648283492697,6.677459239959717
423,4240.0000126411605,2.3615621683361887,5.020042279034309,27,31,3.039135881795762,3.039135881795762,5.045473575592041
424,4250.000012670974,2.3729302805066403,5.529770983315514,14,17,3.2135423461611228,3.2135423461611228,5.1501593589782715
425,4260.000012700788,2.31002056277479,5.43149616456056,27,28,3.1236116402874483,3.1236116402874483,5.592367172241211
426,4270.000012730602,2.3758401296696094,5.703270062545751,26,27,3.1469692552373396,3.1469692552373396,5.937313079833984
427,4280.000012760416,2.327218829131289,5.175955736856686,20,21,3.4179083041739937,3.4179083041739937,5.735674858093262
428,4290.00001279023,2.375114379797694,5.633817086569165,32,32,3.091363178198866,3.091363178198866,6.306151390075684
429,4300.0000128200445,2.257872069049964,4.565424181424846,21,21,3.043385149431447,3.043385149431447,6.0552144050598145
430,4310.000012849859,2.203715613911702,4.224770919775535,22,22,3.0610811918610663,3.0610811918610663,5.8076276779174805
431,4320.000012879673,2.3264733883800335,3.826120843648631,20,20,3.3846283977242577,3.3846283977242577,5.897256374359131
432,4330.000012909487,2.2817768568504024,4.189499283820347,20,20,3.5881179481529557,3.5881179481529557,6.1509575843811035
433,4340.000012939301,2.2694260350845967,4.3606198898738056,35,35,3.0907488291554426,3.0907488291554426,5.349724292755127
434,4350.000012969115,2.301307370670524,4.063691623469457,28,30,3.272294656336183,3.272294656336183,5.827215194702148
435,4360.0000129989285,2.288655940995919,3.794383238690111,28,28,3.278587032487563,3.278587032487563,5.375883102416992
436,4370.000013028743,2.167767754610026,3.6051663410522963,25,25,3.2654138963335324,3.2654138963335324,5.354238510131836
437,4380.000013058557,2.101004074636825,3.657606115115189,16,16,3.5982156365241544,3.5982156365241544,5.488246440887451
438,4390.000013088371,2.1142747106536617,3.844362099821661,17,17,3.3659570289014678,3.3659570289014678,5.790249347686768
439,4400.000013118185,2.2455918207015078,4.376645627223088,30,30,3.247334872304898,3.247334872304898,4.796525955200195
440,4410.000013147999,2.196370521367919,4.114939328215087,20,20,3.2827545582777162,3.2827545582777162,5.6185455322265625
441,4420.000013177813,2.194974474419122,4.1959534889263885,26,26,3.1835597401358133,3.1835597401358133,5.429781436920166
442,4430.0000132076275,2.2178217116040955,4.469327516016052,17,17,3.4085003225587642,3.4085003225587642,5.682199001312256
443,4440.000013237442,2.095176063953339,3.5881654495057145,18,18,3.317278403466052,3.317278403466052,6.040133953094482
444,4450.000013267256,2.1368285844850545,3.6710702975862874,16,16,3.3977127333661756,3.3977127333661756,5.583600044250488
445,4460.000013297069,2.1874881366788506,3.776693006251374,13,14,3.583257055258636,3.583257055258636,6.339572906494141
446,4470.000013326883,2.2714545992005224,4.161978713243746,16,16,3.6385569932941517,3.6385569932941517,5.8578972816467285
447,4480.000013356697,2.2398104299974584,4.140955114537992,15,15,3.3608774802396164,3.3608774802396164,5.656621932983398
448,4490.0000133865115,2.0937957281938644,4.540753981859711,22,22,3.2667053706378906,3.2667053706378906,5.566251277923584
449,4500.000013416326,2.0966251168094776,4.459067053951694,22,22,3.2671407595585857,3.2671407595585857,5.60992956161499
450,4510.00001344614,2.1356153857744458,3.6658525768004244,31,31,3.1631205620433565,3.1631205620433565,5.165341377258301
451,4520.000013475954,2.13191433762023,4.384040610671209,26,26,3.085421975271401,3.085421975271401,5.7154083251953125
452,4530.000013505768,2.256937001562742,4.658408504519219,31,31,3.250747665150576,3.250747665150576,5.210581302642822
453,4540.000013535582,2.229317164536271,5.464176439974478,19,19,3.410577570120812,3.410577570120812,6.029735088348389
454,4550.000013565396,2.129713783402113,5.371083484886639,24,25,3.0708177251285993,3.0708177251285993,5.63663387298584
455,4560.00001359521,2.1110202121720345,5.635595592985118,44,47,2.904222170026429,2.904222170026429,4.970737457275391
456,4570.000013625024,2.18360773301551,5.055702958331804,19,20,3.2709624060797173,3.2709624060797173,4.969362258911133
457,4580.000013654838,2.064040016720909,5.478020156972043,25,25,3.351418896503719,3.351418896503719,5.398662090301514
458,4590.000013684652,2.0873026670101615,4.740901693418344,26,26,3.006817336119101,3.006817336119101,5.580559253692627
459,4600.000013714466,2.135923857173763,5.052836266607719,34,34,3.1155142737771637,3.1155142737771637,5.284419059753418
460,4610.00001374428,2.0374488552312022,5.496932284937278,27,28,3.204229551255883,3.204229551255883,5.562020301818848
461,4620.000013774094,2.138153062133234,4.786301836423323,25,30,3.379258099453798,3.379258099453798,5.542413234710693
462,4630.000013803909,2.1176872526480843,4.59212320270448,35,39,3.1494724472285833,3.1494724472285833,4.8844733238220215
463,4640.000013833723,2.167865359251037,5.027125881617674,22,22,3.002449897256686,3.002449897256686,5.234579086303711
464,4650.000013863537,2.1037255743330157,5.154375561457884,43,44,2.950353079641122,2.950353079641122,5.449929237365723
465,4660.00001389335,2.1330142309509643,4.573196388413168,32,32,3.0809207766301316,3.0809207766301316,5.1926445960998535
466,4670.000013923164,2.013677647058857,5.1485542812211875,27,28,3.099058531065875,3.099058531065875,4.9262871742248535
467,4680.000013952978,2.0820685643450427,5.260368829518856,29,31,3.177857521707945,3.177857521707945,5.48703670501709
468,4690.000013982793,1.971506946097744,4.673408452975446,29,29,3.0640214643368635,3.0640214643368635,5.1226806640625
469,4700.000014012607,2.0821764524461033,4.9631262507410865,27,27,3.246817554137844,3.246817554137844,5.3759765625
470,4710.000014042421,2.1350395354382905,4.936914088184217,30,32,3.305892931786188,3.305892931786188,4.752075672149658
471,4720.000014072235,2.1490482663651327,4.281444801991134,19,19,3.087361081642158,3.087361081642158,4.798585891723633
472,4730.000014102049,2.1461228055834267,4.6903740897944655,10,11,3.343834290689745,3.343834290689745,5.178542137145996
473,4740.000014131863,2.2418680431877016,4.434599168396128,20,21,3.2588760429778905,3.2588760429778905,5.45758056640625
474,4750.000014161677,2.2358682445819054,4.392205168498174,33,34,3.2430263152556438,3.2430263152556438,5.072112560272217
475,4760.000014191492,2.248882846696772,4.57144817867471,23,23,3.248171936431602,3.248171936431602,5.329716682434082
476,4770.000014221305,2.2457870419364476,4.905143849320794,40,42,3.2079447757511477,3.2079447757511477,4.989348888397217
477,4780.000014251119,2.179592972302582,4.89570509840198,31,35,3.2821541927136235,3.2821541927136235,5.1054301261901855
478,4790.000014280933,2.2073511635288483,4.589152009688864,28,28,3.316420166709438,3.316420166709438,5.218348026275635
479,4800.000014310747,2.2720398567186315,4.418164940297676,26,28,3.2222344230431514,3.2222344230431514,4.978228569030762
480,4810.000014340561,2.2927214286390365,4.813764524147066,26,30,3.2574405846056833,3.2574405846056833,5.001166820526123
481,4820.0000143703755,2.1239807351401874,4.312678780266888,20,20,3.135264501490024,3.135264501490024,4.786617755889893
482,4830.00001440019,2.033633901473883,4.585101604464827,36,37,3.2300426872625154,3.2300426872625154,4.929925441741943
483,4840.000014430004,2.161362182730821,4.518526211543361,16,16,3.364101230985171,3.364101230985171,5.573733329772949
484,4850.000014459818,2.173530280191068,4.619944818059066,27,27,3.2592065621079036,3.2592065621079036,5.646231174468994
485,4860.000014489632,2.1431624144919073,5.371546915977578,31,31,2.884429222411593,2.884429222411593,5.831859111785889
486,4870.000014519445,2.1002775688119195,5.036994590193702,36,37,2.9777689998782524,2.9777689998782524,5.246420383453369
487,4880.0000145492595,2.00867184146983,4.6595189372601,18,18,3.3328140202625463,3.3328140202625463,5.714576244354248
488,4890.000014579074,2.0677908484127063,4.438180131969644,38,38,2.867753683824852,2.867753683824852,5.109119415283203
489,4900.000014608888,1.938483372650684,4.364109957649716,27,27,2.9436694226214826,2.9436694226214826,5.729610919952393
490,4910.000014638702,2.0697261294767157,4.329683887255186,24,25,3.359517453408145,3.359517453408145,4.884100437164307
491,4920.000014668516,2.0104733839496474,4.475659993371113,25,25,3.139567001820825,3.139567001820825,5.064531326293945
492,4930.00001469833,2.0449736486314447,4.7167934343690385,29,29,3.098283134670374,3.098283134670374,5.517909526824951
493,4940.000014728144,2.150189123942313,4.668015607747681,24,24,2.9369576751444004,2.9369576751444004,4.897075176239014
494,4950.0000147579585,2.1534930297659334,4.705792244030046,32,32,3.157812314445584,3.157812314445584,5.595402240753174
495,4960.000014787773,2.175896172623189,4.676188023348337,34,38,2.9644688749863217,2.9644688749863217,5.17769718170166
496,4970.000014817586,2.0693196185476017,4.811165134167598,32,33,2.8787597155850317,2.8787597155850317,5.590551853179932
497,4980.0000148474,2.0933348685425113,4.997122101274944,42,43,3.2929695786841355,3.2929695786841355,5.053737163543701
498,4990.000014877214,2.272881538515365,4.322331444658973,32,33,2.9494452164824243,2.9494452164824243,5.416879653930664
499,5000.000014907028,2.114470594468771,4.637553859755475,29,29,3.1671661124678345,3.1671661124678345,5.302120208740234
500,5010.0000149368425,2.181767152664678,4.83627298207075,19,20,3.1717101952294233,3.1717101952294233,5.714240074157715
501,5020.000014966657,2.089083610953756,4.465831772004805,26,27,3.2508598558883883,3.2508598558883883,5.070720672607422
502,5030.000014996471,2.1244588192874385,4.711188663933744,22,22,3.188384019263929,3.188384019263929,5.425736427307129
503,5040.000015026285,2.070584033882068,4.869089887361175,30,30,3.178055478495824,3.178055478495824,5.07143497467041
504,5050.000015056099,2.191275294556452,4.685746493184872,25,27,3.112126793897898,3.112126793897898,4.994474411010742
505,5060.000015085913,2.2829049000940143,3.8317450051625777,23,24,3.2294858176280976,3.2294858176280976,5.173373699188232
506,5070.0000151157265,2.320283670335204,4.383490066082311,40,41,3.0695779827492684,3.0695779827492684,4.514869689941406
507,5080.000015145541,2.260078842509491,4.32236405445373,32,32,3.036733329224789,3.036733329224789,4.5630059242248535
508,5090.000015175355,2.4365970447085634,3.749760456957835,17,17,3.158978573366935,3.158978573366935,4.83901834487915
509,5100.000015205169,2.466205426380162,4.701240398364777,16,16,3.396211194885174,3.396211194885174,5.13507080078125
510,5110.000015234983,2.288489895928226,5.130264358770035,19,19,3.5342686789949784,3.5342686789949784,5.0661163330078125
511,5120.000015264797,2.357471637334053,4.582132213068134,35,37,3.0398540965527614,3.0398540965527614,4.884251117706299
512,5130.000015294611,2.402057895244881,4.254711300630478,28,29,3.3171624483419158,3.3171624483419158,4.944115161895752
513,5140.0000153244255,2.3564993543536956,4.42194696195979,30,31,3.1757587087297448,3.1757587087297448,4.8947834968566895
514,5150.00001535424,2.1776063717096137,4.503636049302391,30,30,3.2815478616754565,3.2815478616754565,5.121613025665283
515,5160.000015384054,2.329687959535761,4.702376032911351,30,30,3.1281210886227724,3.1281210886227724,5.495980262756348
516,5170.000015413868,2.331777133529126,3.7563094288032635,23,23,2.9475519753869905,2.9475519753869905,5.345578193664551
517,5180.000015443681,2.488799034934266,4.086041737088985,21,23,3.254471173743085,3.254471173743085,4.817516803741455
518,5190.000015473495,2.428190194019595,4.045743419848786,26,26,3.4468745475098683,3.4468745475098683,5.048978328704834
519,5200.000015503309,2.466728130537779,3.950297718078069,30,30,3.1534010632261054,3.1534010632261054,5.08879280090332
520,5210.000015533124,2.2685673194267717,4.539609251474678,28,29,3.2487557434113086,3.2487557434113086,5.345935344696045
521,5220.000015562938,2.4436435030892945,4.916839472082219,36,38,3.039753234696869,3.039753234696869,4.952877044677734
522,5230.000015592752,2.4696183031759693,4.159628643853784,20,24,3.3111436118900595,3.3111436118900595,4.933774948120117
523,5240.000015622566,2.512702131124991,4.0767563243376435,24,26,3.3081712292256475,3.3081712292256475,4.661211013793945
524,5250.00001565238,2.472278899859468,4.014301327791618,31,35,3.3544875705844635,3.3544875705844635,5.191239833831787
525,5260.000015682194,2.409687385677794,4.434504225473238,31,31,3.112062743404364,3.112062743404364,4.783782482147217
526,5270.0000157120085,2.4071598465063193,4.619749517521838,27,28,2.973464821430687,2.973464821430687,5.231990814208984
527,5280.000015741822,2.398858360829564,4.395796426804889,40,40,3.199842883037449,3.199842883037449,4.716399669647217
528,5290.000015771636,2.374964839448262,4.697128817081164,33,35,3.3069384490148117,3.3069384490148117,4.610421657562256
529,5300.00001580145,2.509545342178409,4.970371991348521,27,29,3.2407154769789965,3.2407154769789965,4.864877223968506
530,5310.000015831264,2.406101537402238,4.404667231476079,29,30,3.1112040825907346,3.1112040825907346,4.589179992675781
531,5320.000015861078,2.3966490813058035,4.984838327363679,28,29,3.1539089315485374,3.1539089315485374,4.974365234375
532,5330.000015890892,2.3881590777751116,5.269750785772758,38,40,3.09229628625128,3.09229628625128,5.256491661071777
533,5340.000015920707,2.223283672582528,4.689161422455674,20,20,3.4241646563005816,3.4241646563005816,5.283954620361328
534,5350.000015950521,2.298101598235353,4.653869331346165,24,26,2.942217130699018,2.942217130699018,5.05408239364624
535,5360.000015980335,2.2955886517684716,5.114938377844641,23,27,3.289779794418148,3.289779794418148,5.053591251373291
536,5370.000016010149,2.201248436984097,4.885545148668369,27,32,3.251210694086961,3.251210694086961,5.169243812561035
537,5380.000016039962,2.3030953638668175,5.284606973876846,25,27,3.1969273446819626,3.1969273446819626,5.012467384338379
538,5390.000016069776,2.4382773820691273,5.405087049608352,35,35,3.1114764546373226,3.1114764546373226,5.359271049499512
539,5400.0000160995905,2.270911858266453,5.130651747038179,19,19,2.990397449165955,2.990397449165955,5.236818313598633
540,5410.000016129405,2.4001348828170643,5.044559505169522,28,33,2.9651252556549643,2.9651252556549643,5.253188610076904
541,5420.000016159219,2.230282944552802,4.9995579475275,22,22,3.0111343334805585,3.0111343334805585,5.831215858459473
542,5430.000016189033,2.424100477541346,4.810875139023465,27,28,3.1534843438008835,3.1534843438008835,5.516439437866211
543,5440.000016218847,2.3651349992009782,5.4139410719237295,33,34,3.221041394386933,3.221041394386933,5.8568549156188965
544,5450.000016248661,2.4332638362193455,5.192398085300172,27,28,3.163490435644459,3.163490435644459,5.162298679351807
545,5460.000016278475,2.311616364919631,5.048026939451862,31,32,3.3375789649455205,3.3375789649455205,5.206210136413574
546,5470.00001630829,2.5086121936204404,4.702756773322565,20,22,3.2204308880209616,3.2204308880209616,5.536313533782959
547,5480.000016338103,2.5398013126124908,4.970461347810687,23,24,2.9873989632725824,2.9873989632725824,5.302958011627197
548,5490.000016367917,2.5612706200880506,4.136715738153701,40,42,3.208783258066855,3.208783258066855,4.904824733734131
549,5500.000016397731,2.5569493423909666,4.144467502816748,26,27,3.057848870058742,3.057848870058742,5.105778694152832
550,5510.000016427545,2.5483586503125606,3.8579913922802773,27,28,3.320799338461522,3.320799338461522,4.473023891448975
551,5520.000016457359,2.550718684428364,4.35410962134146,27,27,2.8401610494434415,2.8401610494434415,5.183493137359619
552,5530.0000164871735,2.6253733987249346,4.4058470657343465,35,35,3.2913547213270076,3.2913547213270076,4.9155802726745605
553,5540.000016516988,2.575328155501249,4.7077740913688215,28,28,3.1914837059018963,3.1914837059018963,5.355199337005615
554,5550.000016546802,2.7500938478755526,4.381444245770151,33,34,3.232730288892591,3.232730288892591,4.503645896911621
555,5560.000016576616,2.7302066280887,4.516030559979481,22,24,3.3008696745139594,3.3008696745139594,4.950151443481445
556,5570.00001660643,2.7474900977901076,4.84722047706939,36,37,2.7032646738010295,2.7032646738010295,4.860856056213379
557,5580.000016636244,2.6151698117901687,4.164281540329801,24,25,3.1783858432024177,3.1783858432024177,4.683990955352783
558,5590.0000166660575,2.849916155358003,4.198945305291756,34,34,2.889155033711523,2.889155033711523,4.763015270233154
559,5600.000016695872,2.7980947682458956,4.034480130068365,32,32,3.375287093433311,3.375287093433311,5.245819091796875
560,5610.000016725686,2.7080036033846246,4.486392855137,25,25,3.3208484741480007,3.3208484741480007,4.435917377471924
561,5620.0000167555,2.771204859136102,4.613702283163109,30,30,3.335234465818339,3.335234465818339,4.664918422698975
562,5630.000016785314,2.8815269190222463,4.747509997475088,28,30,3.2670913304185256,3.2670913304185256,4.520463466644287
563,5640.000016815128,2.93853921680333,4.310550120985381,30,31,3.3201706609838926,3.3201706609838926,4.38962984085083
564,5650.000016844942,2.8313604804215626,4.5016615036927625,29,31,3.194231281235253,3.194231281235253,4.742543697357178
565,5660.0000168747565,2.921658276201679,4.382205582811315,30,31,3.1029985771449184,3.1029985771449184,4.5550947189331055
566,5670.000016904571,2.942189948383711,4.54859612322391,32,37,3.166374967767262,3.166374967767262,4.753226280212402
567,5680.000016934385,2.969638057464442,4.5207114417565,27,27,3.2616610144919975,3.2616610144919975,4.881752967834473
568,5690.000016964198,3.0192932958694727,4.381266066449159,23,25,2.9401794962281573,2.9401794962281573,4.886184215545654
569,5700.000016994012,3.050883310388518,5.0400646171959345,30,32,3.3503057544419788,3.3503057544419788,4.814067363739014
570,5710.000017023826,2.6831392444392965,4.731389170236842,30,30,3.3519255438927904,3.3519255438927904,4.715651035308838
571,5720.0000170536405,2.7198704404543212,4.695482113048416,32,32,2.960488033864965,2.960488033864965,4.50274658203125
572,5730.000017083455,2.6181746228763387,4.848296572299977,35,39,3.206857106005,3.206857106005,4.735078811645508
573,5740.000017113269,2.744127758402265,5.2381687785692,32,34,3.207906374316131,3.207906374316131,5.023701190948486
574,5750.000017143083,2.631637060955111,5.388563733871942,24,25,3.270663988156616,3.270663988156616,5.663990497589111
575,5760.000017172897,2.9169584450090764,5.2200824487156705,21,21,3.3006617716566895,3.3006617716566895,5.7464470863342285
576,5770.000017202711,2.825929380406346,5.822791916837155,22,24,3.2258996113230896,3.2258996113230896,6.050709247589111
577,5780.000017232525,2.8514653721851597,5.339687284142391,31,31,3.049804474980384,3.049804474980384,5.921982765197754
578,5790.000017262339,2.727036073163101,5.2983725673655195,41,41,3.061099379238413,3.061099379238413,5.863761901855469
579,5800.000017292153,2.6441231224425685,5.252898934563142,35,40,2.9765571310670658,2.9765571310670658,5.090349197387695
580,5810.000017321967,2.76053402371515,5.586349408154665,28,29,3.1186801943923985,3.1186801943923985,5.591740131378174
581,5820.000017351781,2.645323622985644,5.1259378077571,32,33,3.240774046923363,3.240774046923363,5.285346984863281
582,5830.000017381595,2.561831203918638,5.2143276720054645,24,24,3.181970088864367,3.181970088864367,5.482966899871826
583,5840.000017411409,2.611944590869547,5.089353556295332,38,40,3.1397940121465693,3.1397940121465693,4.526814937591553
584,5850.0000174412235,2.7371543570306356,5.073950045894803,30,31,3.394181549554786,3.394181549554786,4.580404758453369
585,5860.000017471038,2.677429539792632,4.361402808006252,27,27,3.2955753850949154,3.2955753850949154,5.177164554595947
586,5870.000017500852,2.610375893400067,4.209454186022014,39,41,2.9257764713034993,2.9257764713034993,4.658254146575928
587,5880.000017530666,2.783735411580719,4.627456061273004,20,20,3.296034678241274,3.296034678241274,5.163163185119629
588,5890.000017560479,2.7809646167043436,4.79973227566082,30,30,3.342308249582307,3.342308249582307,4.948566436767578
589,5900.000017590293,2.8085071838070745,4.702258611968036,34,34,3.001213896868578,3.001213896868578,5.110246658325195
590,5910.000017620107,2.744074511079012,5.39383981985652,30,30,3.272105177029966,3.272105177029966,5.047031879425049
591,5920.000017649922,2.718805648145818,5.3827661407105145,31,34,3.265896330338448,3.265896330338448,5.146713733673096
592,5930.000017679736,2.778751916160787,5.444929289151562,39,40,2.943135761960951,2.943135761960951,5.33204460144043
593,5940.00001770955,2.8379020291271675,5.34124387294125,31,31,3.0809914901113378,3.0809914901113378,5.438470363616943
594,5950.000017739364,2.800323014780203,5.382873786027724,29,32,3.125708427709012,3.125708427709012,5.00260066986084
595,5960.000017769178,2.8309581499491725,5.206928577767223,27,29,3.3301185174120254,3.3301185174120254,5.132279872894287
596,5970.000017798992,2.7244414886679746,5.26215035563386,26,26,3.120215439461073,3.120215439461073,5.637875080108643
597,5980.000017828806,2.7301342145283933,5.127044563952795,18,19,3.175921623526468,3.175921623526468,5.43307638168335
598,5990.000017858621,2.7922690394136227,5.070484087767502,23,23,3.2022578922456733,3.2022578922456733,5.360264778137207
599,6000.000017888434,2.8597981348249886,5.1075487390273775,32,35,3.2678342890374705,3.2678342890374705,4.943258285522461
600,6010.000017918248,2.761960649893225,5.686707341436245,32,33,3.2429095154276566,3.2429095154276566,5.5015950202941895
601,6020.000017948062,2.785544742802612,5.253456943469192,27,28,3.200340368920995,3.200340368920995,5.315418720245361
602,6030.000017977876,2.833976881872943,4.943593585497613,32,33,3.119284437604165,3.119284437604165,5.2139177322387695
603,6040.00001800769,2.919161023331548,5.4094996886448055,41,43,3.2220661960077615,3.2220661960077615,5.016556262969971
604,6050.000018037505,2.919384484092826,5.2008897145837265,36,37,2.876365209196428,2.876365209196428,5.474832057952881
605,6060.000018067319,2.677760673842582,5.024306240830426,26,27,3.0916199346816526,3.0916199346816526,5.206390380859375
606,6070.000018097133,2.7301144331570013,5.268078833673773,30,32,3.289729574853755,3.289729574853755,5.068923473358154
607,6080.000018126947,2.6796711607803654,5.328183478525244,20,22,3.306836928086306,3.306836928086306,5.275960922241211
608,6090.000018156761,2.843007514517993,5.578953176825448,36,37,2.925356368807166,2.925356368807166,5.080311298370361
609,6100.000018186574,2.7397027914135808,4.95813023780394,30,31,3.163141057588024,3.163141057588024,4.760562419891357
610,6110.0000182163885,2.860318690766789,5.16283282414183,32,32,3.4608403774695558,3.4608403774695558,5.068058967590332
611,6120.000018246203,2.995513463541587,4.959038632189424,14,16,3.607816774692515,3.607816774692515,5.164475440979004
612,6130.000018276017,2.802626351363055,5.3082111005324135,27,31,3.024140630708432,3.024140630708432,4.9027533531188965
613,6140.000018305831,2.7995044186011495,5.4261917163185585,26,27,2.885171749561915,2.885171749561915,5.0067458152771
614,6150.000018335645,2.7373435876953627,5.153921437783285,30,32,3.3068256917775063,3.3068256917775063,4.578249931335449
615,6160.000018365459,2.8060839010046936,4.910070498179058,28,28,3.3097203072531363,3.3097203072531363,4.779165267944336
616,6170.000018395273,2.9877161497401823,4.861470982666603,25,31,2.9948188270004237,2.9948188270004237,4.423195838928223
617,6180.000018425088,2.7839915482486974,4.715875089779005,26,28,3.3775900314074643,3.3775900314074643,4.635322570800781
618,6190.000018454902,2.7255368585726014,4.53584594807288,17,17,3.485719547278291,3.485719547278291,4.679585933685303
619,6200.000018484715,2.6613467352968008,5.407635470604657,34,35,3.0227832894661524,3.0227832894661524,5.138397693634033
620,6210.000018514529,2.758414542092859,4.870485959370062,24,26,3.618053654467944,3.618053654467944,5.089564800262451
621,6220.000018544343,2.7643082869389097,5.235348115539745,16,17,3.3696513381239335,3.3696513381239335,5.260499477386475
622,6230.000018574157,2.7706440582881036,5.261362113933896,35,40,3.1709388144652553,3.1709388144652553,4.024147987365723
623,6240.0000186039715,2.661235531987703,4.822542283301993,40,43,3.1921132994602006,3.1921132994602006,4.16574239730835
624,6250.000018633786,2.7983463621173863,5.148211080073035,32,36,3.4032493724919632,3.4032493724919632,4.409043788909912
625,6260.0000186636,2.4361832536817234,4.779131429891111,33,37,3.242670458528908,3.242670458528908,4.483390808105469
626,6270.000018693414,2.542853366632859,4.616520599000365,20,23,3.440350222663068,3.440350222663068,4.568066120147705
627,6280.000018723228,2.6045584483751716,5.184423344624348,23,27,3.1445560995896162,3.1445560995896162,4.621902942657471
628,6290.000018753042,2.5824712663016824,4.741448032765268,23,24,3.3714457067221644,3.3714457067221644,4.565221786499023
629,6300.0000187828555,2.8474365556231884,4.714314354402238,26,27,3.1437259009387186,3.1437259009387186,4.82002067565918
630,6310.00001881267,2.86545616752807,5.254978950127792,36,36,3.0311943842165214,3.0311943842165214,4.879183292388916
631,6320.000018842484,2.943308903617594,4.525595801991868,27,29,3.359190089901038,3.359190089901038,4.54109001159668
632,6330.000018872298,2.9404981562899377,4.997489430037151,21,22,3.3774735782514145,3.3774735782514145,4.6754889488220215
633,6340.000018902112,2.8399684770591906,4.644685749417841,21,21,3.2971246322551546,3.2971246322551546,4.925459384918213
634,6350.000018931926,2.9101499982466446,5.124736640132928,16,16,3.5413523281701407,3.5413523281701407,4.8683905601501465
635,6360.00001896174,2.8735754847204524,4.847318033052749,30,35,3.267765190384645,3.267765190384645,4.382177352905273
636,6370.0000189915545,2.7977924763435715,4.832140561557497,20,22,3.5068094626556947,3.5068094626556947,4.436307907104492
637,6380.000019021369,2.8354040147378132,4.865680337794866,24,29,3.4197137765244543,3.4197137765244543,4.2389678955078125
638,6390.000019051183,2.8898944683217724,4.946730326623274,29,31,3.3260700165954296,3.3260700165954296,4.630356311798096
639,6400.000019080997,2.9493284454108517,4.480916259114924,29,33,3.1802220780184953,3.1802220780184953,4.376012802124023
640,6410.00001911081,2.9490722356700867,4.45006665923001,16,17,3.3692937824258022,3.3692937824258022,5.12135124206543
641,6420.000019140624,2.955250778666153,4.718081766533672,17,18,3.219472554363793,3.219472554363793,4.77115535736084
642,6430.0000191704385,2.962600190118765,4.659363937807696,17,18,3.2774457597233506,3.2774457597233506,4.759390354156494
643,6440.000019200253,2.8066425735271774,4.566082591028036,32,34,2.8959405000276646,2.8959405000276646,4.726170063018799
644,6450.000019230067,2.818809197583727,4.559758132720592,24,24,3.3147635002897315,3.3147635002897315,4.60330867767334
645,6460.000019259881,2.817470823813655,4.819539296374576,36,40,3.2111626789307386,3.2111626789307386,4.4475998878479
646,6470.000019289695,2.82119370313806,5.251186844284445,27,29,3.204038613933347,3.204038613933347,4.481943607330322
647,6480.000019319509,2.707851935926275,4.660301785589723,29,32,3.2215484930037714,3.2215484930037714,3.8163185119628906
648,6490.000019349323,2.5873778173103608,4.5513986326510825,28,31,3.4338981566491,3.4338981566491,4.216060161590576
649,6500.0000193791375,2.6380448355296955,4.851743078718699,25,28,3.240028723208774,3.240028723208774,4.114480495452881
650,6510.000019408951,2.61447253929109,4.260087311619846,32,32,3.1451487930374737,3.1451487930374737,4.249976634979248
651,6520.000019438765,2.586676197973796,4.714737124924817,32,39,3.19092178805168,3.19092178805168,3.9849023818969727
652,6530.000019468579,2.662192352214163,4.645948417696726,41,46,3.135654243992503,3.135654243992503,3.7651662826538086
653,6540.000019498393,2.4920287172784854,4.456472754788102,30,34,3.287784568445244,3.287784568445244,3.9896936416625977
654,6550.000019528207,2.57477548269841,4.455658060019409,25,29,3.388080898753714,3.388080898753714,4.137691020965576
655,6560.000019558021,2.6694365170250167,4.575992123149534,23,30,3.2980856092143274,3.2980856092143274,3.8001270294189453
656,6570.000019587836,2.688137042539202,4.595251123526372,29,33,3.438659523584896,3.438659523584896,4.185939311981201
657,6580.00001961765,2.506835635875062,4.178684528715159,28,29,2.848736637272186,2.848736637272186,4.344491481781006
658,6590.000019647464,2.470717145401917,4.414923885809042,20,22,3.402911226058537,3.402911226058537,4.267397403717041
659,6600.000019677278,2.5556431009966776,4.534149524238985,24,29,3.4264082722333438,3.4264082722333438,4.177821159362793
660,6610.000019707091,2.588738347388021,4.322529808542859,33,34,3.1394187741676887,3.1394187741676887,4.12312126159668
661,6620.000019736905,2.5142396811908707,4.8912940579040995,26,30,3.3554731954467054,3.3554731954467054,3.960402488708496
662,6630.00001976672,2.7737316046949694,4.473136853562023,33,37,3.201114213591072,3.201114213591072,3.977440595626831
663,6640.000019796534,2.774462498972931,4.520850663219243,32,33,3.2609662298772033,3.2609662298772033,4.194239616394043
664,6650.000019826348,2.7908598237958984,4.515169567585836,30,35,3.5252861004556135,3.4798145467314106,4.066694736480713
665,6660.000019856162,2.898142091513464,4.495521296685241,34,34,3.1127456860256504,3.1127456860256504,4.024156093597412
666,6670.000019885976,2.837941476110803,4.414829069861709,30,31,2.9271452566445038,2.9271452566445038,4.19115686416626
667,6680.00001991579,2.855575128616742,4.140164146139164,26,26,3.064858495343808,3.064858495343808,4.913272857666016
668,6690.000019945604,2.774208533268403,4.6904707968297945,26,27,3.085970668198057,3.085970668198057,4.718037128448486
669,6700.000019975419,2.7362492463239416,4.190430253674501,20,22,3.45401996870454,3.45401996870454,4.917642593383789
670,6710.000020005232,2.6497156586958677,4.387008211930104,29,32,3.1646210504683014,3.1646210504683014,4.7843170166015625
671,6720.000020035046,2.7168958587505703,4.715707903757629,25,32,3.263994090815252,3.263994090815252,4.276060581207275
672,6730.00002006486,2.692183121416506,4.3316301251504505,35,37,3.1157760541661883,3.1157760541661883,4.338135242462158
673,6740.000020094674,2.71257710229227,4.480216631321671,18,18,3.5314281611404357,3.5314281611404357,4.450268268585205
674,6750.000020124488,2.7109735567101856,4.364373263956537,26,26,3.355318681087109,3.355318681087109,4.411685943603516
675,6760.000020154303,2.811771732290994,4.410010609998877,27,31,3.260079275145249,3.260079275145249,4.151633262634277
676,6770.000020184117,2.7438532448692907,4.424624555859879,24,27,3.3584831706396265,3.3584831706396265,4.043857574462891
677,6780.000020213931,2.641429355726909,4.315924673793317,17,22,3.1541322307431767,3.1541322307431767,4.220669269561768
678,6790.000020243745,2.6854418460255873,3.887158999352396,15,16,3.0005044610594456,3.0005044610594456,4.659689903259277
679,6800.000020273559,2.738716227683691,4.120258554005673,23,24,3.216886902540348,3.216886902540348,4.596774578094482
680,6810.000020303372,2.832326616081026,3.871255769091188,15,17,3.4607001446371304,3.4607001446371304,4.795461654663086
681,6820.0000203331865,2.7485501510605044,4.062848266130464,22,23,3.5094009724811337,3.4491541719751724,4.848877906799316
682,6830.000020363001,2.7624261206917056,4.178624553565966,19,21,3.4469541955205285,3.4469541955205285,4.636180877685547
683,6840.000020392815,2.738326800683648,4.154337098697675,22,22,3.3249289280412166,3.3249289280412166,4.933990955352783
684,6850.000020422629,2.8016118084736994,4.158253805256422,26,27,3.3464563366958195,3.3464563366958195,4.349564075469971
685,6860.000020452443,2.813410574117104,4.088884960909759,31,33,3.2924768882078026,3.2924768882078026,4.421872615814209
686,6870.000020482257,2.9449831595253237,4.562044120019304,29,34,3.2185023650227214,3.2185023650227214,4.065467357635498
687,6880.000020512071,2.966912762454377,4.801617241877243,35,41,3.3216111951731726,3.0272267923332783,3.579319715499878
688,6890.0000205418855,2.7570251791253275,4.521220704702899,32,35,3.221003056794439,3.221003056794439,4.029379844665527
689,6900.0000205717,2.7026957802362825,4.476987824523669,33,38,3.181226279194174,3.181226279194174,4.671850204467773
690,6910.000020601514,2.5775821047603222,4.618951164637766,27,28,3.4228130972442585,3.4228130972442585,4.378851413726807
691,6920.000020631327,2.6273225267568385,4.981365347041852,30,30,3.3313069003012847,3.3313069003012847,5.056146144866943
692,6930.000020661141,2.609203119480146,4.669804233781433,20,22,3.4391885447685255,3.4391885447685255,4.4070892333984375
693,6940.000020690955,2.5462690133212393,4.815901113845833,29,29,3.50852962138472,3.50852962138472,4.585036277770996
694,6950.0000207207695,2.565201640714893,4.687938348951144,32,32,3.1568631340023368,3.1568631340023368,5.1043877601623535
695,6960.000020750584,2.7261537971174286,4.736017403239319,32,33,3.261038545804551,3.261038545804551,4.9150872230529785
696,6970.000020780398,2.527054610415772,4.814092732893354,34,34,3.1066706073673345,3.1066706073673345,4.530333042144775
697,6980.000020810212,2.6735374697052747,4.131819309464284,27,27,3.1187029754514817,3.1187029754514817,5.086845397949219
698,6990.000020840026,2.585124829315048,4.72776670603745,29,30,3.2419095519830203,3.2419095519830203,4.461964130401611
699,7000.00002086984,2.5393104691713733,4.600939344072139,32,33,3.3273018930852074,3.3273018930852074,4.439250469207764
700,7010.000020899654,2.581956551538974,4.866551446855069,18,20,3.469841119660557,3.469841119660557,4.411839485168457
701,7020.000020929468,2.40260867832645,4.728568662020014,41,42,3.056773852161475,3.056773852161475,4.263111114501953
702,7030.000020959282,2.4699049173843535,4.4081511431438285,34,34,3.1157792882104194,3.1157792882104194,4.203641414642334
703,7040.000020989096,2.5631781290483397,4.618075767895324,26,32,3.023460379762169,3.023460379762169,4.283169269561768
704,7050.00002101891,2.4711805962362474,4.720346134747751,19,21,3.3695042639727837,3.3695042639727837,4.367722034454346
705,7060.000021048724,2.476224605676824,4.590175884075373,25,25,2.6505643814893634,2.6505643814893634,4.1609625816345215
706,7070.000021078538,2.467604915503324,4.773259848205929,31,33,3.1145032561444053,3.1145032561444053,4.514117240905762
707,7080.0000211083525,2.6156004140160563,4.859226560074041,37,41,3.0199391599305874,3.0199391599305874,3.9237897396087646
708,7090.000021138167,2.4689271501614356,4.860071230995062,17,22,3.2687933777319,3.2687933777319,4.1252522468566895
709,7100.000021167981,2.44242128183432,4.643137547281584,33,37,2.8623082519493397,2.8623082519493397,4.257993698120117
710,7110.000021197795,2.476225018947002,4.9438043715141875,20,23,3.3623358560610623,3.3623358560610623,4.465025424957275
711,7120.000021227608,2.38502917482433,4.5047450640263955,25,28,3.4091223532195665,3.4091223532195665,4.432323932647705
712,7130.000021257422,2.471735834857201,4.738402643657374,28,32,3.332982526546845,3.332982526546845,4.472942352294922
713,7140.000021287236,2.477751363711745,4.540096023912825,27,32,3.1254062922933605,3.1254062922933605,3.9896185398101807
714,7150.000021317051,2.5020028408286827,4.184017989373173,26,26,3.219459025699244,3.219459025699244,4.292831897735596
715,7160.000021346865,2.597573443373781,4.67584035661066,34,40,3.2816274141018664,3.2816274141018664,4.040549278259277
716,7170.000021376679,2.504562904365346,4.566977280113975,24,29,3.100247170582829,3.100247170582829,4.161710262298584
717,7180.000021406493,2.481880432336423,3.74835464984309,15,16,3.488600635191322,3.488600635191322,5.1558003425598145
718,7190.000021436307,2.637649597053851,4.7149589823640286,28,28,3.3771370121991593,3.3771370121991593,4.209972381591797
719,7200.000021466121,2.868951786057112,4.945736367110194,35,38,3.1972395628637718,3.1972395628637718,4.143288612365723
720,7210.0000214959355,2.8042427195972954,4.837056175963065,38,41,3.099517711698033,3.099517711698033,4.199297904968262
721,7220.000021525749,2.8712891168794363,4.60014280979497,30,32,3.0311907368051147,3.0311907368051147,3.895082950592041
722,7230.000021555563,2.764070881786156,4.245507750443097,20,23,3.396943487038709,3.396943487038709,4.457719326019287
723,7240.000021585377,2.7884250782180002,4.661182287653328,18,19,3.256202194748447,3.256202194748447,4.332874298095703
724,7250.000021615191,2.7492065803484107,4.377768647802443,28,29,3.2970146416341466,3.2970146416341466,4.403079986572266
725,7260.000021645005,2.8269050431243135,4.502616154542159,33,35,3.324791181831091,3.324791181831091,4.7708916664123535
726,7270.000021674819,2.7768110005727573,4.6122520033029,21,23,3.2519934247192475,3.2519934247192475,4.534421920776367
727,7280.000021704634,2.9405858920491346,4.7008541475819525,39,40,2.7593307076663396,2.7593307076663396,4.527321815490723
728,7290.000021734448,2.980220478204777,4.370378324590483,29,32,3.3031764333858304,3.3031764333858304,4.800815582275391
729,7300.000021764262,2.950588356392435,4.565890040079029,32,32,3.322136282619126,3.322136282619126,4.8880791664123535
730,7310.000021794076,2.9980467417362595,4.625214521961781,15,17,3.3535764147450386,3.3535764147450386,5.080971717834473
731,7320.00002182389,2.635339509915004,4.371182051054771,32,35,3.2077816176559533,3.2077816176559533,4.906858444213867
732,7330.000021853703,2.6965522351537095,4.222147179016725,21,21,3.2203535809259525,3.2203535809259525,5.257946491241455
733,7340.000021883518,2.970164621805717,4.858547848861186,15,19,3.3989997199227475,3.3989997199227475,5.850149154663086
734,7350.000021913332,2.946932518555932,4.407877125403444,17,19,3.632215342448369,3.632215342448369,5.6035685539245605
735,7360.000021943146,2.90167808678505,4.3224155990610615,25,25,3.4693798010985573,3.4693798010985573,4.670445919036865
736,7370.00002197296,3.024645757392512,4.858335699841913,32,38,3.281149186194083,3.281149186194083,3.8797664642333984
737,7380.000022002774,2.982653401663488,4.843840529224434,15,20,3.5236186764845483,3.5236186764845483,4.392745494842529
738,7390.000022032588,2.88513473400741,4.399539743642948,21,24,3.1650929343352314,3.1650929343352314,4.4467878341674805
739,7400.000022062402,2.7353862978731716,4.548073460987266,22,22,3.3429321411661097,3.3429321411661097,5.090204238891602
740,7410.000022092217,2.8544862177565524,4.7156101971099975,29,31,2.9810325348454825,2.9810325348454825,4.471410274505615
741,7420.000022122031,2.953965503546776,4.681251314128829,23,24,3.437095900011053,3.437095900011053,4.686187267303467
742,7430.000022151844,2.942169827279936,4.608330259982734,35,35,3.2503918103594067,3.2503918103594067,4.701725006103516
743,7440.000022181658,3.0637124841348875,5.026982533282378,21,23,3.32037815336758,3.32037815336758,4.785859107971191
744,7450.000022211472,2.949669961651218,4.491703558833765,22,24,3.326148274296927,3.326148274296927,4.668436050415039
745,7460.000022241286,2.930335206838231,4.80801328255518,22,23,3.076048332234077,3.076048332234077,5.328559875488281
746,7470.0000222711005,2.803509309302486,4.635219326610642,24,29,3.147725086720153,3.147725086720153,4.52223014831543
747,7480.000022300915,2.8744454207791073,4.519286570576258,23,26,3.368793172349523,3.368793172349523,4.770642280578613
748,7490.000022330729,2.873241922997959,4.142880358096665,25,26,3.387897560395968,3.387897560395968,4.84635591506958
749,7500.000022360543,3.0229901879122054,4.416160201146104,29,31,3.2933820228991757,3.2933820228991757,4.790360927581787
750,7510.000022390357,3.1055075311212015,4.454940621114076,22,23,2.8115413947054178,2.8115413947054178,4.756146430969238
751,7520.000022420171,3.0693598573867313,4.711510067782071,29,29,3.258580572416754,3.258580572416754,5.077757358551025
752,7530.0000224499845,2.9636324510813985,4.561041910343347,21,22,3.4611697151693646,3.4611697151693646,4.688753604888916
753,7540.000022479799,2.8110847183968333,4.061008578759826,20,20,3.449681121640826,3.449681121640826,4.844954967498779
754,7550.000022509613,2.924149003275163,3.950820351375226,21,21,3.1845319827560656,3.1845319827560656,5.447016716003418
755,7560.000022539427,2.9440315045316874,4.32431240705579,20,20,3.1767507971900484,3.1767507971900484,4.950982570648193
756,7570.000022569241,2.9624722364053695,4.168442268826732,28,28,3.1539579340763315,3.1539579340763315,4.744198799133301
757,7580.000022599055,2.959750276163372,3.808751282664356,26,27,2.7914647999478173,2.7914647999478173,5.152759552001953
758,7590.000022628869,2.873535854031205,4.369957021895656,33,36,3.053516803544254,3.053516803544254,4.224630832672119
759,7600.0000226586835,2.8647173812232283,4.09666852265421,26,28,2.9874860540460078,2.9874860540460078,4.642951965332031
760,7610.000022688498,3.004223617811084,4.215224900038866,29,32,3.2592427402485016,3.2592427402485016,4.617827415466309
761,7620.000022718312,2.9875329124545362,3.906099174967413,23,24,3.2640478301577485,3.2640478301577485,4.9010701179504395
762,7630.000022748125,2.896157240005698,3.3861256481237163,23,25,3.0038706216378315,3.0038706216378315,4.520270347595215
763,7640.000022777939,2.9631023244169223,4.101305436565245,16,16,3.590834290218134,3.590834290218134,4.264673709869385
764,7650.000022807753,3.0533922138120304,4.327239761107092,23,26,3.2083904976185873,3.2083904976185873,4.251312732696533
765,7660.0000228375675,3.0957559180056307,3.793143870213649,29,30,3.341620035434816,3.341620035434816,4.83373498916626
766,7670.000022867382,3.054741395119389,3.970675678581724,24,25,3.24005866182363,3.24005866182363,4.368842124938965
767,7680.000022897196,2.9363815401900073,4.577948711191661,29,33,3.313878265645938,3.313878265645938,4.082084655761719
768,7690.00002292701,2.948247709583429,3.9498354578449164,26,30,3.2701197567493754,3.2701197567493754,4.877475261688232
769,7700.000022956824,2.9154039329034425,4.264489637828151,27,30,3.3385874691565833,3.3385874691565833,4.563944339752197
770,7710.000022986638,2.894633204586476,4.405609229671954,25,30,3.250930360908495,3.250930360908495,4.5806732177734375
771,7720.000023016452,2.8664185614968223,4.700770656286859,34,37,3.4257151775460386,3.4257151775460386,3.99655818939209
772,7730.0000230462665,2.8409764639851525,4.4200604837514925,27,29,3.1518669671817916,3.1518669671817916,4.620234966278076
773,7740.00002307608,2.791029397112303,4.752105996051504,13,15,3.6089853599875474,3.6089853599875474,4.870172023773193
774,7750.000023105894,2.912621944032567,5.009976079336072,35,43,3.289467253190903,3.289467253190903,4.243303298950195
775,7760.000023135708,2.8865327641494,5.028313455044492,38,43,3.0620088911456675,3.0620088911456675,4.281993865966797
776,7770.000023165522,3.0150021679164514,4.039908342492767,27,29,3.253431751482466,3.253431751482466,4.928645133972168
777,7780.000023195336,2.9794205864630823,4.304931252757879,29,30,3.387009482786954,3.387009482786954,4.6496052742004395
778,7790.0000232251505,3.0658663048077637,4.647135154129795,29,31,3.294052009520384,3.294052009520384,4.177801609039307
779,7800.000023254965,3.0156380371534786,4.528233036664081,34,34,3.2952079894067223,3.2952079894067223,4.2393035888671875
780,7810.000023284779,3.1132227631613776,5.035288573957696,32,36,3.4030775967589713,3.4030775967589713,4.370102882385254
781,7820.000023314593,3.2031336307824914,5.25301998160868,23,26,3.2843464186851463,3.2843464186851463,4.521459102630615
782,7830.000023344407,3.1683824199615738,4.8436303915370535,23,24,3.3853892322111916,3.3853892322111916,4.712401866912842
783,7840.00002337422,3.1401833829111814,4.91418402078915,37,42,3.186758188587686,3.186758188587686,4.515452861785889
784,7850.000023404034,3.0058730718829767,5.265065135857657,26,30,3.0753121476932566,3.0753121476932566,4.576977729797363
785,7860.000023433849,3.172478690191378,5.568985527245842,31,32,3.3059292274821557,3.3059292274821557,4.916549205780029
786,7870.000023463663,3.0160260226019293,5.197376398320175,32,33,2.9947061042295995,2.9947061042295995,5.250921726226807
787,7880.000023493477,2.9581011064318723,5.441891829606781,31,31,3.137498505926159,3.137498505926159,5.34009313583374
788,7890.000023523291,2.9211612911951432,4.934195204905494,27,28,2.8078472076090666,2.8078472076090666,4.707519054412842
789,7900.000023553105,2.919542513241112,5.059769303676288,32,38,3.1380350339441794,3.1380350339441794,4.3241095542907715
790,7910.000023582919,2.9330103035991453,5.66584806374905,27,32,3.0887267829441196,3.0887267829441196,4.777324199676514
791,7920.0000236127335,2.898591840651348,4.8426218027553904,36,41,3.261812295129038,3.261812295129038,4.245426177978516
792,7930.000023642548,2.8171142810313947,5.0236363924445415,35,35,3.029253142669571,3.029253142669571,4.8155999183654785
793,7940.000023672361,2.8403982819016136,4.994363083640655,20,21,3.328149746598676,3.328149746598676,4.465505599975586
794,7950.000023702175,2.7021424310840874,4.642034950056073,22,22,3.4361274056197133,3.4361274056197133,4.844066143035889
795,7960.000023731989,2.83713431369923,4.663015451833116,22,22,3.213289618867358,3.213289618867358,4.798748016357422
796,7970.000023761803,2.9016988299215623,4.830212684976254,23,26,3.1947789735956107,3.1947789735956107,4.126204967498779
797,7980.000023791617,2.850638152427648,4.652010545404812,32,32,3.2294872145198648,3.2294872145198648,4.324216842651367
798,7990.000023821432,2.8338691744684206,4.503487731219768,28,34,3.2802352265791415,3.2802352265791415,3.809983015060425
799,8000.000023851246,2.7682867757193717,4.68058572394056,30,34,3.21770499389081,3.21770499389081,4.007262229919434
800,8010.00002388106,2.6323842329359475,4.873515816680763,30,32,3.1233975301438193,3.1233975301438193,4.396656513214111
801,8020.000023910874,2.81205031761751,4.867781854559345,18,19,3.5320361870817583,3.5320361870817583,4.759838104248047
802,8030.000023940688,2.663890364557448,4.174314725736475,27,30,3.340147340840315,3.340147340840315,4.280974864959717
803,8040.000023970501,2.8093739607980597,3.8951469598235873,18,19,3.2096008513841774,3.2096008513841774,4.948989391326904
804,8050.0000240003155,2.739178233094561,4.169605737901938,19,22,3.412969280159855,3.412969280159855,4.513437271118164
805,8060.00002403013,2.6941333457820846,4.411223512481285,26,27,3.395221136533905,3.395221136533905,4.558248996734619
806,8070.000024059944,2.839284359932294,4.498851286887817,22,27,3.3820996139283284,3.3820996139283284,4.4295759201049805
807,8080.000024089758,2.7690521765586755,4.465803305908311,23,23,3.3162432675676077,3.3162432675676077,4.2834296226501465
808,8090.000024119572,2.895736506258004,4.457858285692507,26,29,3.3265303414925667,3.3265303414925667,4.173904895782471
809,8100.000024149386,2.8055521320454493,4.609708283082712,35,40,3.192346643228416,3.192346643228416,3.6307780742645264
810,8110.0000241792,2.8083372452472974,4.3997213225633045,28,33,3.3467461779287895,3.3467461779287895,4.100920677185059
811,8120.000024209015,3.0282269223948055,4.332326512703318,28,33,3.3076839374759257,3.3076839374759257,3.9012234210968018
812,8130.000024238829,2.9310759399824042,3.8956347471231445,27,29,3.2465227083045427,3.2465227083045427,4.587278366088867
813,8140.000024268643,2.901205887694211,4.264872446331417,20,20,3.4436514583407147,3.4436514583407147,4.494504928588867
814,8150.000024298456,2.842071621406141,4.376474924595219,28,30,3.351159001669452,3.351159001669452,4.5972700119018555
815,8160.00002432827,2.663866305809826,4.332768445195225,32,37,3.376447577160976,3.376447577160976,3.96836256980896
816,8170.000024358084,2.814577022753426,4.32190059200494,28,34,3.212386517627137,3.212386517627137,4.335477352142334
817,8180.0000243878985,2.7291671065119796,4.217840945733006,22,24,3.278348646064181,3.278348646064181,4.527630805969238
818,8190.000024417713,2.6219234383753314,4.595761011999833,28,32,2.9853528428804497,2.9853528428804497,4.2665534019470215
819,8200.000024447527,2.8910912258511114,4.436464219629883,33,35,3.2605874603525606,3.2605874603525606,4.17575740814209
820,8210.00002447734,2.8361254386535206,4.286613176269668,20,24,3.3478935937985135,3.3478935937985135,4.2582688331604
821,8220.000024507155,2.7670044224426613,4.194308411504715,22,24,3.4814810995194208,3.4814810995194208,4.428145408630371
822,8230.000024536968,2.6541248484417768,4.31192894772424,32,33,3.4415211993460075,3.4415211993460075,4.502987861633301
823,8240.000024566783,2.6606659831617847,4.301327414245027,27,29,3.419824747415768,3.419824747415768,4.51554012298584
824,8250.000024596597,2.6302559362902187,4.614394132930525,35,38,3.3973000095698853,3.3973000095698853,3.821197271347046
825,8260.000024626412,2.617869199662689,4.142958983250071,22,22,3.3800733861528625,3.3800733861528625,4.306063652038574
826,8270.000024656225,2.587908002118751,4.224861380991729,43,44,3.281498939182526,3.281498939182526,4.113805770874023
827,8280.00002468604,2.5768356432491473,4.229720098407388,21,25,3.3519201538693895,3.3519201538693895,4.074772834777832
828,8290.000024715853,2.6829636330645905,4.166719855161109,20,20,3.491910522843216,3.491910522843216,4.114179611206055
829,8300.000024745666,2.6031756667108046,4.434507575606477,36,39,3.253468399361811,3.253468399361811,3.9450230598449707
830,8310.000024775482,2.640004567933831,4.5600517347497,32,34,3.2264458509466154,3.2264458509466154,3.595679521560669
831,8320.000024805295,2.7312016894844118,4.354418821298597,29,34,3.449992169604529,3.449992169604529,4.314038276672363
832,8330.00002483511,2.7718449382640418,4.354370020841806,29,32,3.19820983898754,3.19820983898754,4.077704906463623
833,8340.000024864923,2.5962216910453226,4.26137146994708,24,27,3.117578566508722,3.117578566508722,4.030344009399414
834,8350.000024894738,2.608931738278983,4.404181293354937,34,36,3.359635679298317,3.359635679298317,4.152370929718018
835,8360.000024924551,2.594859596935694,4.470992027581621,29,33,3.2072233260852636,3.2072233260852636,4.108355522155762
836,8370.000024954366,2.508390487239998,4.446633842128187,24,29,3.2945504958126692,3.2945504958126692,4.261251926422119
837,8380.00002498418,2.489435551323317,4.405963662556348,33,36,3.293197436581239,3.293197436581239,4.156220436096191
838,8390.000025013995,2.485393128603087,4.326941163115629,29,34,3.3706322110931315,3.3706322110931315,4.1944427490234375
839,8400.000025043808,2.495649295193865,4.2390727333613905,22,24,3.560168878051453,3.560168878051453,4.705967426300049
840,8410.000025073621,2.5535751473236132,4.370533983634619,32,36,3.299588380446544,3.299588380446544,4.267785549163818
841,8420.000025103436,2.5826684702577456,4.108453017204864,27,28,3.5241130808630383,3.5241130808630383,4.219557762145996
842,8430.00002513325,2.4874918765536065,4.278245423305938,28,29,3.330232915820523,3.330232915820523,4.461049556732178
843,8440.000025163064,2.5001798735081793,4.306305188670493,28,29,3.2309506995270834,3.2309506995270834,4.331839561462402
844,8450.000025192878,2.6269338400763944,4.433708343277782,25,27,3.2107779373387664,3.2107779373387664,4.680471420288086
845,8460.000025222693,2.4490115895425038,4.011651907901114,23,24,3.1656913663112327,3.1656913663112327,4.523436546325684
846,8470.000025252506,2.6319430458510533,3.755004265633789,24,24,3.471541679359817,3.471541679359817,4.680037021636963
847,8480.000025282321,2.6090113417122947,4.063358530734016,19,19,3.4355557485710624,3.4355557485710624,5.070321559906006
848,8490.000025312134,2.668336627824115,4.022171661027574,20,21,3.130362459647847,3.130362459647847,4.3976826667785645
849,8500.000025341948,2.6593063009544884,4.5805193733965215,24,26,3.164298368823546,3.164298368823546,4.910958290100098
850,8510.000025371763,2.6336669759935276,4.525357925888181,23,26,3.3271685324457305,3.3271685324457305,5.038436412811279
851,8520.000025401576,2.596408050611587,4.330543064237404,30,30,3.0769459099447185,3.0769459099447185,4.906294822692871
852,8530.00002543139,2.6639363614377354,4.551735413516939,31,35,3.159348033648254,3.159348033648254,5.376934051513672
853,8540.000025461204,2.8734061216533338,4.789813581593981,33,40,3.1443842415279177,3.1443842415279177,4.680925369262695
854,8550.00002549102,2.9314637047817054,4.776375064786434,29,35,3.380080685049291,3.380080685049291,5.2409563064575195
855,8560.000025520832,2.9810895777906863,4.514819441341607,29,32,2.9960833660581443,2.9960833660581443,4.644977569580078
856,8570.000025550647,2.7683500944359563,4.0525864444835396,27,30,3.416391109756616,3.3338547531177967,4.424377918243408
857,8580.00002558046,2.7892677849164653,4.456748367010798,41,46,3.4062562311906524,3.349964655487378,4.0598039627075195
858,8590.000025610276,2.675259536556477,4.312491186693219,30,34,3.3559064114011363,3.3559064114011363,4.014008522033691
859,8600.000025640089,2.7174097318647714,4.674069702992867,33,41,3.019406795752142,3.019406795752142,3.603327512741089
860,8610.000025669902,2.877843627586631,4.278024747800715,34,39,3.09842788934523,3.09842788934523,4.002562046051025
861,8620.000025699717,3.014980225987873,4.688969085189728,37,39,3.2992146399175204,3.2992146399175204,3.8605692386627197
862,8630.00002572953,2.9914242310702006,4.296809882387821,21,21,3.5408162462507815,3.5408162462507815,4.398067951202393
863,8640.000025759346,2.9971716838264792,4.693043291674414,34,34,3.131918118038421,3.131918118038421,4.714750289916992
864,8650.000025789159,2.8917295794720443,4.7095558847776955,30,31,3.3061462057114017,3.3061462057114017,4.568981170654297
865,8660.000025818974,2.852959109849726,4.738669992225602,31,33,3.3831883087937427,3.3831883087937427,4.490670680999756
866,8670.000025848787,2.883115978434267,4.451726264955154,25,28,3.349946211525761,3.349946211525761,4.489044189453125
867,8680.000025878602,2.7674175035811115,4.794715635304694,35,39,3.297507906911194,3.297507906911194,4.703155994415283
868,8690.000025908415,2.7742691893793205,4.820475620385128,27,33,3.279057935850688,3.279057935850688,4.9105072021484375
869,8700.00002593823,2.8468766775836736,4.5844912995486515,18,24,3.4248036545382705,3.4248036545382705,5.216461658477783
870,8710.000025968044,2.857921353942863,5.077356093954035,37,43,3.046695619266424,3.046695619266424,5.0846476554870605
871,8720.000025997857,2.822171906759765,4.933500679750514,27,30,3.0176318996071316,3.0176318996071316,5.214634895324707
872,8730.000026027672,2.721302643735989,4.3610798328165075,37,44,3.1954349964544018,3.0153303319168483,4.517812252044678
873,8740.000026057485,2.6703495392383823,4.446094520173428,37,42,2.8807075270151166,2.8807075270151166,4.604160785675049
874,8750.0000260873,2.6964138423343957,4.696130187663632,22,29,3.445121383471991,3.431618924947081,4.4101972579956055
875,8760.000026117114,2.6403374762186327,4.667416539442386,45,51,3.199611605014131,3.199611605014131,4.413336277008057
876,8770.000026146929,2.7305352114361066,4.947929334484707,38,45,3.0775081535353297,3.0775081535353297,4.900608062744141
877,8780.000026176742,2.877582160634556,4.73589252509586,15,19,3.0987135130420422,3.0987135130420422,5.813710689544678
878,8790.000026206557,2.6990679944547717,4.685277215140932,34,40,3.337119524692099,3.337119524692099,4.951619625091553
879,8800.00002623637,2.7485739098180217,4.77973440569978,29,34,3.2636691962958957,3.2636691962958957,5.028031349182129
880,8810.000026266183,2.7729405179320037,4.685660789512867,32,39,3.191056532198793,3.191056532198793,4.810739994049072
881,8820.000026295998,2.7493172655862845,4.593807767019922,19,22,3.521297347381037,3.521297347381037,4.411396503448486
882,8830.000026325812,2.6708760367676865,4.757541488177991,19,22,3.2716551500345874,3.2716551500345874,5.064227104187012
883,8840.000026355627,2.68389149037728,4.89788621684392,32,35,3.3972832612401356,3.3972832612401356,4.849036693572998
884,8850.00002638544,2.752642578831604,4.854439863629308,43,48,3.3079761568766997,3.3079761568766997,4.379121780395508
885,8860.000026415255,2.7550011038868663,5.101715960697849,29,34,3.3778078939272436,3.3778078939272436,4.499977111816406
886,8870.000026445068,2.6863094785918427,4.758162996881885,36,38,3.271413088336827,3.271413088336827,4.008048057556152
887,8880.000026474883,2.756365266852257,4.914192914769743,28,30,3.3507053729288634,3.3507053729288634,4.383892059326172
888,8890.000026504697,2.7398443682940257,5.12852029782361,13,19,3.064917137404453,3.064917137404453,4.844485282897949
889,8900.000026534512,2.702500448883067,4.8405530648727675,44,47,3.159369276239615,3.0444751998776955,3.8625943660736084
890,8910.000026564325,2.7360221317696083,5.049745404395693,42,45,3.0931173736101147,3.0931173736101147,4.5010881423950195
891,8920.000026594138,2.8503780801285954,4.800022926141582,34,37,3.370535428365707,3.370535428365707,4.46520471572876
892,8930.000026623953,2.8024998630151776,4.484542624081261,20,21,3.663271616284166,3.663271616284166,4.572668075561523
893,8940.000026653766,2.7201951295424838,4.697052785736117,36,41,3.075672287934511,3.075672287934511,4.252274036407471
894,8950.000026683581,2.871258288258246,4.848618559270041,28,31,3.1374359916315036,3.1374359916315036,4.3016886711120605
895,8960.000026713395,2.8023917549961874,5.108568331039011,27,36,3.263345293750629,3.263345293750629,4.152841567993164
896,8970.00002674321,2.7578801146179064,4.728250125078022,38,44,3.232869545309783,3.232869545309783,4.410979747772217
897,8980.000026773023,2.7563471959359704,4.631350793539574,28,30,3.2219030784814446,3.2219030784814446,4.327252388000488
898,8990.000026802838,2.7183898623588374,5.2132891463379565,27,29,3.376681669998181,3.376681669998181,5.2039031982421875
899,9000.000026832651,2.688280323657857,4.666935041439247,31,43,3.2775922432153597,3.2775922432153597,4.578108310699463
900,9010.000026862466,2.715720432378893,4.763159387041577,33,42,3.271983492282406,3.271983492282406,4.711050510406494
901,9020.00002689228,2.6566106806032206,4.601233144765964,27,30,3.316969056267337,3.316969056267337,4.689942359924316
902,9030.000026922093,2.6596629968575085,5.119745225935772,37,42,3.2406008061886333,3.2406008061886333,4.707592010498047
903,9040.000026951908,2.6670059751978967,4.532862150931854,37,44,3.3484317104600176,3.3484317104600176,4.3169121742248535
904,9050.000026981721,2.65875217296984,4.713867099036133,18,23,3.3232840662376915,3.3232840662376915,4.793774127960205
905,9060.000027011536,2.700978987862545,4.516905251641923,30,34,3.3776538427929688,3.3776538427929688,4.692455768585205
906,9070.00002704135,2.6646455059688616,4.691995261456082,29,36,3.4680594855458904,3.4680594855458904,4.716097354888916
907,9080.000027071164,2.6136132904924883,4.812558705723666,33,44,3.2936082347321616,3.2936082347321616,4.973565578460693
908,9090.000027100978,2.855328060729514,4.6890207339971655,21,27,3.364908134163675,3.364908134163675,5.139776706695557
909,9100.000027130793,2.7861323914006118,4.919912774063124,32,38,3.3296101212787272,3.3296101212787272,4.965023994445801
910,9110.000027160606,2.776723754219393,4.8131436577907065,22,25,3.2596482892159857,3.2596482892159857,5.198798179626465
911,9120.00002719042,2.72910336073479,4.646028427844789,31,35,3.1884103472676246,3.1884103472676246,4.55015230178833
912,9130.000027220234,2.8245171288287025,4.633844873704014,25,31,3.343877349180791,3.343877349180791,4.74269962310791
913,9140.000027250047,2.7490844886735304,4.909272850204445,32,33,3.3336956311887755,3.3336956311887755,5.0068488121032715
914,9150.000027279862,2.79781216960657,5.104014979992475,34,40,3.229208599056892,3.229208599056892,5.265456199645996
915,9160.000027309676,2.5430815091674583,5.164629920553487,37,41,3.161367620431956,3.161367620431956,5.374022960662842
916,9170.00002733949,2.653166332528889,5.2304481772175855,25,29,3.0889948862796976,3.0889948862796976,5.251893043518066
917,9180.000027369304,2.795826336459848,4.747907104163946,33,39,3.293576041108038,3.293576041108038,4.66331672668457
918,9190.000027399119,2.895533316077953,4.775142711140784,31,39,3.0999680327852666,3.0999680327852666,4.711737632751465
919,9200.000027428932,2.791336239257068,4.685999438774845,31,31,3.2793023544683386,3.2793023544683386,4.755577087402344
920,9210.000027458747,2.924126115246927,4.7295445103445175,26,28,3.449203306151183,3.449203306151183,5.281703948974609
921,9220.00002748856,2.7240781041683726,4.54839961926024,27,27,2.9350505979993784,2.9350505979993784,4.732033729553223
922,9230.000027518374,2.8014396633707066,4.367982034185375,24,26,3.2324187336219743,3.2324187336219743,4.863717079162598
923,9240.000027548189,2.9510002245241984,4.801287341060088,34,41,3.3023964743422662,3.3023964743422662,4.434362888336182
924,9250.000027578002,2.8345931964657454,5.189082007327427,28,30,3.0869044876943583,3.0869044876943583,5.460027694702148
925,9260.000027607817,2.638240981847807,5.246690714084107,35,44,3.1325719056425747,3.1325719056425747,5.058576583862305
926,9270.00002763763,2.7266807773210346,4.738066877794631,26,29,3.391829819881318,3.391829819881318,4.675285816192627
927,9280.000027667445,2.7138240353733774,4.825246263925946,33,36,3.0627611007935314,3.0627611007935314,4.720113277435303
928,9290.000027697259,2.839890872792687,5.165492601979181,34,44,3.138665519735284,3.138665519735284,4.323824405670166
929,9300.000027727074,2.823954481453538,4.838053050280605,30,30,3.1459744007865376,3.1459744007865376,4.2537665367126465
930,9310.000027756887,2.9004812604773775,4.963562448354542,29,36,3.2592637354714467,3.2592637354714467,4.549370765686035
931,9320.0000277867,2.8689621471009543,5.022420509142146,19,28,3.1990721905733155,3.1990721905733155,4.321115493774414
932,9330.000027816515,2.8266354350307195,5.291720663911122,24,32,3.4908625191062526,3.4908625191062526,4.841014385223389
933,9340.000027846329,2.973590617368315,5.362112847792827,35,38,3.0434327329186797,3.0434327329186797,4.423888683319092
934,9350.000027876144,2.914696390727153,4.694580871096023,32,39,3.2533399270498307,3.2533399270498307,3.819068193435669
935,9360.000027905957,2.88316306427897,4.974787062973718,21,31,3.329555227170469,3.329555227170469,4.297221660614014
936,9370.000027935772,3.008511208766832,5.232941265640248,29,37,3.2564193138059623,3.2564193138059623,4.400179862976074
937,9380.000027965585,3.1691998316939665,5.049204138204098,27,30,2.896796062009798,2.896796062009798,4.589796543121338
938,9390.0000279954,3.101035810483593,4.993147169096523,33,37,3.0301192022062122,3.0301192022062122,4.326979160308838
939,9400.000028025213,3.056889472885454,5.020042397110239,39,44,3.1646250439012045,3.1646250439012045,3.8880207538604736
940,9410.000028055028,2.9368054642922914,4.494691737086811,34,42,3.3634977811130957,3.3634977811130957,4.163262844085693
941,9420.000028084842,3.084904268136642,4.573502751965715,38,39,3.328970606013357,3.328970606013357,4.529599666595459
942,9430.000028114655,3.1497809383791653,5.103313987747024,21,24,3.0963754981360547,3.0963754981360547,4.090948581695557
943,9440.00002814447,3.0810316899220878,4.909228999131997,39,47,3.2715538318792543,3.236277715169407,3.8386707305908203
944,9450.000028174283,2.980057960595248,4.847480444868101,36,43,2.8587420839682935,2.8587420839682935,3.6781129837036133
945,9460.000028204098,2.9934436248684975,4.817614231172733,30,34,3.299843719980321,3.202993367384053,4.038313388824463
946,9470.000028233912,3.1165168235483036,4.669529799020183,39,44,2.9893431743782792,2.9893431743782792,3.723708152770996
947,9480.000028263727,3.1186329072359396,4.182918378820777,37,41,3.202448765552191,3.202448765552191,3.918048620223999
948,9490.00002829354,3.21031962085477,4.830351235785909,27,34,3.3245517429982403,3.3245517429982403,4.507616996765137
949,9500.000028323355,3.1378931665298024,4.6269481176028435,22,26,3.0542463522731134,3.0542463522731134,4.1925177574157715
950,9510.000028353168,3.211249188576401,4.663954232936848,31,38,3.1072242466619984,3.1072242466619984,4.064820289611816
951,9520.000028382983,3.148055442639352,4.537125227872416,33,36,3.037135408568531,3.037135408568531,4.1982221603393555
952,9530.000028412796,3.2265019353093893,4.694038559430701,43,46,3.0710540194459295,3.0710540194459295,4.106047630310059
953,9540.00002844261,3.1028371806666732,4.6725494341583715,31,37,3.077409034741377,3.077409034741377,4.190515041351318
954,9550.000028472425,3.130539442921616,4.702178656168329,27,29,3.422483073666914,3.422483073666914,4.357846260070801
955,9560.000028502238,3.1061688495378523,4.7415981123248185,39,47,3.297988164404321,3.297988164404321,3.9688165187835693
956,9570.000028532053,3.0997597608216187,4.6709280911750675,29,35,3.063323413657887,3.063323413657887,3.907912015914917
957,9580.000028561866,3.173209720114287,4.885840845529695,21,26,3.443861252132145,3.443861252132145,4.354191303253174
958,9590.000028591681,3.0978514820894283,4.597944178615307,25,27,3.4196434672049847,3.4196434672049847,4.206044673919678
959,9600.000028621494,3.0972325118015194,4.9688391893848225,21,25,3.3636959680508656,3.3636959680508656,4.350094795227051
960,9610.00002865131,3.040833038502182,5.126284773010162,35,43,3.105000599881038,3.105000599881038,4.038536548614502
961,9620.000028681123,3.0574230574041628,5.103840316265071,36,42,3.1793249556847014,3.1793249556847014,4.106856346130371
962,9630.000028710936,3.009683896708469,4.827258301308397,26,30,3.0981128760142775,3.0981128760142775,4.248161792755127
963,9640.000028740751,3.014710804753013,4.693441773521426,31,39,3.1303581043695723,3.1303581043695723,4.206569671630859
964,9650.000028770564,2.8647967986459184,4.810690684322228,22,27,3.1173181251780457,3.1173181251780457,4.379055976867676
965,9660.00002880038,2.9498831965596777,5.117492305005482,39,45,2.881690838158343,2.881690838158343,4.37955904006958
966,9670.000028830193,2.8575998637453672,5.114167353625682,39,43,3.0799753550194375,3.0799753550194375,3.5464065074920654
967,9680.000028860008,2.866493638487484,4.939523794831201,32,41,3.065408087254279,3.065408087254279,3.5407586097717285
968,9690.00002888982,3.0286656678324553,4.846217066630707,26,32,3.2776478894583816,3.2776478894583816,3.734670400619507
969,9700.000028919636,2.9694305394278215,4.948091447870737,27,35,3.145041498961767,3.145041498961767,3.910151720046997
970,9710.00002894945,2.8329642771809076,4.931006314102243,26,33,3.1406591994580433,3.1406591994580433,3.911227226257324
971,9720.000028979264,3.009170252949862,4.692257400674503,34,38,3.1279670124067924,3.1279670124067924,3.7525010108947754
972,9730.000029009077,2.9690132886947,4.976672426644633,44,58,2.9457493799588983,2.9457493799588983,3.7058370113372803
973,9740.00002903889,3.051803885422806,5.0407564401452065,37,41,3.2412673698319185,3.2412673698319185,3.693181037902832
974,9750.000029068706,3.017314355792283,4.75619815759085,39,46,2.967743653393451,2.967743653393451,3.583880662918091
975,9760.000029098519,2.9714424238257258,4.993681264226117,29,35,3.2595102223453676,3.2595102223453676,3.5959553718566895
976,9770.000029128334,3.000888124533439,4.923484294387813,34,39,3.068871934803531,3.068871934803531,3.5324227809906006
977,9780.000029158147,2.900568050566154,4.885715715125135,27,30,3.0442071256175813,3.0442071256175813,3.7140443325042725
978,9790.000029187962,2.843891958714698,4.4175563651048435,14,15,3.504917665233551,3.504917665233551,3.985477924346924
979,9800.000029217776,2.932083535202879,4.5747372152899874,15,20,3.152350992996186,3.152350992996186,3.9312050342559814
980,9810.00002924759,2.855413327353163,4.655570422715459,23,27,3.2662016533839067,3.2662016533839067,3.9761950969696045
981,9820.000029277404,2.829571205407586,5.159748888627571,38,47,2.865425273121961,2.865425273121961,3.7789511680603027
982,9830.000029307219,2.7686714565114188,4.98792209642994,37,48,2.9409683081272755,2.9409683081272755,3.356027126312256
983,9840.000029337032,2.6362353428643024,5.056400661416837,32,41,3.1947947525726237,3.1947947525726237,3.3193180561065674
984,9850.000029366845,2.665959395827909,4.797317750689839,39,44,2.842049216326337,2.842049216326337,3.9028027057647705
985,9860.00002939666,2.7552857883426425,5.087322426545773,28,31,3.167472436404201,3.167472436404201,4.182514190673828
986,9870.000029426474,2.743836715312464,4.94378031204426,35,37,3.029826448623568,3.029826448623568,3.969921827316284
987,9880.000029456289,2.636426644427738,5.034737479885141,41,44,3.071917860807536,3.071917860807536,3.8598501682281494
988,9890.000029486102,2.7398702599980163,4.805823894197857,50,54,2.9408748057134053,2.9408748057134053,3.533724546432495
989,9900.000029515917,2.818105612670905,4.83943701138763,34,41,2.992143262643197,2.992143262643197,3.736487627029419
990,9910.00002954573,2.739807258709955,4.607481387310212,31,38,3.1711663608708642,3.1711663608708642,3.933840036392212
991,9920.000029575545,2.7680854632437795,4.508768215083787,32,36,2.823618110012479,2.823618110012479,3.7439465522766113
992,9930.000029605359,2.6095755017100797,4.411266211434925,19,22,2.9165837965744843,2.9165837965744843,3.9076380729675293
993,9940.000029635172,2.660189575569734,4.603928535918676,31,36,3.0471339543860028,3.0471339543860028,3.9175901412963867
994,9950.000029664987,2.736196544606701,4.458199553136969,29,30,3.11547507799702,3.11547507799702,4.249608993530273
995,9960.0000296948,2.673826192175236,4.719234529992881,35,44,3.1408972846093413,3.1408972846093413,4.196375370025635
996,9970.000029724615,2.705640425534196,4.557785322751774,33,35,3.2424692095041507,3.2424692095041507,3.973583936691284
997,9980.000029754428,2.655457405341626,4.687171962985577,34,36,3.2225180618066402,3.2225180618066402,4.016446113586426
998,9990.000029784243,2.6376080926003618,4.421092632694056,36,37,3.2616911328975444,3.2616911328975444,4.025041103363037
999,10000.000029814057,2.615238550821974,4.651308929358581,28,30,3.164843622123603,3.164843622123603,4.421782970428467
