round,ligand_id,smiles
R1,emap_Bn_Me,CCN(Cc1ccccc1)C(=O)Cn1c(=O)n(C)c2cnc(-c3ccccc3)nc21
R1,emap_Bn_Et,CCN(Cc1ccccc1)C(=O)Cn1c(=O)n(CC)c2cnc(-c3ccccc3)nc21
R1,emap_Bn_CH2F,CCN(Cc1ccccc1)C(=O)Cn1c(=O)n(CF)c2cnc(-c3ccccc3)nc21
R1,emap_Bn_CH2CH2F,CCN(Cc1ccccc1)C(=O)Cn1c(=O)n(CCF)c2cnc(-c3ccccc3)nc21
R1,emap_Bn-4F_Me,CCN(Cc1ccc(F)cc1)C(=O)Cn1c(=O)n(C)c2cnc(-c3ccccc3)nc21
R1,emap_Bn-4F_Et,CCN(Cc1ccc(F)cc1)C(=O)Cn1c(=O)n(CC)c2cnc(-c3ccccc3)nc21
R1,emap_Bn-4F_CH2F,CCN(Cc1ccc(F)cc1)C(=O)Cn1c(=O)n(CF)c2cnc(-c3ccccc3)nc21
R1,emap_Bn-4F_CH2CH2F,CCN(Cc1ccc(F)cc1)C(=O)Cn1c(=O)n(CCF)c2cnc(-c3ccccc3)nc21
R1,"emap_Bn-3,5diF_Me",CCN(Cc1ccc(F)cc1F)C(=O)Cn1c(=O)n(C)c2cnc(-c3ccccc3)nc21
R1,"emap_Bn-3,5diF_Et",CCN(Cc1ccc(F)cc1F)C(=O)Cn1c(=O)n(CC)c2cnc(-c3ccccc3)nc21
R1,"emap_Bn-3,5diF_CH2F",CCN(Cc1ccc(F)cc1F)C(=O)Cn1c(=O)n(CF)c2cnc(-c3ccccc3)nc21
R1,"emap_Bn-3,5diF_CH2CH2F",CCN(Cc1ccc(F)cc1F)C(=O)Cn1c(=O)n(CCF)c2cnc(-c3ccccc3)nc21
R1,emap_Bn-4CF3_Me,CCN(Cc1ccc(C(F)(F)F)cc1)C(=O)Cn1c(=O)n(C)c2cnc(-c3ccccc3)nc21
R1,emap_Bn-4CF3_Et,CCN(Cc1ccc(C(F)(F)F)cc1)C(=O)Cn1c(=O)n(CC)c2cnc(-c3ccccc3)nc21
R1,emap_Bn-4CF3_CH2F,CCN(Cc1ccc(C(F)(F)F)cc1)C(=O)Cn1c(=O)n(CF)c2cnc(-c3ccccc3)nc21
R1,emap_Bn-4CF3_CH2CH2F,CCN(Cc1ccc(C(F)(F)F)cc1)C(=O)Cn1c(=O)n(CCF)c2cnc(-c3ccccc3)nc21
R1,emap_Bn-4OCF3_Me,CCN(Cc1ccc(OC(F)(F)F)cc1)C(=O)Cn1c(=O)n(C)c2cnc(-c3ccccc3)nc21
R1,emap_Bn-4OCF3_Et,CCN(Cc1ccc(OC(F)(F)F)cc1)C(=O)Cn1c(=O)n(CC)c2cnc(-c3ccccc3)nc21
R1,emap_Bn-4OCF3_CH2F,CCN(Cc1ccc(OC(F)(F)F)cc1)C(=O)Cn1c(=O)n(CF)c2cnc(-c3ccccc3)nc21
R1,emap_Bn-4OCF3_CH2CH2F,CCN(Cc1ccc(OC(F)(F)F)cc1)C(=O)Cn1c(=O)n(CCF)c2cnc(-c3ccccc3)nc21
R1,emap_Bn-4OMe_Me,CCN(Cc1ccc(OC)cc1)C(=O)Cn1c(=O)n(C)c2cnc(-c3ccccc3)nc21
R1,emap_Bn-4OMe_Et,CCN(Cc1ccc(OC)cc1)C(=O)Cn1c(=O)n(CC)c2cnc(-c3ccccc3)nc21
R1,emap_Bn-4OMe_CH2F,CCN(Cc1ccc(OC)cc1)C(=O)Cn1c(=O)n(CF)c2cnc(-c3ccccc3)nc21
R1,emap_Bn-4OMe_CH2CH2F,CCN(Cc1ccc(OC)cc1)C(=O)Cn1c(=O)n(CCF)c2cnc(-c3ccccc3)nc21
R1,emap_Bn-4OCHF2_Me,CCN(Cc1ccc(OC(F)F)cc1)C(=O)Cn1c(=O)n(C)c2cnc(-c3ccccc3)nc21
R1,emap_Bn-4OCHF2_Et,CCN(Cc1ccc(OC(F)F)cc1)C(=O)Cn1c(=O)n(CC)c2cnc(-c3ccccc3)nc21
R1,emap_Bn-4OCHF2_CH2F,CCN(Cc1ccc(OC(F)F)cc1)C(=O)Cn1c(=O)n(CF)c2cnc(-c3ccccc3)nc21
R1,emap_Bn-4OCHF2_CH2CH2F,CCN(Cc1ccc(OC(F)F)cc1)C(=O)Cn1c(=O)n(CCF)c2cnc(-c3ccccc3)nc21
R1,emap_Bn-4CN_Me,CCN(Cc1ccc(C#N)cc1)C(=O)Cn1c(=O)n(C)c2cnc(-c3ccccc3)nc21
R1,emap_Bn-4CN_Et,CCN(Cc1ccc(C#N)cc1)C(=O)Cn1c(=O)n(CC)c2cnc(-c3ccccc3)nc21
R1,emap_Bn-4CN_CH2F,CCN(Cc1ccc(C#N)cc1)C(=O)Cn1c(=O)n(CF)c2cnc(-c3ccccc3)nc21
R1,emap_Bn-4CN_CH2CH2F,CCN(Cc1ccc(C#N)cc1)C(=O)Cn1c(=O)n(CCF)c2cnc(-c3ccccc3)nc21
R2,emap2_Bn_Me,CCN(Cc1ccccc1)C(=O)Cn1c(=O)n(C)c2cnc(-c3ccccc3)nc21
R2,emap2_Bn_Et,CCN(Cc1ccccc1)C(=O)Cn1c(=O)n(CC)c2cnc(-c3ccccc3)nc21
R2,emap2_Bn_iPr,CCN(Cc1ccccc1)C(=O)Cn1c(=O)n(C(C)C)c2cnc(-c3ccccc3)nc21
R2,emap2_Bn_cPr,CCN(Cc1ccccc1)C(=O)Cn1c(=O)n(C2CC2)c2cnc(-c3ccccc3)nc21
R2,emap2_Bn_CH2F,CCN(Cc1ccccc1)C(=O)Cn1c(=O)n(CF)c2cnc(-c3ccccc3)nc21
R2,emap2_Bn_CHF2,CCN(Cc1ccccc1)C(=O)Cn1c(=O)n(C(F)F)c2cnc(-c3ccccc3)nc21
R2,emap2_Bn_CH2CH2F,CCN(Cc1ccccc1)C(=O)Cn1c(=O)n(CCF)c2cnc(-c3ccccc3)nc21
R2,emap2_Bn_CH2CF3,CCN(Cc1ccccc1)C(=O)Cn1c(=O)n(CC(F)(F)F)c2cnc(-c3ccccc3)nc21
R2,emap2_Bn-4F_Me,CCN(Cc1ccc(F)cc1)C(=O)Cn1c(=O)n(C)c2cnc(-c3ccccc3)nc21
R2,emap2_Bn-4F_Et,CCN(Cc1ccc(F)cc1)C(=O)Cn1c(=O)n(CC)c2cnc(-c3ccccc3)nc21
R2,emap2_Bn-4F_iPr,CCN(Cc1ccc(F)cc1)C(=O)Cn1c(=O)n(C(C)C)c2cnc(-c3ccccc3)nc21
R2,emap2_Bn-4F_cPr,CCN(Cc1ccc(F)cc1)C(=O)Cn1c(=O)n(C2CC2)c2cnc(-c3ccccc3)nc21
R2,emap2_Bn-4F_CH2F,CCN(Cc1ccc(F)cc1)C(=O)Cn1c(=O)n(CF)c2cnc(-c3ccccc3)nc21
R2,emap2_Bn-4F_CHF2,CCN(Cc1ccc(F)cc1)C(=O)Cn1c(=O)n(C(F)F)c2cnc(-c3ccccc3)nc21
R2,emap2_Bn-4F_CH2CH2F,CCN(Cc1ccc(F)cc1)C(=O)Cn1c(=O)n(CCF)c2cnc(-c3ccccc3)nc21
R2,emap2_Bn-4F_CH2CF3,CCN(Cc1ccc(F)cc1)C(=O)Cn1c(=O)n(CC(F)(F)F)c2cnc(-c3ccccc3)nc21
R2,"emap2_Bn-3,5diF_Me",CCN(Cc1ccc(F)cc1F)C(=O)Cn1c(=O)n(C)c2cnc(-c3ccccc3)nc21
R2,"emap2_Bn-3,5diF_Et",CCN(Cc1ccc(F)cc1F)C(=O)Cn1c(=O)n(CC)c2cnc(-c3ccccc3)nc21
R2,"emap2_Bn-3,5diF_iPr",CCN(Cc1ccc(F)cc1F)C(=O)Cn1c(=O)n(C(C)C)c2cnc(-c3ccccc3)nc21
R2,"emap2_Bn-3,5diF_cPr",CCN(Cc1ccc(F)cc1F)C(=O)Cn1c(=O)n(C2CC2)c2cnc(-c3ccccc3)nc21
R2,"emap2_Bn-3,5diF_CH2F",CCN(Cc1ccc(F)cc1F)C(=O)Cn1c(=O)n(CF)c2cnc(-c3ccccc3)nc21
R2,"emap2_Bn-3,5diF_CHF2",CCN(Cc1ccc(F)cc1F)C(=O)Cn1c(=O)n(C(F)F)c2cnc(-c3ccccc3)nc21
R2,"emap2_Bn-3,5diF_CH2CH2F",CCN(Cc1ccc(F)cc1F)C(=O)Cn1c(=O)n(CCF)c2cnc(-c3ccccc3)nc21
R2,"emap2_Bn-3,5diF_CH2CF3",CCN(Cc1ccc(F)cc1F)C(=O)Cn1c(=O)n(CC(F)(F)F)c2cnc(-c3ccccc3)nc21
R2,"emap2_Bn-3,4diF_Me",CCN(Cc1cc(F)ccc1F)C(=O)Cn1c(=O)n(C)c2cnc(-c3ccccc3)nc21
R2,"emap2_Bn-3,4diF_Et",CCN(Cc1cc(F)ccc1F)C(=O)Cn1c(=O)n(CC)c2cnc(-c3ccccc3)nc21
R2,"emap2_Bn-3,4diF_iPr",CCN(Cc1cc(F)ccc1F)C(=O)Cn1c(=O)n(C(C)C)c2cnc(-c3ccccc3)nc21
R2,"emap2_Bn-3,4diF_cPr",CCN(Cc1cc(F)ccc1F)C(=O)Cn1c(=O)n(C2CC2)c2cnc(-c3ccccc3)nc21
R2,"emap2_Bn-3,4diF_CH2F",CCN(Cc1cc(F)ccc1F)C(=O)Cn1c(=O)n(CF)c2cnc(-c3ccccc3)nc21
R2,"emap2_Bn-3,4diF_CHF2",CCN(Cc1cc(F)ccc1F)C(=O)Cn1c(=O)n(C(F)F)c2cnc(-c3ccccc3)nc21
R2,"emap2_Bn-3,4diF_CH2CH2F",CCN(Cc1cc(F)ccc1F)C(=O)Cn1c(=O)n(CCF)c2cnc(-c3ccccc3)nc21
R2,"emap2_Bn-3,4diF_CH2CF3",CCN(Cc1cc(F)ccc1F)C(=O)Cn1c(=O)n(CC(F)(F)F)c2cnc(-c3ccccc3)nc21
R2,emap2_Bn-4Cl_Me,CCN(Cc1ccc(Cl)cc1)C(=O)Cn1c(=O)n(C)c2cnc(-c3ccccc3)nc21
R2,emap2_Bn-4Cl_Et,CCN(Cc1ccc(Cl)cc1)C(=O)Cn1c(=O)n(CC)c2cnc(-c3ccccc3)nc21
R2,emap2_Bn-4Cl_iPr,CCN(Cc1ccc(Cl)cc1)C(=O)Cn1c(=O)n(C(C)C)c2cnc(-c3ccccc3)nc21
R2,emap2_Bn-4Cl_cPr,CCN(Cc1ccc(Cl)cc1)C(=O)Cn1c(=O)n(C2CC2)c2cnc(-c3ccccc3)nc21
R2,emap2_Bn-4Cl_CH2F,CCN(Cc1ccc(Cl)cc1)C(=O)Cn1c(=O)n(CF)c2cnc(-c3ccccc3)nc21
R2,emap2_Bn-4Cl_CHF2,CCN(Cc1ccc(Cl)cc1)C(=O)Cn1c(=O)n(C(F)F)c2cnc(-c3ccccc3)nc21
R2,emap2_Bn-4Cl_CH2CH2F,CCN(Cc1ccc(Cl)cc1)C(=O)Cn1c(=O)n(CCF)c2cnc(-c3ccccc3)nc21
R2,emap2_Bn-4Cl_CH2CF3,CCN(Cc1ccc(Cl)cc1)C(=O)Cn1c(=O)n(CC(F)(F)F)c2cnc(-c3ccccc3)nc21
R2,"emap2_Bn-3,4diCl_Me",CCN(Cc1cc(Cl)ccc1Cl)C(=O)Cn1c(=O)n(C)c2cnc(-c3ccccc3)nc21
R2,"emap2_Bn-3,4diCl_Et",CCN(Cc1cc(Cl)ccc1Cl)C(=O)Cn1c(=O)n(CC)c2cnc(-c3ccccc3)nc21
R2,"emap2_Bn-3,4diCl_iPr",CCN(Cc1cc(Cl)ccc1Cl)C(=O)Cn1c(=O)n(C(C)C)c2cnc(-c3ccccc3)nc21
R2,"emap2_Bn-3,4diCl_cPr",CCN(Cc1cc(Cl)ccc1Cl)C(=O)Cn1c(=O)n(C2CC2)c2cnc(-c3ccccc3)nc21
R2,"emap2_Bn-3,4diCl_CH2F",CCN(Cc1cc(Cl)ccc1Cl)C(=O)Cn1c(=O)n(CF)c2cnc(-c3ccccc3)nc21
R2,"emap2_Bn-3,4diCl_CHF2",CCN(Cc1cc(Cl)ccc1Cl)C(=O)Cn1c(=O)n(C(F)F)c2cnc(-c3ccccc3)nc21
R2,"emap2_Bn-3,4diCl_CH2CH2F",CCN(Cc1cc(Cl)ccc1Cl)C(=O)Cn1c(=O)n(CCF)c2cnc(-c3ccccc3)nc21
R2,"emap2_Bn-3,4diCl_CH2CF3",CCN(Cc1cc(Cl)ccc1Cl)C(=O)Cn1c(=O)n(CC(F)(F)F)c2cnc(-c3ccccc3)nc21
R2,emap2_Bn-4Br_Me,CCN(Cc1ccc(Br)cc1)C(=O)Cn1c(=O)n(C)c2cnc(-c3ccccc3)nc21
R2,emap2_Bn-4Br_Et,CCN(Cc1ccc(Br)cc1)C(=O)Cn1c(=O)n(CC)c2cnc(-c3ccccc3)nc21
R2,emap2_Bn-4Br_iPr,CCN(Cc1ccc(Br)cc1)C(=O)Cn1c(=O)n(C(C)C)c2cnc(-c3ccccc3)nc21
R2,emap2_Bn-4Br_cPr,CCN(Cc1ccc(Br)cc1)C(=O)Cn1c(=O)n(C2CC2)c2cnc(-c3ccccc3)nc21
R2,emap2_Bn-4Br_CH2F,CCN(Cc1ccc(Br)cc1)C(=O)Cn1c(=O)n(CF)c2cnc(-c3ccccc3)nc21
R2,emap2_Bn-4Br_CHF2,CCN(Cc1ccc(Br)cc1)C(=O)Cn1c(=O)n(C(F)F)c2cnc(-c3ccccc3)nc21
R2,emap2_Bn-4Br_CH2CH2F,CCN(Cc1ccc(Br)cc1)C(=O)Cn1c(=O)n(CCF)c2cnc(-c3ccccc3)nc21
R2,emap2_Bn-4Br_CH2CF3,CCN(Cc1ccc(Br)cc1)C(=O)Cn1c(=O)n(CC(F)(F)F)c2cnc(-c3ccccc3)nc21
R2,emap2_Bn-4CF3_Me,CCN(Cc1ccc(C(F)(F)F)cc1)C(=O)Cn1c(=O)n(C)c2cnc(-c3ccccc3)nc21
R2,emap2_Bn-4CF3_Et,CCN(Cc1ccc(C(F)(F)F)cc1)C(=O)Cn1c(=O)n(CC)c2cnc(-c3ccccc3)nc21
R2,emap2_Bn-4CF3_iPr,CCN(Cc1ccc(C(F)(F)F)cc1)C(=O)Cn1c(=O)n(C(C)C)c2cnc(-c3ccccc3)nc21
R2,emap2_Bn-4CF3_cPr,CCN(Cc1ccc(C(F)(F)F)cc1)C(=O)Cn1c(=O)n(C2CC2)c2cnc(-c3ccccc3)nc21
R2,emap2_Bn-4CF3_CH2F,CCN(Cc1ccc(C(F)(F)F)cc1)C(=O)Cn1c(=O)n(CF)c2cnc(-c3ccccc3)nc21
R2,emap2_Bn-4CF3_CHF2,CCN(Cc1ccc(C(F)(F)F)cc1)C(=O)Cn1c(=O)n(C(F)F)c2cnc(-c3ccccc3)nc21
R2,emap2_Bn-4CF3_CH2CH2F,CCN(Cc1ccc(C(F)(F)F)cc1)C(=O)Cn1c(=O)n(CCF)c2cnc(-c3ccccc3)nc21
R2,emap2_Bn-4CF3_CH2CF3,CCN(Cc1ccc(C(F)(F)F)cc1)C(=O)Cn1c(=O)n(CC(F)(F)F)c2cnc(-c3ccccc3)nc21
R2,emap2_Bn-4OCF3_Me,CCN(Cc1ccc(OC(F)(F)F)cc1)C(=O)Cn1c(=O)n(C)c2cnc(-c3ccccc3)nc21
R2,emap2_Bn-4OCF3_Et,CCN(Cc1ccc(OC(F)(F)F)cc1)C(=O)Cn1c(=O)n(CC)c2cnc(-c3ccccc3)nc21
R2,emap2_Bn-4OCF3_iPr,CCN(Cc1ccc(OC(F)(F)F)cc1)C(=O)Cn1c(=O)n(C(C)C)c2cnc(-c3ccccc3)nc21
R2,emap2_Bn-4OCF3_cPr,CCN(Cc1ccc(OC(F)(F)F)cc1)C(=O)Cn1c(=O)n(C2CC2)c2cnc(-c3ccccc3)nc21
R2,emap2_Bn-4OCF3_CH2F,CCN(Cc1ccc(OC(F)(F)F)cc1)C(=O)Cn1c(=O)n(CF)c2cnc(-c3ccccc3)nc21
R2,emap2_Bn-4OCF3_CHF2,CCN(Cc1ccc(OC(F)(F)F)cc1)C(=O)Cn1c(=O)n(C(F)F)c2cnc(-c3ccccc3)nc21
R2,emap2_Bn-4OCF3_CH2CH2F,CCN(Cc1ccc(OC(F)(F)F)cc1)C(=O)Cn1c(=O)n(CCF)c2cnc(-c3ccccc3)nc21
R2,emap2_Bn-4OCF3_CH2CF3,CCN(Cc1ccc(OC(F)(F)F)cc1)C(=O)Cn1c(=O)n(CC(F)(F)F)c2cnc(-c3ccccc3)nc21
R2,emap2_Bn-4OCHF2_Me,CCN(Cc1ccc(OC(F)F)cc1)C(=O)Cn1c(=O)n(C)c2cnc(-c3ccccc3)nc21
R2,emap2_Bn-4OCHF2_Et,CCN(Cc1ccc(OC(F)F)cc1)C(=O)Cn1c(=O)n(CC)c2cnc(-c3ccccc3)nc21
R2,emap2_Bn-4OCHF2_iPr,CCN(Cc1ccc(OC(F)F)cc1)C(=O)Cn1c(=O)n(C(C)C)c2cnc(-c3ccccc3)nc21
R2,emap2_Bn-4OCHF2_cPr,CCN(Cc1ccc(OC(F)F)cc1)C(=O)Cn1c(=O)n(C2CC2)c2cnc(-c3ccccc3)nc21
R2,emap2_Bn-4OCHF2_CH2F,CCN(Cc1ccc(OC(F)F)cc1)C(=O)Cn1c(=O)n(CF)c2cnc(-c3ccccc3)nc21
R2,emap2_Bn-4OCHF2_CHF2,CCN(Cc1ccc(OC(F)F)cc1)C(=O)Cn1c(=O)n(C(F)F)c2cnc(-c3ccccc3)nc21
R2,emap2_Bn-4OCHF2_CH2CH2F,CCN(Cc1ccc(OC(F)F)cc1)C(=O)Cn1c(=O)n(CCF)c2cnc(-c3ccccc3)nc21
R2,emap2_Bn-4OCHF2_CH2CF3,CCN(Cc1ccc(OC(F)F)cc1)C(=O)Cn1c(=O)n(CC(F)(F)F)c2cnc(-c3ccccc3)nc21
R2,emap2_Bn-4OMe_Me,CCN(Cc1ccc(OC)cc1)C(=O)Cn1c(=O)n(C)c2cnc(-c3ccccc3)nc21
R2,emap2_Bn-4OMe_Et,CCN(Cc1ccc(OC)cc1)C(=O)Cn1c(=O)n(CC)c2cnc(-c3ccccc3)nc21
R2,emap2_Bn-4OMe_iPr,CCN(Cc1ccc(OC)cc1)C(=O)Cn1c(=O)n(C(C)C)c2cnc(-c3ccccc3)nc21
R2,emap2_Bn-4OMe_cPr,CCN(Cc1ccc(OC)cc1)C(=O)Cn1c(=O)n(C2CC2)c2cnc(-c3ccccc3)nc21
R2,emap2_Bn-4OMe_CH2F,CCN(Cc1ccc(OC)cc1)C(=O)Cn1c(=O)n(CF)c2cnc(-c3ccccc3)nc21
R2,emap2_Bn-4OMe_CHF2,CCN(Cc1ccc(OC)cc1)C(=O)Cn1c(=O)n(C(F)F)c2cnc(-c3ccccc3)nc21
R2,emap2_Bn-4OMe_CH2CH2F,CCN(Cc1ccc(OC)cc1)C(=O)Cn1c(=O)n(CCF)c2cnc(-c3ccccc3)nc21
R2,emap2_Bn-4OMe_CH2CF3,CCN(Cc1ccc(OC)cc1)C(=O)Cn1c(=O)n(CC(F)(F)F)c2cnc(-c3ccccc3)nc21
R2,emap2_Bn-4iPr_Me,CCN(Cc1ccc(C(C)C)cc1)C(=O)Cn1c(=O)n(C)c2cnc(-c3ccccc3)nc21
R2,emap2_Bn-4iPr_Et,CCN(Cc1ccc(C(C)C)cc1)C(=O)Cn1c(=O)n(CC)c2cnc(-c3ccccc3)nc21
R2,emap2_Bn-4iPr_iPr,CCN(Cc1ccc(C(C)C)cc1)C(=O)Cn1c(=O)n(C(C)C)c2cnc(-c3ccccc3)nc21
R2,emap2_Bn-4iPr_cPr,CCN(Cc1ccc(C(C)C)cc1)C(=O)Cn1c(=O)n(C2CC2)c2cnc(-c3ccccc3)nc21
R2,emap2_Bn-4iPr_CH2F,CCN(Cc1ccc(C(C)C)cc1)C(=O)Cn1c(=O)n(CF)c2cnc(-c3ccccc3)nc21
R2,emap2_Bn-4iPr_CHF2,CCN(Cc1ccc(C(C)C)cc1)C(=O)Cn1c(=O)n(C(F)F)c2cnc(-c3ccccc3)nc21
R2,emap2_Bn-4iPr_CH2CH2F,CCN(Cc1ccc(C(C)C)cc1)C(=O)Cn1c(=O)n(CCF)c2cnc(-c3ccccc3)nc21
R2,emap2_Bn-4iPr_CH2CF3,CCN(Cc1ccc(C(C)C)cc1)C(=O)Cn1c(=O)n(CC(F)(F)F)c2cnc(-c3ccccc3)nc21
R2,emap2_Bn-4CF2H_Me,CCN(Cc1ccc(C(F)F)cc1)C(=O)Cn1c(=O)n(C)c2cnc(-c3ccccc3)nc21
R2,emap2_Bn-4CF2H_Et,CCN(Cc1ccc(C(F)F)cc1)C(=O)Cn1c(=O)n(CC)c2cnc(-c3ccccc3)nc21
R2,emap2_Bn-4CF2H_iPr,CCN(Cc1ccc(C(F)F)cc1)C(=O)Cn1c(=O)n(C(C)C)c2cnc(-c3ccccc3)nc21
R2,emap2_Bn-4CF2H_cPr,CCN(Cc1ccc(C(F)F)cc1)C(=O)Cn1c(=O)n(C2CC2)c2cnc(-c3ccccc3)nc21
R2,emap2_Bn-4CF2H_CH2F,CCN(Cc1ccc(C(F)F)cc1)C(=O)Cn1c(=O)n(CF)c2cnc(-c3ccccc3)nc21
R2,emap2_Bn-4CF2H_CHF2,CCN(Cc1ccc(C(F)F)cc1)C(=O)Cn1c(=O)n(C(F)F)c2cnc(-c3ccccc3)nc21
R2,emap2_Bn-4CF2H_CH2CH2F,CCN(Cc1ccc(C(F)F)cc1)C(=O)Cn1c(=O)n(CCF)c2cnc(-c3ccccc3)nc21
R2,emap2_Bn-4CF2H_CH2CF3,CCN(Cc1ccc(C(F)F)cc1)C(=O)Cn1c(=O)n(CC(F)(F)F)c2cnc(-c3ccccc3)nc21
R2,emap2_Bn-4SF5_Me,CCN(Cc1ccc(S(F)(F)(F)(F)F)cc1)C(=O)Cn1c(=O)n(C)c2cnc(-c3ccccc3)nc21
R2,emap2_Bn-4SF5_Et,CCN(Cc1ccc(S(F)(F)(F)(F)F)cc1)C(=O)Cn1c(=O)n(CC)c2cnc(-c3ccccc3)nc21
R2,emap2_Bn-4SF5_iPr,CCN(Cc1ccc(S(F)(F)(F)(F)F)cc1)C(=O)Cn1c(=O)n(C(C)C)c2cnc(-c3ccccc3)nc21
R2,emap2_Bn-4SF5_cPr,CCN(Cc1ccc(S(F)(F)(F)(F)F)cc1)C(=O)Cn1c(=O)n(C2CC2)c2cnc(-c3ccccc3)nc21
R2,emap2_Bn-4SF5_CH2F,CCN(Cc1ccc(S(F)(F)(F)(F)F)cc1)C(=O)Cn1c(=O)n(CF)c2cnc(-c3ccccc3)nc21
R2,emap2_Bn-4SF5_CHF2,CCN(Cc1ccc(S(F)(F)(F)(F)F)cc1)C(=O)Cn1c(=O)n(C(F)F)c2cnc(-c3ccccc3)nc21
R2,emap2_Bn-4SF5_CH2CH2F,CCN(Cc1ccc(S(F)(F)(F)(F)F)cc1)C(=O)Cn1c(=O)n(CCF)c2cnc(-c3ccccc3)nc21
R2,emap2_Bn-4SF5_CH2CF3,CCN(Cc1ccc(S(F)(F)(F)(F)F)cc1)C(=O)Cn1c(=O)n(CC(F)(F)F)c2cnc(-c3ccccc3)nc21
R3,emap3_Bn_Me,CCN(Cc1ccccc1)C(=O)Cn2c3c(cnc(n3)c4ccccc4)n(c2=O)C
R3,emap3_Bn_Et,CCN(Cc1ccccc1)C(=O)Cn2c3c(cnc(n3)c4ccccc4)n(c2=O)CC
R3,emap3_Bn_nPr,CCN(Cc1ccccc1)C(=O)Cn2c3c(cnc(n3)c4ccccc4)n(c2=O)CCC
R3,emap3_Bn_nBu,CCN(Cc1ccccc1)C(=O)Cn2c3c(cnc(n3)c4ccccc4)n(c2=O)CCCC
R3,emap3_Bn_CH2F,CCN(Cc1ccccc1)C(=O)Cn2c3c(cnc(n3)c4ccccc4)n(c2=O)CF
R3,emap3_Bn_CH2CH2F,CCN(Cc1ccccc1)C(=O)Cn2c3c(cnc(n3)c4ccccc4)n(c2=O)CCF
R3,emap3_Bn_CH2CH2CH2F,CCN(Cc1ccccc1)C(=O)Cn2c3c(cnc(n3)c4ccccc4)n(c2=O)CCCF
R3,emap3_Bn_CH2CHF2,CCN(Cc1ccccc1)C(=O)Cn2c3c(cnc(n3)c4ccccc4)n(c2=O)C(F)F
R3,emap3_Bn_CH2CH2CHF2,CCN(Cc1ccccc1)C(=O)Cn2c3c(cnc(n3)c4ccccc4)n(c2=O)CC(F)F
R3,emap3_Bn_CH2CH2CH2CHF2,CCN(Cc1ccccc1)C(=O)Cn2c3c(cnc(n3)c4ccccc4)n(c2=O)CCC(F)F
R3,emap3_Bn_CH2CF3,CCN(Cc1ccccc1)C(=O)Cn2c3c(cnc(n3)c4ccccc4)n(c2=O)C(F)(F)F
R3,emap3_Bn_CH2CH2CF3,CCN(Cc1ccccc1)C(=O)Cn2c3c(cnc(n3)c4ccccc4)n(c2=O)CC(F)(F)F
R3,emap3_Bn_CH2CH2CH2CF3,CCN(Cc1ccccc1)C(=O)Cn2c3c(cnc(n3)c4ccccc4)n(c2=O)CCC(F)(F)F
R3,emap3_Bn_OCH2F,CCN(Cc1ccccc1)C(=O)Cn2c3c(cnc(n3)c4ccccc4)n(c2=O)COF
R3,emap3_Bn_OCH2CHF2,CCN(Cc1ccccc1)C(=O)Cn2c3c(cnc(n3)c4ccccc4)n(c2=O)COC(F)F
R3,emap3_Bn_OCH2CF3,CCN(Cc1ccccc1)C(=O)Cn2c3c(cnc(n3)c4ccccc4)n(c2=O)COC(F)(F)F
R3,emap3_Bn_OCH2CH2F,CCN(Cc1ccccc1)C(=O)Cn2c3c(cnc(n3)c4ccccc4)n(c2=O)COCF
R3,emap3_Bn_OCH2CH2CF3,CCN(Cc1ccccc1)C(=O)Cn2c3c(cnc(n3)c4ccccc4)n(c2=O)COCC(F)(F)F
R3,emap3_Bn_OCH2CH2CHF2,CCN(Cc1ccccc1)C(=O)Cn2c3c(cnc(n3)c4ccccc4)n(c2=O)COCC(F)F
R3,emap3_Bn_OCH2CH2CH2F,CCN(Cc1ccccc1)C(=O)Cn2c3c(cnc(n3)c4ccccc4)n(c2=O)COCCF
R3,emap3_Bn_OCH2CH2CH2CF3,CCN(Cc1ccccc1)C(=O)Cn2c3c(cnc(n3)c4ccccc4)n(c2=O)COCCC(F)(F)F
R3,emap3_Bn_CH2SiMe3,CCN(Cc1ccccc1)C(=O)Cn2c3c(cnc(n3)c4ccccc4)n(c2=O)C[Si](C)(C)C
R3,emap3_Bn_CH2CH2SiMe3,CCN(Cc1ccccc1)C(=O)Cn2c3c(cnc(n3)c4ccccc4)n(c2=O)CC[Si](C)(C)C
R3,emap3_Bn_OSiMe3,CCN(Cc1ccccc1)C(=O)Cn2c3c(cnc(n3)c4ccccc4)n(c2=O)O[Si](C)(C)C
R3,emap3_Bn_CH2SiEt3,CCN(Cc1ccccc1)C(=O)Cn2c3c(cnc(n3)c4ccccc4)n(c2=O)C[Si](CC)(CC)CC
R3,emap3_Bn_tBu,CCN(Cc1ccccc1)C(=O)Cn2c3c(cnc(n3)c4ccccc4)n(c2=O)C(C)(C)C
R3,emap3_Bn_BnCH2,CCN(Cc1ccccc1)C(=O)Cn2c3c(cnc(n3)c4ccccc4)n(c2=O)Cc1ccccc1C
R3,emap3_Bn_PhCH2F,CCN(Cc1ccccc1)C(=O)Cn2c3c(cnc(n3)c4ccccc4)n(c2=O)c1ccccc1CF
R3,emap3_Bn_OCH2CF2H,CCN(Cc1ccccc1)C(=O)Cn2c3c(cnc(n3)c4ccccc4)n(c2=O)COC(F)F
R3,emap3_Bn_OCH2CH2CF2H,CCN(Cc1ccccc1)C(=O)Cn2c3c(cnc(n3)c4ccccc4)n(c2=O)COCC(F)F
R3,emap3_Bn_CH2CF2H,CCN(Cc1ccccc1)C(=O)Cn2c3c(cnc(n3)c4ccccc4)n(c2=O)C(F)F
R3,emap3_Bn_CH2CH2CF2H,CCN(Cc1ccccc1)C(=O)Cn2c3c(cnc(n3)c4ccccc4)n(c2=O)CC(F)F
R3,emap3_Bn_OCH2CH2CH2CHF2,CCN(Cc1ccccc1)C(=O)Cn2c3c(cnc(n3)c4ccccc4)n(c2=O)COCCC(F)F
R3,emap3_Bn_CH2CH2CF2CF3,CCN(Cc1ccccc1)C(=O)Cn2c3c(cnc(n3)c4ccccc4)n(c2=O)CC(F)C(F)(F)F
R3,emap3_Bn_CH2CF2CF3,CCN(Cc1ccccc1)C(=O)Cn2c3c(cnc(n3)c4ccccc4)n(c2=O)C(F)C(F)(F)F
R3,emap3_Bn_CH2CH2CH2CF2CF3,CCN(Cc1ccccc1)C(=O)Cn2c3c(cnc(n3)c4ccccc4)n(c2=O)CCC(F)C(F)(F)F
R3,emap3_Bn_CH2CH2CF2CH3,CCN(Cc1ccccc1)C(=O)Cn2c3c(cnc(n3)c4ccccc4)n(c2=O)CC(F)C
R3,emap3_Bn_OCH2CF2CF3,CCN(Cc1ccccc1)C(=O)Cn2c3c(cnc(n3)c4ccccc4)n(c2=O)COC(F)C(F)(F)F
R3,emap3_Bn_OCH2CF2CH3,CCN(Cc1ccccc1)C(=O)Cn2c3c(cnc(n3)c4ccccc4)n(c2=O)COC(F)C
R3,emap3_Bn_OCH2CH2CF2CF3,CCN(Cc1ccccc1)C(=O)Cn2c3c(cnc(n3)c4ccccc4)n(c2=O)COCC(F)C(F)(F)F
R3,emap3_Bn_CH2CF2CH2F,CCN(Cc1ccccc1)C(=O)Cn2c3c(cnc(n3)c4ccccc4)n(c2=O)C(F)CF
R3,emap3_Bn_CH2CH2CF2CH2F,CCN(Cc1ccccc1)C(=O)Cn2c3c(cnc(n3)c4ccccc4)n(c2=O)CC(F)CF
R3,emap3_Bn_OCH2CF2CH2F,CCN(Cc1ccccc1)C(=O)Cn2c3c(cnc(n3)c4ccccc4)n(c2=O)COC(F)CF
R3,emap3_Bn_CH2CH2CF2CH2CHF2,CCN(Cc1ccccc1)C(=O)Cn2c3c(cnc(n3)c4ccccc4)n(c2=O)CC(F)C(F)F
R3,emap3_Bn_CH2CH2CF2CH2CF3,CCN(Cc1ccccc1)C(=O)Cn2c3c(cnc(n3)c4ccccc4)n(c2=O)CC(F)C(F)(F)F
R3,emap3_Bn_OCH2CH2CF2CH2F,CCN(Cc1ccccc1)C(=O)Cn2c3c(cnc(n3)c4ccccc4)n(c2=O)COCC(F)CF
R3,emap3_Bn_CH2CH2CF2CH2CH2F,CCN(Cc1ccccc1)C(=O)Cn2c3c(cnc(n3)c4ccccc4)n(c2=O)CC(F)CCF
R3,emap3_Bn_CH2CF2CH2CH2F,CCN(Cc1ccccc1)C(=O)Cn2c3c(cnc(n3)c4ccccc4)n(c2=O)C(F)CCF
R3,emap3_Bn_CH2CF2CH2CHF2,CCN(Cc1ccccc1)C(=O)Cn2c3c(cnc(n3)c4ccccc4)n(c2=O)C(F)C(F)F
R3,emap3_Bn_CH2CF2CH2CF3,CCN(Cc1ccccc1)C(=O)Cn2c3c(cnc(n3)c4ccccc4)n(c2=O)C(F)C(F)(F)F
R3,emap3_Bn_OCH2CF2CH2CH2F,CCN(Cc1ccccc1)C(=O)Cn2c3c(cnc(n3)c4ccccc4)n(c2=O)COC(F)CCF
R3,emap3_Bn_OCH2CH2CF2CH2CH2F,CCN(Cc1ccccc1)C(=O)Cn2c3c(cnc(n3)c4ccccc4)n(c2=O)COCC(F)CCF
R3,emap3_Bn_CH2CH2CF2CH2CH2CHF2,CCN(Cc1ccccc1)C(=O)Cn2c3c(cnc(n3)c4ccccc4)n(c2=O)CC(F)CC(F)F
R3,emap3_Bn_CH2CH2CF2CH2CH2CF3,CCN(Cc1ccccc1)C(=O)Cn2c3c(cnc(n3)c4ccccc4)n(c2=O)CC(F)CC(F)(F)F
R3,emap3_Bn-4F_Me,CCN(Cc1ccc(F)cc1)C(=O)Cn2c3c(cnc(n3)c4ccccc4)n(c2=O)C
R3,emap3_Bn-4F_Et,CCN(Cc1ccc(F)cc1)C(=O)Cn2c3c(cnc(n3)c4ccccc4)n(c2=O)CC
R3,emap3_Bn-4F_nPr,CCN(Cc1ccc(F)cc1)C(=O)Cn2c3c(cnc(n3)c4ccccc4)n(c2=O)CCC
R3,emap3_Bn-4F_nBu,CCN(Cc1ccc(F)cc1)C(=O)Cn2c3c(cnc(n3)c4ccccc4)n(c2=O)CCCC
R3,emap3_Bn-4F_CH2F,CCN(Cc1ccc(F)cc1)C(=O)Cn2c3c(cnc(n3)c4ccccc4)n(c2=O)CF
R3,emap3_Bn-4F_CH2CH2F,CCN(Cc1ccc(F)cc1)C(=O)Cn2c3c(cnc(n3)c4ccccc4)n(c2=O)CCF
R3,emap3_Bn-4F_CH2CH2CH2F,CCN(Cc1ccc(F)cc1)C(=O)Cn2c3c(cnc(n3)c4ccccc4)n(c2=O)CCCF
R3,emap3_Bn-4F_CH2CHF2,CCN(Cc1ccc(F)cc1)C(=O)Cn2c3c(cnc(n3)c4ccccc4)n(c2=O)C(F)F
R3,emap3_Bn-4F_CH2CH2CHF2,CCN(Cc1ccc(F)cc1)C(=O)Cn2c3c(cnc(n3)c4ccccc4)n(c2=O)CC(F)F
R3,emap3_Bn-4F_CH2CH2CH2CHF2,CCN(Cc1ccc(F)cc1)C(=O)Cn2c3c(cnc(n3)c4ccccc4)n(c2=O)CCC(F)F
R3,emap3_Bn-4F_CH2CF3,CCN(Cc1ccc(F)cc1)C(=O)Cn2c3c(cnc(n3)c4ccccc4)n(c2=O)C(F)(F)F
R3,emap3_Bn-4F_CH2CH2CF3,CCN(Cc1ccc(F)cc1)C(=O)Cn2c3c(cnc(n3)c4ccccc4)n(c2=O)CC(F)(F)F
R3,emap3_Bn-4F_CH2CH2CH2CF3,CCN(Cc1ccc(F)cc1)C(=O)Cn2c3c(cnc(n3)c4ccccc4)n(c2=O)CCC(F)(F)F
R3,emap3_Bn-4F_OCH2F,CCN(Cc1ccc(F)cc1)C(=O)Cn2c3c(cnc(n3)c4ccccc4)n(c2=O)COF
R3,emap3_Bn-4F_OCH2CHF2,CCN(Cc1ccc(F)cc1)C(=O)Cn2c3c(cnc(n3)c4ccccc4)n(c2=O)COC(F)F
R3,emap3_Bn-4F_OCH2CF3,CCN(Cc1ccc(F)cc1)C(=O)Cn2c3c(cnc(n3)c4ccccc4)n(c2=O)COC(F)(F)F
R3,emap3_Bn-4F_OCH2CH2F,CCN(Cc1ccc(F)cc1)C(=O)Cn2c3c(cnc(n3)c4ccccc4)n(c2=O)COCF
R3,emap3_Bn-4F_OCH2CH2CF3,CCN(Cc1ccc(F)cc1)C(=O)Cn2c3c(cnc(n3)c4ccccc4)n(c2=O)COCC(F)(F)F
R3,emap3_Bn-4F_OCH2CH2CHF2,CCN(Cc1ccc(F)cc1)C(=O)Cn2c3c(cnc(n3)c4ccccc4)n(c2=O)COCC(F)F
R3,emap3_Bn-4F_OCH2CH2CH2F,CCN(Cc1ccc(F)cc1)C(=O)Cn2c3c(cnc(n3)c4ccccc4)n(c2=O)COCCF
R3,emap3_Bn-4F_OCH2CH2CH2CF3,CCN(Cc1ccc(F)cc1)C(=O)Cn2c3c(cnc(n3)c4ccccc4)n(c2=O)COCCC(F)(F)F
R3,emap3_Bn-4F_CH2SiMe3,CCN(Cc1ccc(F)cc1)C(=O)Cn2c3c(cnc(n3)c4ccccc4)n(c2=O)C[Si](C)(C)C
R3,emap3_Bn-4F_CH2CH2SiMe3,CCN(Cc1ccc(F)cc1)C(=O)Cn2c3c(cnc(n3)c4ccccc4)n(c2=O)CC[Si](C)(C)C
R3,emap3_Bn-4F_OSiMe3,CCN(Cc1ccc(F)cc1)C(=O)Cn2c3c(cnc(n3)c4ccccc4)n(c2=O)O[Si](C)(C)C
R3,emap3_Bn-4F_CH2SiEt3,CCN(Cc1ccc(F)cc1)C(=O)Cn2c3c(cnc(n3)c4ccccc4)n(c2=O)C[Si](CC)(CC)CC
R3,emap3_Bn-4F_tBu,CCN(Cc1ccc(F)cc1)C(=O)Cn2c3c(cnc(n3)c4ccccc4)n(c2=O)C(C)(C)C
R3,emap3_Bn-4F_BnCH2,CCN(Cc1ccc(F)cc1)C(=O)Cn2c3c(cnc(n3)c4ccccc4)n(c2=O)Cc1ccccc1C
R3,emap3_Bn-4F_PhCH2F,CCN(Cc1ccc(F)cc1)C(=O)Cn2c3c(cnc(n3)c4ccccc4)n(c2=O)c1ccccc1CF
R3,emap3_Bn-4F_OCH2CF2H,CCN(Cc1ccc(F)cc1)C(=O)Cn2c3c(cnc(n3)c4ccccc4)n(c2=O)COC(F)F
R3,emap3_Bn-4F_OCH2CH2CF2H,CCN(Cc1ccc(F)cc1)C(=O)Cn2c3c(cnc(n3)c4ccccc4)n(c2=O)COCC(F)F
R3,emap3_Bn-4F_CH2CF2H,CCN(Cc1ccc(F)cc1)C(=O)Cn2c3c(cnc(n3)c4ccccc4)n(c2=O)C(F)F
R3,emap3_Bn-4F_CH2CH2CF2H,CCN(Cc1ccc(F)cc1)C(=O)Cn2c3c(cnc(n3)c4ccccc4)n(c2=O)CC(F)F
R3,emap3_Bn-4F_OCH2CH2CH2CHF2,CCN(Cc1ccc(F)cc1)C(=O)Cn2c3c(cnc(n3)c4ccccc4)n(c2=O)COCCC(F)F
R3,emap3_Bn-4F_CH2CH2CF2CF3,CCN(Cc1ccc(F)cc1)C(=O)Cn2c3c(cnc(n3)c4ccccc4)n(c2=O)CC(F)C(F)(F)F
R3,emap3_Bn-4F_CH2CF2CF3,CCN(Cc1ccc(F)cc1)C(=O)Cn2c3c(cnc(n3)c4ccccc4)n(c2=O)C(F)C(F)(F)F
R3,emap3_Bn-4F_CH2CH2CH2CF2CF3,CCN(Cc1ccc(F)cc1)C(=O)Cn2c3c(cnc(n3)c4ccccc4)n(c2=O)CCC(F)C(F)(F)F
R3,emap3_Bn-4F_CH2CH2CF2CH3,CCN(Cc1ccc(F)cc1)C(=O)Cn2c3c(cnc(n3)c4ccccc4)n(c2=O)CC(F)C
R3,emap3_Bn-4F_OCH2CF2CF3,CCN(Cc1ccc(F)cc1)C(=O)Cn2c3c(cnc(n3)c4ccccc4)n(c2=O)COC(F)C(F)(F)F
R3,emap3_Bn-4F_OCH2CF2CH3,CCN(Cc1ccc(F)cc1)C(=O)Cn2c3c(cnc(n3)c4ccccc4)n(c2=O)COC(F)C
R3,emap3_Bn-4F_OCH2CH2CF2CF3,CCN(Cc1ccc(F)cc1)C(=O)Cn2c3c(cnc(n3)c4ccccc4)n(c2=O)COCC(F)C(F)(F)F
R3,emap3_Bn-4F_CH2CF2CH2F,CCN(Cc1ccc(F)cc1)C(=O)Cn2c3c(cnc(n3)c4ccccc4)n(c2=O)C(F)CF
R3,emap3_Bn-4F_CH2CH2CF2CH2F,CCN(Cc1ccc(F)cc1)C(=O)Cn2c3c(cnc(n3)c4ccccc4)n(c2=O)CC(F)CF
R3,emap3_Bn-4F_OCH2CF2CH2F,CCN(Cc1ccc(F)cc1)C(=O)Cn2c3c(cnc(n3)c4ccccc4)n(c2=O)COC(F)CF
R3,emap3_Bn-4F_CH2CH2CF2CH2CHF2,CCN(Cc1ccc(F)cc1)C(=O)Cn2c3c(cnc(n3)c4ccccc4)n(c2=O)CC(F)C(F)F
R3,emap3_Bn-4F_CH2CH2CF2CH2CF3,CCN(Cc1ccc(F)cc1)C(=O)Cn2c3c(cnc(n3)c4ccccc4)n(c2=O)CC(F)C(F)(F)F
R3,emap3_Bn-4F_OCH2CH2CF2CH2F,CCN(Cc1ccc(F)cc1)C(=O)Cn2c3c(cnc(n3)c4ccccc4)n(c2=O)COCC(F)CF
R3,emap3_Bn-4F_CH2CH2CF2CH2CH2F,CCN(Cc1ccc(F)cc1)C(=O)Cn2c3c(cnc(n3)c4ccccc4)n(c2=O)CC(F)CCF
R3,emap3_Bn-4F_CH2CF2CH2CH2F,CCN(Cc1ccc(F)cc1)C(=O)Cn2c3c(cnc(n3)c4ccccc4)n(c2=O)C(F)CCF
R3,emap3_Bn-4F_CH2CF2CH2CHF2,CCN(Cc1ccc(F)cc1)C(=O)Cn2c3c(cnc(n3)c4ccccc4)n(c2=O)C(F)C(F)F
R3,emap3_Bn-4F_CH2CF2CH2CF3,CCN(Cc1ccc(F)cc1)C(=O)Cn2c3c(cnc(n3)c4ccccc4)n(c2=O)C(F)C(F)(F)F
R3,emap3_Bn-4F_OCH2CF2CH2CH2F,CCN(Cc1ccc(F)cc1)C(=O)Cn2c3c(cnc(n3)c4ccccc4)n(c2=O)COC(F)CCF
R3,emap3_Bn-4F_OCH2CH2CF2CH2CH2F,CCN(Cc1ccc(F)cc1)C(=O)Cn2c3c(cnc(n3)c4ccccc4)n(c2=O)COCC(F)CCF
R3,emap3_Bn-4F_CH2CH2CF2CH2CH2CHF2,CCN(Cc1ccc(F)cc1)C(=O)Cn2c3c(cnc(n3)c4ccccc4)n(c2=O)CC(F)CC(F)F
R3,emap3_Bn-4F_CH2CH2CF2CH2CH2CF3,CCN(Cc1ccc(F)cc1)C(=O)Cn2c3c(cnc(n3)c4ccccc4)n(c2=O)CC(F)CC(F)(F)F
R3,emap3_Bn-3F_Me,CCN(Cc1cc(F)ccc1)C(=O)Cn2c3c(cnc(n3)c4ccccc4)n(c2=O)C
R3,emap3_Bn-3F_Et,CCN(Cc1cc(F)ccc1)C(=O)Cn2c3c(cnc(n3)c4ccccc4)n(c2=O)CC
R3,emap3_Bn-3F_nPr,CCN(Cc1cc(F)ccc1)C(=O)Cn2c3c(cnc(n3)c4ccccc4)n(c2=O)CCC
R3,emap3_Bn-3F_nBu,CCN(Cc1cc(F)ccc1)C(=O)Cn2c3c(cnc(n3)c4ccccc4)n(c2=O)CCCC
R3,emap3_Bn-3F_CH2F,CCN(Cc1cc(F)ccc1)C(=O)Cn2c3c(cnc(n3)c4ccccc4)n(c2=O)CF
R3,emap3_Bn-3F_CH2CH2F,CCN(Cc1cc(F)ccc1)C(=O)Cn2c3c(cnc(n3)c4ccccc4)n(c2=O)CCF
R3,emap3_Bn-3F_CH2CH2CH2F,CCN(Cc1cc(F)ccc1)C(=O)Cn2c3c(cnc(n3)c4ccccc4)n(c2=O)CCCF
R3,emap3_Bn-3F_CH2CHF2,CCN(Cc1cc(F)ccc1)C(=O)Cn2c3c(cnc(n3)c4ccccc4)n(c2=O)C(F)F
R3,emap3_Bn-3F_CH2CH2CHF2,CCN(Cc1cc(F)ccc1)C(=O)Cn2c3c(cnc(n3)c4ccccc4)n(c2=O)CC(F)F
R3,emap3_Bn-3F_CH2CH2CH2CHF2,CCN(Cc1cc(F)ccc1)C(=O)Cn2c3c(cnc(n3)c4ccccc4)n(c2=O)CCC(F)F
R3,emap3_Bn-3F_CH2CF3,CCN(Cc1cc(F)ccc1)C(=O)Cn2c3c(cnc(n3)c4ccccc4)n(c2=O)C(F)(F)F
R3,emap3_Bn-3F_CH2CH2CF3,CCN(Cc1cc(F)ccc1)C(=O)Cn2c3c(cnc(n3)c4ccccc4)n(c2=O)CC(F)(F)F
R3,emap3_Bn-3F_CH2CH2CH2CF3,CCN(Cc1cc(F)ccc1)C(=O)Cn2c3c(cnc(n3)c4ccccc4)n(c2=O)CCC(F)(F)F
R3,emap3_Bn-3F_OCH2F,CCN(Cc1cc(F)ccc1)C(=O)Cn2c3c(cnc(n3)c4ccccc4)n(c2=O)COF
R3,emap3_Bn-3F_OCH2CHF2,CCN(Cc1cc(F)ccc1)C(=O)Cn2c3c(cnc(n3)c4ccccc4)n(c2=O)COC(F)F
R3,emap3_Bn-3F_OCH2CF3,CCN(Cc1cc(F)ccc1)C(=O)Cn2c3c(cnc(n3)c4ccccc4)n(c2=O)COC(F)(F)F
R3,emap3_Bn-3F_OCH2CH2F,CCN(Cc1cc(F)ccc1)C(=O)Cn2c3c(cnc(n3)c4ccccc4)n(c2=O)COCF
R3,emap3_Bn-3F_OCH2CH2CF3,CCN(Cc1cc(F)ccc1)C(=O)Cn2c3c(cnc(n3)c4ccccc4)n(c2=O)COCC(F)(F)F
R3,emap3_Bn-3F_OCH2CH2CHF2,CCN(Cc1cc(F)ccc1)C(=O)Cn2c3c(cnc(n3)c4ccccc4)n(c2=O)COCC(F)F
R3,emap3_Bn-3F_OCH2CH2CH2F,CCN(Cc1cc(F)ccc1)C(=O)Cn2c3c(cnc(n3)c4ccccc4)n(c2=O)COCCF
R3,emap3_Bn-3F_OCH2CH2CH2CF3,CCN(Cc1cc(F)ccc1)C(=O)Cn2c3c(cnc(n3)c4ccccc4)n(c2=O)COCCC(F)(F)F
R3,emap3_Bn-3F_CH2SiMe3,CCN(Cc1cc(F)ccc1)C(=O)Cn2c3c(cnc(n3)c4ccccc4)n(c2=O)C[Si](C)(C)C
R3,emap3_Bn-3F_CH2CH2SiMe3,CCN(Cc1cc(F)ccc1)C(=O)Cn2c3c(cnc(n3)c4ccccc4)n(c2=O)CC[Si](C)(C)C
R3,emap3_Bn-3F_OSiMe3,CCN(Cc1cc(F)ccc1)C(=O)Cn2c3c(cnc(n3)c4ccccc4)n(c2=O)O[Si](C)(C)C
R3,emap3_Bn-3F_CH2SiEt3,CCN(Cc1cc(F)ccc1)C(=O)Cn2c3c(cnc(n3)c4ccccc4)n(c2=O)C[Si](CC)(CC)CC
R3,emap3_Bn-3F_tBu,CCN(Cc1cc(F)ccc1)C(=O)Cn2c3c(cnc(n3)c4ccccc4)n(c2=O)C(C)(C)C
R3,emap3_Bn-3F_BnCH2,CCN(Cc1cc(F)ccc1)C(=O)Cn2c3c(cnc(n3)c4ccccc4)n(c2=O)Cc1ccccc1C
R3,emap3_Bn-3F_PhCH2F,CCN(Cc1cc(F)ccc1)C(=O)Cn2c3c(cnc(n3)c4ccccc4)n(c2=O)c1ccccc1CF
R3,emap3_Bn-3F_OCH2CF2H,CCN(Cc1cc(F)ccc1)C(=O)Cn2c3c(cnc(n3)c4ccccc4)n(c2=O)COC(F)F
R3,emap3_Bn-3F_OCH2CH2CF2H,CCN(Cc1cc(F)ccc1)C(=O)Cn2c3c(cnc(n3)c4ccccc4)n(c2=O)COCC(F)F
R3,emap3_Bn-3F_CH2CF2H,CCN(Cc1cc(F)ccc1)C(=O)Cn2c3c(cnc(n3)c4ccccc4)n(c2=O)C(F)F
R3,emap3_Bn-3F_CH2CH2CF2H,CCN(Cc1cc(F)ccc1)C(=O)Cn2c3c(cnc(n3)c4ccccc4)n(c2=O)CC(F)F
R3,emap3_Bn-3F_OCH2CH2CH2CHF2,CCN(Cc1cc(F)ccc1)C(=O)Cn2c3c(cnc(n3)c4ccccc4)n(c2=O)COCCC(F)F
R3,emap3_Bn-3F_CH2CH2CF2CF3,CCN(Cc1cc(F)ccc1)C(=O)Cn2c3c(cnc(n3)c4ccccc4)n(c2=O)CC(F)C(F)(F)F
R3,emap3_Bn-3F_CH2CF2CF3,CCN(Cc1cc(F)ccc1)C(=O)Cn2c3c(cnc(n3)c4ccccc4)n(c2=O)C(F)C(F)(F)F
R3,emap3_Bn-3F_CH2CH2CH2CF2CF3,CCN(Cc1cc(F)ccc1)C(=O)Cn2c3c(cnc(n3)c4ccccc4)n(c2=O)CCC(F)C(F)(F)F
R3,emap3_Bn-3F_CH2CH2CF2CH3,CCN(Cc1cc(F)ccc1)C(=O)Cn2c3c(cnc(n3)c4ccccc4)n(c2=O)CC(F)C
R3,emap3_Bn-3F_OCH2CF2CF3,CCN(Cc1cc(F)ccc1)C(=O)Cn2c3c(cnc(n3)c4ccccc4)n(c2=O)COC(F)C(F)(F)F
R3,emap3_Bn-3F_OCH2CF2CH3,CCN(Cc1cc(F)ccc1)C(=O)Cn2c3c(cnc(n3)c4ccccc4)n(c2=O)COC(F)C
R3,emap3_Bn-3F_OCH2CH2CF2CF3,CCN(Cc1cc(F)ccc1)C(=O)Cn2c3c(cnc(n3)c4ccccc4)n(c2=O)COCC(F)C(F)(F)F
R3,emap3_Bn-3F_CH2CF2CH2F,CCN(Cc1cc(F)ccc1)C(=O)Cn2c3c(cnc(n3)c4ccccc4)n(c2=O)C(F)CF
R3,emap3_Bn-3F_CH2CH2CF2CH2F,CCN(Cc1cc(F)ccc1)C(=O)Cn2c3c(cnc(n3)c4ccccc4)n(c2=O)CC(F)CF
R3,emap3_Bn-3F_OCH2CF2CH2F,CCN(Cc1cc(F)ccc1)C(=O)Cn2c3c(cnc(n3)c4ccccc4)n(c2=O)COC(F)CF
R3,emap3_Bn-3F_CH2CH2CF2CH2CHF2,CCN(Cc1cc(F)ccc1)C(=O)Cn2c3c(cnc(n3)c4ccccc4)n(c2=O)CC(F)C(F)F
R3,emap3_Bn-3F_CH2CH2CF2CH2CF3,CCN(Cc1cc(F)ccc1)C(=O)Cn2c3c(cnc(n3)c4ccccc4)n(c2=O)CC(F)C(F)(F)F
R3,emap3_Bn-3F_OCH2CH2CF2CH2F,CCN(Cc1cc(F)ccc1)C(=O)Cn2c3c(cnc(n3)c4ccccc4)n(c2=O)COCC(F)CF
R3,emap3_Bn-3F_CH2CH2CF2CH2CH2F,CCN(Cc1cc(F)ccc1)C(=O)Cn2c3c(cnc(n3)c4ccccc4)n(c2=O)CC(F)CCF
R3,emap3_Bn-3F_CH2CF2CH2CH2F,CCN(Cc1cc(F)ccc1)C(=O)Cn2c3c(cnc(n3)c4ccccc4)n(c2=O)C(F)CCF
R3,emap3_Bn-3F_CH2CF2CH2CHF2,CCN(Cc1cc(F)ccc1)C(=O)Cn2c3c(cnc(n3)c4ccccc4)n(c2=O)C(F)C(F)F
R3,emap3_Bn-3F_CH2CF2CH2CF3,CCN(Cc1cc(F)ccc1)C(=O)Cn2c3c(cnc(n3)c4ccccc4)n(c2=O)C(F)C(F)(F)F
R3,emap3_Bn-3F_OCH2CF2CH2CH2F,CCN(Cc1cc(F)ccc1)C(=O)Cn2c3c(cnc(n3)c4ccccc4)n(c2=O)COC(F)CCF
R3,emap3_Bn-3F_OCH2CH2CF2CH2CH2F,CCN(Cc1cc(F)ccc1)C(=O)Cn2c3c(cnc(n3)c4ccccc4)n(c2=O)COCC(F)CCF
R3,emap3_Bn-3F_CH2CH2CF2CH2CH2CHF2,CCN(Cc1cc(F)ccc1)C(=O)Cn2c3c(cnc(n3)c4ccccc4)n(c2=O)CC(F)CC(F)F
R3,emap3_Bn-3F_CH2CH2CF2CH2CH2CF3,CCN(Cc1cc(F)ccc1)C(=O)Cn2c3c(cnc(n3)c4ccccc4)n(c2=O)CC(F)CC(F)(F)F
R3,emap3_Bn-2F_Me,CCN(Cc1c(F)cccc1)C(=O)Cn2c3c(cnc(n3)c4ccccc4)n(c2=O)C
R3,emap3_Bn-2F_Et,CCN(Cc1c(F)cccc1)C(=O)Cn2c3c(cnc(n3)c4ccccc4)n(c2=O)CC
R3,emap3_Bn-2F_nPr,CCN(Cc1c(F)cccc1)C(=O)Cn2c3c(cnc(n3)c4ccccc4)n(c2=O)CCC
R3,emap3_Bn-2F_nBu,CCN(Cc1c(F)cccc1)C(=O)Cn2c3c(cnc(n3)c4ccccc4)n(c2=O)CCCC
R3,emap3_Bn-2F_CH2F,CCN(Cc1c(F)cccc1)C(=O)Cn2c3c(cnc(n3)c4ccccc4)n(c2=O)CF
R3,emap3_Bn-2F_CH2CH2F,CCN(Cc1c(F)cccc1)C(=O)Cn2c3c(cnc(n3)c4ccccc4)n(c2=O)CCF
R3,emap3_Bn-2F_CH2CH2CH2F,CCN(Cc1c(F)cccc1)C(=O)Cn2c3c(cnc(n3)c4ccccc4)n(c2=O)CCCF
R3,emap3_Bn-2F_CH2CHF2,CCN(Cc1c(F)cccc1)C(=O)Cn2c3c(cnc(n3)c4ccccc4)n(c2=O)C(F)F
R3,emap3_Bn-2F_CH2CH2CHF2,CCN(Cc1c(F)cccc1)C(=O)Cn2c3c(cnc(n3)c4ccccc4)n(c2=O)CC(F)F
R3,emap3_Bn-2F_CH2CH2CH2CHF2,CCN(Cc1c(F)cccc1)C(=O)Cn2c3c(cnc(n3)c4ccccc4)n(c2=O)CCC(F)F
R3,emap3_Bn-2F_CH2CF3,CCN(Cc1c(F)cccc1)C(=O)Cn2c3c(cnc(n3)c4ccccc4)n(c2=O)C(F)(F)F
R3,emap3_Bn-2F_CH2CH2CF3,CCN(Cc1c(F)cccc1)C(=O)Cn2c3c(cnc(n3)c4ccccc4)n(c2=O)CC(F)(F)F
R3,emap3_Bn-2F_CH2CH2CH2CF3,CCN(Cc1c(F)cccc1)C(=O)Cn2c3c(cnc(n3)c4ccccc4)n(c2=O)CCC(F)(F)F
R3,emap3_Bn-2F_OCH2F,CCN(Cc1c(F)cccc1)C(=O)Cn2c3c(cnc(n3)c4ccccc4)n(c2=O)COF
R3,emap3_Bn-2F_OCH2CHF2,CCN(Cc1c(F)cccc1)C(=O)Cn2c3c(cnc(n3)c4ccccc4)n(c2=O)COC(F)F
R3,emap3_Bn-2F_OCH2CF3,CCN(Cc1c(F)cccc1)C(=O)Cn2c3c(cnc(n3)c4ccccc4)n(c2=O)COC(F)(F)F
R3,emap3_Bn-2F_OCH2CH2F,CCN(Cc1c(F)cccc1)C(=O)Cn2c3c(cnc(n3)c4ccccc4)n(c2=O)COCF
R3,emap3_Bn-2F_OCH2CH2CF3,CCN(Cc1c(F)cccc1)C(=O)Cn2c3c(cnc(n3)c4ccccc4)n(c2=O)COCC(F)(F)F
R3,emap3_Bn-2F_OCH2CH2CHF2,CCN(Cc1c(F)cccc1)C(=O)Cn2c3c(cnc(n3)c4ccccc4)n(c2=O)COCC(F)F
R3,emap3_Bn-2F_OCH2CH2CH2F,CCN(Cc1c(F)cccc1)C(=O)Cn2c3c(cnc(n3)c4ccccc4)n(c2=O)COCCF
R3,emap3_Bn-2F_OCH2CH2CH2CF3,CCN(Cc1c(F)cccc1)C(=O)Cn2c3c(cnc(n3)c4ccccc4)n(c2=O)COCCC(F)(F)F
R3,emap3_Bn-2F_CH2SiMe3,CCN(Cc1c(F)cccc1)C(=O)Cn2c3c(cnc(n3)c4ccccc4)n(c2=O)C[Si](C)(C)C
R3,emap3_Bn-2F_CH2CH2SiMe3,CCN(Cc1c(F)cccc1)C(=O)Cn2c3c(cnc(n3)c4ccccc4)n(c2=O)CC[Si](C)(C)C
R3,emap3_Bn-2F_OSiMe3,CCN(Cc1c(F)cccc1)C(=O)Cn2c3c(cnc(n3)c4ccccc4)n(c2=O)O[Si](C)(C)C
R3,emap3_Bn-2F_CH2SiEt3,CCN(Cc1c(F)cccc1)C(=O)Cn2c3c(cnc(n3)c4ccccc4)n(c2=O)C[Si](CC)(CC)CC
R3,emap3_Bn-2F_tBu,CCN(Cc1c(F)cccc1)C(=O)Cn2c3c(cnc(n3)c4ccccc4)n(c2=O)C(C)(C)C
R3,emap3_Bn-2F_BnCH2,CCN(Cc1c(F)cccc1)C(=O)Cn2c3c(cnc(n3)c4ccccc4)n(c2=O)Cc1ccccc1C
R3,emap3_Bn-2F_PhCH2F,CCN(Cc1c(F)cccc1)C(=O)Cn2c3c(cnc(n3)c4ccccc4)n(c2=O)c1ccccc1CF
R3,emap3_Bn-2F_OCH2CF2H,CCN(Cc1c(F)cccc1)C(=O)Cn2c3c(cnc(n3)c4ccccc4)n(c2=O)COC(F)F
R3,emap3_Bn-2F_OCH2CH2CF2H,CCN(Cc1c(F)cccc1)C(=O)Cn2c3c(cnc(n3)c4ccccc4)n(c2=O)COCC(F)F
R3,emap3_Bn-2F_CH2CF2H,CCN(Cc1c(F)cccc1)C(=O)Cn2c3c(cnc(n3)c4ccccc4)n(c2=O)C(F)F
R3,emap3_Bn-2F_CH2CH2CF2H,CCN(Cc1c(F)cccc1)C(=O)Cn2c3c(cnc(n3)c4ccccc4)n(c2=O)CC(F)F
R3,emap3_Bn-2F_OCH2CH2CH2CHF2,CCN(Cc1c(F)cccc1)C(=O)Cn2c3c(cnc(n3)c4ccccc4)n(c2=O)COCCC(F)F
R3,emap3_Bn-2F_CH2CH2CF2CF3,CCN(Cc1c(F)cccc1)C(=O)Cn2c3c(cnc(n3)c4ccccc4)n(c2=O)CC(F)C(F)(F)F
R3,emap3_Bn-2F_CH2CF2CF3,CCN(Cc1c(F)cccc1)C(=O)Cn2c3c(cnc(n3)c4ccccc4)n(c2=O)C(F)C(F)(F)F
R3,emap3_Bn-2F_CH2CH2CH2CF2CF3,CCN(Cc1c(F)cccc1)C(=O)Cn2c3c(cnc(n3)c4ccccc4)n(c2=O)CCC(F)C(F)(F)F
R3,emap3_Bn-2F_CH2CH2CF2CH3,CCN(Cc1c(F)cccc1)C(=O)Cn2c3c(cnc(n3)c4ccccc4)n(c2=O)CC(F)C
R3,emap3_Bn-2F_OCH2CF2CF3,CCN(Cc1c(F)cccc1)C(=O)Cn2c3c(cnc(n3)c4ccccc4)n(c2=O)COC(F)C(F)(F)F
R3,emap3_Bn-2F_OCH2CF2CH3,CCN(Cc1c(F)cccc1)C(=O)Cn2c3c(cnc(n3)c4ccccc4)n(c2=O)COC(F)C
R3,emap3_Bn-2F_OCH2CH2CF2CF3,CCN(Cc1c(F)cccc1)C(=O)Cn2c3c(cnc(n3)c4ccccc4)n(c2=O)COCC(F)C(F)(F)F
R3,emap3_Bn-2F_CH2CF2CH2F,CCN(Cc1c(F)cccc1)C(=O)Cn2c3c(cnc(n3)c4ccccc4)n(c2=O)C(F)CF
R3,emap3_Bn-2F_CH2CH2CF2CH2F,CCN(Cc1c(F)cccc1)C(=O)Cn2c3c(cnc(n3)c4ccccc4)n(c2=O)CC(F)CF
R3,emap3_Bn-2F_OCH2CF2CH2F,CCN(Cc1c(F)cccc1)C(=O)Cn2c3c(cnc(n3)c4ccccc4)n(c2=O)COC(F)CF
R3,emap3_Bn-2F_CH2CH2CF2CH2CHF2,CCN(Cc1c(F)cccc1)C(=O)Cn2c3c(cnc(n3)c4ccccc4)n(c2=O)CC(F)C(F)F
R3,emap3_Bn-2F_CH2CH2CF2CH2CF3,CCN(Cc1c(F)cccc1)C(=O)Cn2c3c(cnc(n3)c4ccccc4)n(c2=O)CC(F)C(F)(F)F
R3,emap3_Bn-2F_OCH2CH2CF2CH2F,CCN(Cc1c(F)cccc1)C(=O)Cn2c3c(cnc(n3)c4ccccc4)n(c2=O)COCC(F)CF
R3,emap3_Bn-2F_CH2CH2CF2CH2CH2F,CCN(Cc1c(F)cccc1)C(=O)Cn2c3c(cnc(n3)c4ccccc4)n(c2=O)CC(F)CCF
R3,emap3_Bn-2F_CH2CF2CH2CH2F,CCN(Cc1c(F)cccc1)C(=O)Cn2c3c(cnc(n3)c4ccccc4)n(c2=O)C(F)CCF
R3,emap3_Bn-2F_CH2CF2CH2CHF2,CCN(Cc1c(F)cccc1)C(=O)Cn2c3c(cnc(n3)c4ccccc4)n(c2=O)C(F)C(F)F
R3,emap3_Bn-2F_CH2CF2CH2CF3,CCN(Cc1c(F)cccc1)C(=O)Cn2c3c(cnc(n3)c4ccccc4)n(c2=O)C(F)C(F)(F)F
R3,emap3_Bn-2F_OCH2CF2CH2CH2F,CCN(Cc1c(F)cccc1)C(=O)Cn2c3c(cnc(n3)c4ccccc4)n(c2=O)COC(F)CCF
R3,emap3_Bn-2F_OCH2CH2CF2CH2CH2F,CCN(Cc1c(F)cccc1)C(=O)Cn2c3c(cnc(n3)c4ccccc4)n(c2=O)COCC(F)CCF
R3,emap3_Bn-2F_CH2CH2CF2CH2CH2CHF2,CCN(Cc1c(F)cccc1)C(=O)Cn2c3c(cnc(n3)c4ccccc4)n(c2=O)CC(F)CC(F)F
R3,emap3_Bn-2F_CH2CH2CF2CH2CH2CF3,CCN(Cc1c(F)cccc1)C(=O)Cn2c3c(cnc(n3)c4ccccc4)n(c2=O)CC(F)CC(F)(F)F
R3,emap3_Bn-4Cl_Me,CCN(Cc1ccc(Cl)cc1)C(=O)Cn2c3c(cnc(n3)c4ccccc4)n(c2=O)C
R3,emap3_Bn-4Cl_Et,CCN(Cc1ccc(Cl)cc1)C(=O)Cn2c3c(cnc(n3)c4ccccc4)n(c2=O)CC
R3,emap3_Bn-4Cl_nPr,CCN(Cc1ccc(Cl)cc1)C(=O)Cn2c3c(cnc(n3)c4ccccc4)n(c2=O)CCC
R3,emap3_Bn-4Cl_nBu,CCN(Cc1ccc(Cl)cc1)C(=O)Cn2c3c(cnc(n3)c4ccccc4)n(c2=O)CCCC
R3,emap3_Bn-4Cl_CH2F,CCN(Cc1ccc(Cl)cc1)C(=O)Cn2c3c(cnc(n3)c4ccccc4)n(c2=O)CF
R3,emap3_Bn-4Cl_CH2CH2F,CCN(Cc1ccc(Cl)cc1)C(=O)Cn2c3c(cnc(n3)c4ccccc4)n(c2=O)CCF
R3,emap3_Bn-4Cl_CH2CH2CH2F,CCN(Cc1ccc(Cl)cc1)C(=O)Cn2c3c(cnc(n3)c4ccccc4)n(c2=O)CCCF
R3,emap3_Bn-4Cl_CH2CHF2,CCN(Cc1ccc(Cl)cc1)C(=O)Cn2c3c(cnc(n3)c4ccccc4)n(c2=O)C(F)F
R3,emap3_Bn-4Cl_CH2CH2CHF2,CCN(Cc1ccc(Cl)cc1)C(=O)Cn2c3c(cnc(n3)c4ccccc4)n(c2=O)CC(F)F
R3,emap3_Bn-4Cl_CH2CH2CH2CHF2,CCN(Cc1ccc(Cl)cc1)C(=O)Cn2c3c(cnc(n3)c4ccccc4)n(c2=O)CCC(F)F
R3,emap3_Bn-4Cl_CH2CF3,CCN(Cc1ccc(Cl)cc1)C(=O)Cn2c3c(cnc(n3)c4ccccc4)n(c2=O)C(F)(F)F
R3,emap3_Bn-4Cl_CH2CH2CF3,CCN(Cc1ccc(Cl)cc1)C(=O)Cn2c3c(cnc(n3)c4ccccc4)n(c2=O)CC(F)(F)F
R3,emap3_Bn-4Cl_CH2CH2CH2CF3,CCN(Cc1ccc(Cl)cc1)C(=O)Cn2c3c(cnc(n3)c4ccccc4)n(c2=O)CCC(F)(F)F
R3,emap3_Bn-4Cl_OCH2F,CCN(Cc1ccc(Cl)cc1)C(=O)Cn2c3c(cnc(n3)c4ccccc4)n(c2=O)COF
R3,emap3_Bn-4Cl_OCH2CHF2,CCN(Cc1ccc(Cl)cc1)C(=O)Cn2c3c(cnc(n3)c4ccccc4)n(c2=O)COC(F)F
R3,emap3_Bn-4Cl_OCH2CF3,CCN(Cc1ccc(Cl)cc1)C(=O)Cn2c3c(cnc(n3)c4ccccc4)n(c2=O)COC(F)(F)F
R3,emap3_Bn-4Cl_OCH2CH2F,CCN(Cc1ccc(Cl)cc1)C(=O)Cn2c3c(cnc(n3)c4ccccc4)n(c2=O)COCF
R3,emap3_Bn-4Cl_OCH2CH2CF3,CCN(Cc1ccc(Cl)cc1)C(=O)Cn2c3c(cnc(n3)c4ccccc4)n(c2=O)COCC(F)(F)F
R3,emap3_Bn-4Cl_OCH2CH2CHF2,CCN(Cc1ccc(Cl)cc1)C(=O)Cn2c3c(cnc(n3)c4ccccc4)n(c2=O)COCC(F)F
R3,emap3_Bn-4Cl_OCH2CH2CH2F,CCN(Cc1ccc(Cl)cc1)C(=O)Cn2c3c(cnc(n3)c4ccccc4)n(c2=O)COCCF
R3,emap3_Bn-4Cl_OCH2CH2CH2CF3,CCN(Cc1ccc(Cl)cc1)C(=O)Cn2c3c(cnc(n3)c4ccccc4)n(c2=O)COCCC(F)(F)F
R3,emap3_Bn-4Cl_CH2SiMe3,CCN(Cc1ccc(Cl)cc1)C(=O)Cn2c3c(cnc(n3)c4ccccc4)n(c2=O)C[Si](C)(C)C
R3,emap3_Bn-4Cl_CH2CH2SiMe3,CCN(Cc1ccc(Cl)cc1)C(=O)Cn2c3c(cnc(n3)c4ccccc4)n(c2=O)CC[Si](C)(C)C
R3,emap3_Bn-4Cl_OSiMe3,CCN(Cc1ccc(Cl)cc1)C(=O)Cn2c3c(cnc(n3)c4ccccc4)n(c2=O)O[Si](C)(C)C
R3,emap3_Bn-4Cl_CH2SiEt3,CCN(Cc1ccc(Cl)cc1)C(=O)Cn2c3c(cnc(n3)c4ccccc4)n(c2=O)C[Si](CC)(CC)CC
R3,emap3_Bn-4Cl_tBu,CCN(Cc1ccc(Cl)cc1)C(=O)Cn2c3c(cnc(n3)c4ccccc4)n(c2=O)C(C)(C)C
R3,emap3_Bn-4Cl_BnCH2,CCN(Cc1ccc(Cl)cc1)C(=O)Cn2c3c(cnc(n3)c4ccccc4)n(c2=O)Cc1ccccc1C
R3,emap3_Bn-4Cl_PhCH2F,CCN(Cc1ccc(Cl)cc1)C(=O)Cn2c3c(cnc(n3)c4ccccc4)n(c2=O)c1ccccc1CF
R3,emap3_Bn-4Cl_OCH2CF2H,CCN(Cc1ccc(Cl)cc1)C(=O)Cn2c3c(cnc(n3)c4ccccc4)n(c2=O)COC(F)F
R3,emap3_Bn-4Cl_OCH2CH2CF2H,CCN(Cc1ccc(Cl)cc1)C(=O)Cn2c3c(cnc(n3)c4ccccc4)n(c2=O)COCC(F)F
R3,emap3_Bn-4Cl_CH2CF2H,CCN(Cc1ccc(Cl)cc1)C(=O)Cn2c3c(cnc(n3)c4ccccc4)n(c2=O)C(F)F
R3,emap3_Bn-4Cl_CH2CH2CF2H,CCN(Cc1ccc(Cl)cc1)C(=O)Cn2c3c(cnc(n3)c4ccccc4)n(c2=O)CC(F)F
R3,emap3_Bn-4Cl_OCH2CH2CH2CHF2,CCN(Cc1ccc(Cl)cc1)C(=O)Cn2c3c(cnc(n3)c4ccccc4)n(c2=O)COCCC(F)F
R3,emap3_Bn-4Cl_CH2CH2CF2CF3,CCN(Cc1ccc(Cl)cc1)C(=O)Cn2c3c(cnc(n3)c4ccccc4)n(c2=O)CC(F)C(F)(F)F
R3,emap3_Bn-4Cl_CH2CF2CF3,CCN(Cc1ccc(Cl)cc1)C(=O)Cn2c3c(cnc(n3)c4ccccc4)n(c2=O)C(F)C(F)(F)F
R3,emap3_Bn-4Cl_CH2CH2CH2CF2CF3,CCN(Cc1ccc(Cl)cc1)C(=O)Cn2c3c(cnc(n3)c4ccccc4)n(c2=O)CCC(F)C(F)(F)F
R3,emap3_Bn-4Cl_CH2CH2CF2CH3,CCN(Cc1ccc(Cl)cc1)C(=O)Cn2c3c(cnc(n3)c4ccccc4)n(c2=O)CC(F)C
R3,emap3_Bn-4Cl_OCH2CF2CF3,CCN(Cc1ccc(Cl)cc1)C(=O)Cn2c3c(cnc(n3)c4ccccc4)n(c2=O)COC(F)C(F)(F)F
R3,emap3_Bn-4Cl_OCH2CF2CH3,CCN(Cc1ccc(Cl)cc1)C(=O)Cn2c3c(cnc(n3)c4ccccc4)n(c2=O)COC(F)C
R3,emap3_Bn-4Cl_OCH2CH2CF2CF3,CCN(Cc1ccc(Cl)cc1)C(=O)Cn2c3c(cnc(n3)c4ccccc4)n(c2=O)COCC(F)C(F)(F)F
R3,emap3_Bn-4Cl_CH2CF2CH2F,CCN(Cc1ccc(Cl)cc1)C(=O)Cn2c3c(cnc(n3)c4ccccc4)n(c2=O)C(F)CF
R3,emap3_Bn-4Cl_CH2CH2CF2CH2F,CCN(Cc1ccc(Cl)cc1)C(=O)Cn2c3c(cnc(n3)c4ccccc4)n(c2=O)CC(F)CF
R3,emap3_Bn-4Cl_OCH2CF2CH2F,CCN(Cc1ccc(Cl)cc1)C(=O)Cn2c3c(cnc(n3)c4ccccc4)n(c2=O)COC(F)CF
R3,emap3_Bn-4Cl_CH2CH2CF2CH2CHF2,CCN(Cc1ccc(Cl)cc1)C(=O)Cn2c3c(cnc(n3)c4ccccc4)n(c2=O)CC(F)C(F)F
R3,emap3_Bn-4Cl_CH2CH2CF2CH2CF3,CCN(Cc1ccc(Cl)cc1)C(=O)Cn2c3c(cnc(n3)c4ccccc4)n(c2=O)CC(F)C(F)(F)F
R3,emap3_Bn-4Cl_OCH2CH2CF2CH2F,CCN(Cc1ccc(Cl)cc1)C(=O)Cn2c3c(cnc(n3)c4ccccc4)n(c2=O)COCC(F)CF
R3,emap3_Bn-4Cl_CH2CH2CF2CH2CH2F,CCN(Cc1ccc(Cl)cc1)C(=O)Cn2c3c(cnc(n3)c4ccccc4)n(c2=O)CC(F)CCF
R3,emap3_Bn-4Cl_CH2CF2CH2CH2F,CCN(Cc1ccc(Cl)cc1)C(=O)Cn2c3c(cnc(n3)c4ccccc4)n(c2=O)C(F)CCF
R3,emap3_Bn-4Cl_CH2CF2CH2CHF2,CCN(Cc1ccc(Cl)cc1)C(=O)Cn2c3c(cnc(n3)c4ccccc4)n(c2=O)C(F)C(F)F
R3,emap3_Bn-4Cl_CH2CF2CH2CF3,CCN(Cc1ccc(Cl)cc1)C(=O)Cn2c3c(cnc(n3)c4ccccc4)n(c2=O)C(F)C(F)(F)F
R3,emap3_Bn-4Cl_OCH2CF2CH2CH2F,CCN(Cc1ccc(Cl)cc1)C(=O)Cn2c3c(cnc(n3)c4ccccc4)n(c2=O)COC(F)CCF
R3,emap3_Bn-4Cl_OCH2CH2CF2CH2CH2F,CCN(Cc1ccc(Cl)cc1)C(=O)Cn2c3c(cnc(n3)c4ccccc4)n(c2=O)COCC(F)CCF
R3,emap3_Bn-4Cl_CH2CH2CF2CH2CH2CHF2,CCN(Cc1ccc(Cl)cc1)C(=O)Cn2c3c(cnc(n3)c4ccccc4)n(c2=O)CC(F)CC(F)F
R3,emap3_Bn-4Cl_CH2CH2CF2CH2CH2CF3,CCN(Cc1ccc(Cl)cc1)C(=O)Cn2c3c(cnc(n3)c4ccccc4)n(c2=O)CC(F)CC(F)(F)F
R3,emap3_Bn-3Cl_Me,CCN(Cc1cc(Cl)ccc1)C(=O)Cn2c3c(cnc(n3)c4ccccc4)n(c2=O)C
R3,emap3_Bn-3Cl_Et,CCN(Cc1cc(Cl)ccc1)C(=O)Cn2c3c(cnc(n3)c4ccccc4)n(c2=O)CC
R3,emap3_Bn-3Cl_nPr,CCN(Cc1cc(Cl)ccc1)C(=O)Cn2c3c(cnc(n3)c4ccccc4)n(c2=O)CCC
R3,emap3_Bn-3Cl_nBu,CCN(Cc1cc(Cl)ccc1)C(=O)Cn2c3c(cnc(n3)c4ccccc4)n(c2=O)CCCC
R3,emap3_Bn-3Cl_CH2F,CCN(Cc1cc(Cl)ccc1)C(=O)Cn2c3c(cnc(n3)c4ccccc4)n(c2=O)CF
R3,emap3_Bn-3Cl_CH2CH2F,CCN(Cc1cc(Cl)ccc1)C(=O)Cn2c3c(cnc(n3)c4ccccc4)n(c2=O)CCF
R3,emap3_Bn-3Cl_CH2CH2CH2F,CCN(Cc1cc(Cl)ccc1)C(=O)Cn2c3c(cnc(n3)c4ccccc4)n(c2=O)CCCF
R3,emap3_Bn-3Cl_CH2CHF2,CCN(Cc1cc(Cl)ccc1)C(=O)Cn2c3c(cnc(n3)c4ccccc4)n(c2=O)C(F)F
R3,emap3_Bn-3Cl_CH2CH2CHF2,CCN(Cc1cc(Cl)ccc1)C(=O)Cn2c3c(cnc(n3)c4ccccc4)n(c2=O)CC(F)F
R3,emap3_Bn-3Cl_CH2CH2CH2CHF2,CCN(Cc1cc(Cl)ccc1)C(=O)Cn2c3c(cnc(n3)c4ccccc4)n(c2=O)CCC(F)F
R3,emap3_Bn-3Cl_CH2CF3,CCN(Cc1cc(Cl)ccc1)C(=O)Cn2c3c(cnc(n3)c4ccccc4)n(c2=O)C(F)(F)F
R3,emap3_Bn-3Cl_CH2CH2CF3,CCN(Cc1cc(Cl)ccc1)C(=O)Cn2c3c(cnc(n3)c4ccccc4)n(c2=O)CC(F)(F)F
R3,emap3_Bn-3Cl_CH2CH2CH2CF3,CCN(Cc1cc(Cl)ccc1)C(=O)Cn2c3c(cnc(n3)c4ccccc4)n(c2=O)CCC(F)(F)F
R3,emap3_Bn-3Cl_OCH2F,CCN(Cc1cc(Cl)ccc1)C(=O)Cn2c3c(cnc(n3)c4ccccc4)n(c2=O)COF
R3,emap3_Bn-3Cl_OCH2CHF2,CCN(Cc1cc(Cl)ccc1)C(=O)Cn2c3c(cnc(n3)c4ccccc4)n(c2=O)COC(F)F
R3,emap3_Bn-3Cl_OCH2CF3,CCN(Cc1cc(Cl)ccc1)C(=O)Cn2c3c(cnc(n3)c4ccccc4)n(c2=O)COC(F)(F)F
R3,emap3_Bn-3Cl_OCH2CH2F,CCN(Cc1cc(Cl)ccc1)C(=O)Cn2c3c(cnc(n3)c4ccccc4)n(c2=O)COCF
R3,emap3_Bn-3Cl_OCH2CH2CF3,CCN(Cc1cc(Cl)ccc1)C(=O)Cn2c3c(cnc(n3)c4ccccc4)n(c2=O)COCC(F)(F)F
R3,emap3_Bn-3Cl_OCH2CH2CHF2,CCN(Cc1cc(Cl)ccc1)C(=O)Cn2c3c(cnc(n3)c4ccccc4)n(c2=O)COCC(F)F
R3,emap3_Bn-3Cl_OCH2CH2CH2F,CCN(Cc1cc(Cl)ccc1)C(=O)Cn2c3c(cnc(n3)c4ccccc4)n(c2=O)COCCF
R3,emap3_Bn-3Cl_OCH2CH2CH2CF3,CCN(Cc1cc(Cl)ccc1)C(=O)Cn2c3c(cnc(n3)c4ccccc4)n(c2=O)COCCC(F)(F)F
R3,emap3_Bn-3Cl_CH2SiMe3,CCN(Cc1cc(Cl)ccc1)C(=O)Cn2c3c(cnc(n3)c4ccccc4)n(c2=O)C[Si](C)(C)C
R3,emap3_Bn-3Cl_CH2CH2SiMe3,CCN(Cc1cc(Cl)ccc1)C(=O)Cn2c3c(cnc(n3)c4ccccc4)n(c2=O)CC[Si](C)(C)C
R3,emap3_Bn-3Cl_OSiMe3,CCN(Cc1cc(Cl)ccc1)C(=O)Cn2c3c(cnc(n3)c4ccccc4)n(c2=O)O[Si](C)(C)C
R3,emap3_Bn-3Cl_CH2SiEt3,CCN(Cc1cc(Cl)ccc1)C(=O)Cn2c3c(cnc(n3)c4ccccc4)n(c2=O)C[Si](CC)(CC)CC
R3,emap3_Bn-3Cl_tBu,CCN(Cc1cc(Cl)ccc1)C(=O)Cn2c3c(cnc(n3)c4ccccc4)n(c2=O)C(C)(C)C
R3,emap3_Bn-3Cl_BnCH2,CCN(Cc1cc(Cl)ccc1)C(=O)Cn2c3c(cnc(n3)c4ccccc4)n(c2=O)Cc1ccccc1C
R3,emap3_Bn-3Cl_PhCH2F,CCN(Cc1cc(Cl)ccc1)C(=O)Cn2c3c(cnc(n3)c4ccccc4)n(c2=O)c1ccccc1CF
R3,emap3_Bn-3Cl_OCH2CF2H,CCN(Cc1cc(Cl)ccc1)C(=O)Cn2c3c(cnc(n3)c4ccccc4)n(c2=O)COC(F)F
R3,emap3_Bn-3Cl_OCH2CH2CF2H,CCN(Cc1cc(Cl)ccc1)C(=O)Cn2c3c(cnc(n3)c4ccccc4)n(c2=O)COCC(F)F
R3,emap3_Bn-3Cl_CH2CF2H,CCN(Cc1cc(Cl)ccc1)C(=O)Cn2c3c(cnc(n3)c4ccccc4)n(c2=O)C(F)F
R3,emap3_Bn-3Cl_CH2CH2CF2H,CCN(Cc1cc(Cl)ccc1)C(=O)Cn2c3c(cnc(n3)c4ccccc4)n(c2=O)CC(F)F
R3,emap3_Bn-3Cl_OCH2CH2CH2CHF2,CCN(Cc1cc(Cl)ccc1)C(=O)Cn2c3c(cnc(n3)c4ccccc4)n(c2=O)COCCC(F)F
R3,emap3_Bn-3Cl_CH2CH2CF2CF3,CCN(Cc1cc(Cl)ccc1)C(=O)Cn2c3c(cnc(n3)c4ccccc4)n(c2=O)CC(F)C(F)(F)F
R3,emap3_Bn-3Cl_CH2CF2CF3,CCN(Cc1cc(Cl)ccc1)C(=O)Cn2c3c(cnc(n3)c4ccccc4)n(c2=O)C(F)C(F)(F)F
R3,emap3_Bn-3Cl_CH2CH2CH2CF2CF3,CCN(Cc1cc(Cl)ccc1)C(=O)Cn2c3c(cnc(n3)c4ccccc4)n(c2=O)CCC(F)C(F)(F)F
R3,emap3_Bn-3Cl_CH2CH2CF2CH3,CCN(Cc1cc(Cl)ccc1)C(=O)Cn2c3c(cnc(n3)c4ccccc4)n(c2=O)CC(F)C
R3,emap3_Bn-3Cl_OCH2CF2CF3,CCN(Cc1cc(Cl)ccc1)C(=O)Cn2c3c(cnc(n3)c4ccccc4)n(c2=O)COC(F)C(F)(F)F
R3,emap3_Bn-3Cl_OCH2CF2CH3,CCN(Cc1cc(Cl)ccc1)C(=O)Cn2c3c(cnc(n3)c4ccccc4)n(c2=O)COC(F)C
R3,emap3_Bn-3Cl_OCH2CH2CF2CF3,CCN(Cc1cc(Cl)ccc1)C(=O)Cn2c3c(cnc(n3)c4ccccc4)n(c2=O)COCC(F)C(F)(F)F
R3,emap3_Bn-3Cl_CH2CF2CH2F,CCN(Cc1cc(Cl)ccc1)C(=O)Cn2c3c(cnc(n3)c4ccccc4)n(c2=O)C(F)CF
R3,emap3_Bn-3Cl_CH2CH2CF2CH2F,CCN(Cc1cc(Cl)ccc1)C(=O)Cn2c3c(cnc(n3)c4ccccc4)n(c2=O)CC(F)CF
R3,emap3_Bn-3Cl_OCH2CF2CH2F,CCN(Cc1cc(Cl)ccc1)C(=O)Cn2c3c(cnc(n3)c4ccccc4)n(c2=O)COC(F)CF
R3,emap3_Bn-3Cl_CH2CH2CF2CH2CHF2,CCN(Cc1cc(Cl)ccc1)C(=O)Cn2c3c(cnc(n3)c4ccccc4)n(c2=O)CC(F)C(F)F
R3,emap3_Bn-3Cl_CH2CH2CF2CH2CF3,CCN(Cc1cc(Cl)ccc1)C(=O)Cn2c3c(cnc(n3)c4ccccc4)n(c2=O)CC(F)C(F)(F)F
R3,emap3_Bn-3Cl_OCH2CH2CF2CH2F,CCN(Cc1cc(Cl)ccc1)C(=O)Cn2c3c(cnc(n3)c4ccccc4)n(c2=O)COCC(F)CF
R3,emap3_Bn-3Cl_CH2CH2CF2CH2CH2F,CCN(Cc1cc(Cl)ccc1)C(=O)Cn2c3c(cnc(n3)c4ccccc4)n(c2=O)CC(F)CCF
R3,emap3_Bn-3Cl_CH2CF2CH2CH2F,CCN(Cc1cc(Cl)ccc1)C(=O)Cn2c3c(cnc(n3)c4ccccc4)n(c2=O)C(F)CCF
R3,emap3_Bn-3Cl_CH2CF2CH2CHF2,CCN(Cc1cc(Cl)ccc1)C(=O)Cn2c3c(cnc(n3)c4ccccc4)n(c2=O)C(F)C(F)F
R3,emap3_Bn-3Cl_CH2CF2CH2CF3,CCN(Cc1cc(Cl)ccc1)C(=O)Cn2c3c(cnc(n3)c4ccccc4)n(c2=O)C(F)C(F)(F)F
R3,emap3_Bn-3Cl_OCH2CF2CH2CH2F,CCN(Cc1cc(Cl)ccc1)C(=O)Cn2c3c(cnc(n3)c4ccccc4)n(c2=O)COC(F)CCF
R3,emap3_Bn-3Cl_OCH2CH2CF2CH2CH2F,CCN(Cc1cc(Cl)ccc1)C(=O)Cn2c3c(cnc(n3)c4ccccc4)n(c2=O)COCC(F)CCF
R3,emap3_Bn-3Cl_CH2CH2CF2CH2CH2CHF2,CCN(Cc1cc(Cl)ccc1)C(=O)Cn2c3c(cnc(n3)c4ccccc4)n(c2=O)CC(F)CC(F)F
R3,emap3_Bn-3Cl_CH2CH2CF2CH2CH2CF3,CCN(Cc1cc(Cl)ccc1)C(=O)Cn2c3c(cnc(n3)c4ccccc4)n(c2=O)CC(F)CC(F)(F)F
R3,emap3_Bn-4Br_Me,CCN(Cc1ccc(Br)cc1)C(=O)Cn2c3c(cnc(n3)c4ccccc4)n(c2=O)C
R3,emap3_Bn-4Br_Et,CCN(Cc1ccc(Br)cc1)C(=O)Cn2c3c(cnc(n3)c4ccccc4)n(c2=O)CC
R3,emap3_Bn-4Br_nPr,CCN(Cc1ccc(Br)cc1)C(=O)Cn2c3c(cnc(n3)c4ccccc4)n(c2=O)CCC
R3,emap3_Bn-4Br_nBu,CCN(Cc1ccc(Br)cc1)C(=O)Cn2c3c(cnc(n3)c4ccccc4)n(c2=O)CCCC
R3,emap3_Bn-4Br_CH2F,CCN(Cc1ccc(Br)cc1)C(=O)Cn2c3c(cnc(n3)c4ccccc4)n(c2=O)CF
R3,emap3_Bn-4Br_CH2CH2F,CCN(Cc1ccc(Br)cc1)C(=O)Cn2c3c(cnc(n3)c4ccccc4)n(c2=O)CCF
R3,emap3_Bn-4Br_CH2CH2CH2F,CCN(Cc1ccc(Br)cc1)C(=O)Cn2c3c(cnc(n3)c4ccccc4)n(c2=O)CCCF
R3,emap3_Bn-4Br_CH2CHF2,CCN(Cc1ccc(Br)cc1)C(=O)Cn2c3c(cnc(n3)c4ccccc4)n(c2=O)C(F)F
R3,emap3_Bn-4Br_CH2CH2CHF2,CCN(Cc1ccc(Br)cc1)C(=O)Cn2c3c(cnc(n3)c4ccccc4)n(c2=O)CC(F)F
R3,emap3_Bn-4Br_CH2CH2CH2CHF2,CCN(Cc1ccc(Br)cc1)C(=O)Cn2c3c(cnc(n3)c4ccccc4)n(c2=O)CCC(F)F
R3,emap3_Bn-4Br_CH2CF3,CCN(Cc1ccc(Br)cc1)C(=O)Cn2c3c(cnc(n3)c4ccccc4)n(c2=O)C(F)(F)F
R3,emap3_Bn-4Br_CH2CH2CF3,CCN(Cc1ccc(Br)cc1)C(=O)Cn2c3c(cnc(n3)c4ccccc4)n(c2=O)CC(F)(F)F
R3,emap3_Bn-4Br_CH2CH2CH2CF3,CCN(Cc1ccc(Br)cc1)C(=O)Cn2c3c(cnc(n3)c4ccccc4)n(c2=O)CCC(F)(F)F
R3,emap3_Bn-4Br_OCH2F,CCN(Cc1ccc(Br)cc1)C(=O)Cn2c3c(cnc(n3)c4ccccc4)n(c2=O)COF
R3,emap3_Bn-4Br_OCH2CHF2,CCN(Cc1ccc(Br)cc1)C(=O)Cn2c3c(cnc(n3)c4ccccc4)n(c2=O)COC(F)F
R3,emap3_Bn-4Br_OCH2CF3,CCN(Cc1ccc(Br)cc1)C(=O)Cn2c3c(cnc(n3)c4ccccc4)n(c2=O)COC(F)(F)F
R3,emap3_Bn-4Br_OCH2CH2F,CCN(Cc1ccc(Br)cc1)C(=O)Cn2c3c(cnc(n3)c4ccccc4)n(c2=O)COCF
R3,emap3_Bn-4Br_OCH2CH2CF3,CCN(Cc1ccc(Br)cc1)C(=O)Cn2c3c(cnc(n3)c4ccccc4)n(c2=O)COCC(F)(F)F
R3,emap3_Bn-4Br_OCH2CH2CHF2,CCN(Cc1ccc(Br)cc1)C(=O)Cn2c3c(cnc(n3)c4ccccc4)n(c2=O)COCC(F)F
R3,emap3_Bn-4Br_OCH2CH2CH2F,CCN(Cc1ccc(Br)cc1)C(=O)Cn2c3c(cnc(n3)c4ccccc4)n(c2=O)COCCF
R3,emap3_Bn-4Br_OCH2CH2CH2CF3,CCN(Cc1ccc(Br)cc1)C(=O)Cn2c3c(cnc(n3)c4ccccc4)n(c2=O)COCCC(F)(F)F
R3,emap3_Bn-4Br_CH2SiMe3,CCN(Cc1ccc(Br)cc1)C(=O)Cn2c3c(cnc(n3)c4ccccc4)n(c2=O)C[Si](C)(C)C
R3,emap3_Bn-4Br_CH2CH2SiMe3,CCN(Cc1ccc(Br)cc1)C(=O)Cn2c3c(cnc(n3)c4ccccc4)n(c2=O)CC[Si](C)(C)C
R3,emap3_Bn-4Br_OSiMe3,CCN(Cc1ccc(Br)cc1)C(=O)Cn2c3c(cnc(n3)c4ccccc4)n(c2=O)O[Si](C)(C)C
R3,emap3_Bn-4Br_CH2SiEt3,CCN(Cc1ccc(Br)cc1)C(=O)Cn2c3c(cnc(n3)c4ccccc4)n(c2=O)C[Si](CC)(CC)CC
R3,emap3_Bn-4Br_tBu,CCN(Cc1ccc(Br)cc1)C(=O)Cn2c3c(cnc(n3)c4ccccc4)n(c2=O)C(C)(C)C
R3,emap3_Bn-4Br_BnCH2,CCN(Cc1ccc(Br)cc1)C(=O)Cn2c3c(cnc(n3)c4ccccc4)n(c2=O)Cc1ccccc1C
R3,emap3_Bn-4Br_PhCH2F,CCN(Cc1ccc(Br)cc1)C(=O)Cn2c3c(cnc(n3)c4ccccc4)n(c2=O)c1ccccc1CF
R3,emap3_Bn-4Br_OCH2CF2H,CCN(Cc1ccc(Br)cc1)C(=O)Cn2c3c(cnc(n3)c4ccccc4)n(c2=O)COC(F)F
R3,emap3_Bn-4Br_OCH2CH2CF2H,CCN(Cc1ccc(Br)cc1)C(=O)Cn2c3c(cnc(n3)c4ccccc4)n(c2=O)COCC(F)F
R3,emap3_Bn-4Br_CH2CF2H,CCN(Cc1ccc(Br)cc1)C(=O)Cn2c3c(cnc(n3)c4ccccc4)n(c2=O)C(F)F
R3,emap3_Bn-4Br_CH2CH2CF2H,CCN(Cc1ccc(Br)cc1)C(=O)Cn2c3c(cnc(n3)c4ccccc4)n(c2=O)CC(F)F
R3,emap3_Bn-4Br_OCH2CH2CH2CHF2,CCN(Cc1ccc(Br)cc1)C(=O)Cn2c3c(cnc(n3)c4ccccc4)n(c2=O)COCCC(F)F
R3,emap3_Bn-4Br_CH2CH2CF2CF3,CCN(Cc1ccc(Br)cc1)C(=O)Cn2c3c(cnc(n3)c4ccccc4)n(c2=O)CC(F)C(F)(F)F
R3,emap3_Bn-4Br_CH2CF2CF3,CCN(Cc1ccc(Br)cc1)C(=O)Cn2c3c(cnc(n3)c4ccccc4)n(c2=O)C(F)C(F)(F)F
R3,emap3_Bn-4Br_CH2CH2CH2CF2CF3,CCN(Cc1ccc(Br)cc1)C(=O)Cn2c3c(cnc(n3)c4ccccc4)n(c2=O)CCC(F)C(F)(F)F
R3,emap3_Bn-4Br_CH2CH2CF2CH3,CCN(Cc1ccc(Br)cc1)C(=O)Cn2c3c(cnc(n3)c4ccccc4)n(c2=O)CC(F)C
R3,emap3_Bn-4Br_OCH2CF2CF3,CCN(Cc1ccc(Br)cc1)C(=O)Cn2c3c(cnc(n3)c4ccccc4)n(c2=O)COC(F)C(F)(F)F
R3,emap3_Bn-4Br_OCH2CF2CH3,CCN(Cc1ccc(Br)cc1)C(=O)Cn2c3c(cnc(n3)c4ccccc4)n(c2=O)COC(F)C
R3,emap3_Bn-4Br_OCH2CH2CF2CF3,CCN(Cc1ccc(Br)cc1)C(=O)Cn2c3c(cnc(n3)c4ccccc4)n(c2=O)COCC(F)C(F)(F)F
R3,emap3_Bn-4Br_CH2CF2CH2F,CCN(Cc1ccc(Br)cc1)C(=O)Cn2c3c(cnc(n3)c4ccccc4)n(c2=O)C(F)CF
R3,emap3_Bn-4Br_CH2CH2CF2CH2F,CCN(Cc1ccc(Br)cc1)C(=O)Cn2c3c(cnc(n3)c4ccccc4)n(c2=O)CC(F)CF
R3,emap3_Bn-4Br_OCH2CF2CH2F,CCN(Cc1ccc(Br)cc1)C(=O)Cn2c3c(cnc(n3)c4ccccc4)n(c2=O)COC(F)CF
R3,emap3_Bn-4Br_CH2CH2CF2CH2CHF2,CCN(Cc1ccc(Br)cc1)C(=O)Cn2c3c(cnc(n3)c4ccccc4)n(c2=O)CC(F)C(F)F
R3,emap3_Bn-4Br_CH2CH2CF2CH2CF3,CCN(Cc1ccc(Br)cc1)C(=O)Cn2c3c(cnc(n3)c4ccccc4)n(c2=O)CC(F)C(F)(F)F
R3,emap3_Bn-4Br_OCH2CH2CF2CH2F,CCN(Cc1ccc(Br)cc1)C(=O)Cn2c3c(cnc(n3)c4ccccc4)n(c2=O)COCC(F)CF
R3,emap3_Bn-4Br_CH2CH2CF2CH2CH2F,CCN(Cc1ccc(Br)cc1)C(=O)Cn2c3c(cnc(n3)c4ccccc4)n(c2=O)CC(F)CCF
R3,emap3_Bn-4Br_CH2CF2CH2CH2F,CCN(Cc1ccc(Br)cc1)C(=O)Cn2c3c(cnc(n3)c4ccccc4)n(c2=O)C(F)CCF
R3,emap3_Bn-4Br_CH2CF2CH2CHF2,CCN(Cc1ccc(Br)cc1)C(=O)Cn2c3c(cnc(n3)c4ccccc4)n(c2=O)C(F)C(F)F
R3,emap3_Bn-4Br_CH2CF2CH2CF3,CCN(Cc1ccc(Br)cc1)C(=O)Cn2c3c(cnc(n3)c4ccccc4)n(c2=O)C(F)C(F)(F)F
R3,emap3_Bn-4Br_OCH2CF2CH2CH2F,CCN(Cc1ccc(Br)cc1)C(=O)Cn2c3c(cnc(n3)c4ccccc4)n(c2=O)COC(F)CCF
R3,emap3_Bn-4Br_OCH2CH2CF2CH2CH2F,CCN(Cc1ccc(Br)cc1)C(=O)Cn2c3c(cnc(n3)c4ccccc4)n(c2=O)COCC(F)CCF
R3,emap3_Bn-4Br_CH2CH2CF2CH2CH2CHF2,CCN(Cc1ccc(Br)cc1)C(=O)Cn2c3c(cnc(n3)c4ccccc4)n(c2=O)CC(F)CC(F)F
R3,emap3_Bn-4Br_CH2CH2CF2CH2CH2CF3,CCN(Cc1ccc(Br)cc1)C(=O)Cn2c3c(cnc(n3)c4ccccc4)n(c2=O)CC(F)CC(F)(F)F
R3,emap3_Bn-4OMe_Me,CCN(Cc1ccc(OC)cc1)C(=O)Cn2c3c(cnc(n3)c4ccccc4)n(c2=O)C
R3,emap3_Bn-4OMe_Et,CCN(Cc1ccc(OC)cc1)C(=O)Cn2c3c(cnc(n3)c4ccccc4)n(c2=O)CC
R3,emap3_Bn-4OMe_nPr,CCN(Cc1ccc(OC)cc1)C(=O)Cn2c3c(cnc(n3)c4ccccc4)n(c2=O)CCC
R3,emap3_Bn-4OMe_nBu,CCN(Cc1ccc(OC)cc1)C(=O)Cn2c3c(cnc(n3)c4ccccc4)n(c2=O)CCCC
R3,emap3_Bn-4OMe_CH2F,CCN(Cc1ccc(OC)cc1)C(=O)Cn2c3c(cnc(n3)c4ccccc4)n(c2=O)CF
R3,emap3_Bn-4OMe_CH2CH2F,CCN(Cc1ccc(OC)cc1)C(=O)Cn2c3c(cnc(n3)c4ccccc4)n(c2=O)CCF
R3,emap3_Bn-4OMe_CH2CH2CH2F,CCN(Cc1ccc(OC)cc1)C(=O)Cn2c3c(cnc(n3)c4ccccc4)n(c2=O)CCCF
R3,emap3_Bn-4OMe_CH2CHF2,CCN(Cc1ccc(OC)cc1)C(=O)Cn2c3c(cnc(n3)c4ccccc4)n(c2=O)C(F)F
R3,emap3_Bn-4OMe_CH2CH2CHF2,CCN(Cc1ccc(OC)cc1)C(=O)Cn2c3c(cnc(n3)c4ccccc4)n(c2=O)CC(F)F
R3,emap3_Bn-4OMe_CH2CH2CH2CHF2,CCN(Cc1ccc(OC)cc1)C(=O)Cn2c3c(cnc(n3)c4ccccc4)n(c2=O)CCC(F)F
R3,emap3_Bn-4OMe_CH2CF3,CCN(Cc1ccc(OC)cc1)C(=O)Cn2c3c(cnc(n3)c4ccccc4)n(c2=O)C(F)(F)F
R3,emap3_Bn-4OMe_CH2CH2CF3,CCN(Cc1ccc(OC)cc1)C(=O)Cn2c3c(cnc(n3)c4ccccc4)n(c2=O)CC(F)(F)F
R3,emap3_Bn-4OMe_CH2CH2CH2CF3,CCN(Cc1ccc(OC)cc1)C(=O)Cn2c3c(cnc(n3)c4ccccc4)n(c2=O)CCC(F)(F)F
R3,emap3_Bn-4OMe_OCH2F,CCN(Cc1ccc(OC)cc1)C(=O)Cn2c3c(cnc(n3)c4ccccc4)n(c2=O)COF
R3,emap3_Bn-4OMe_OCH2CHF2,CCN(Cc1ccc(OC)cc1)C(=O)Cn2c3c(cnc(n3)c4ccccc4)n(c2=O)COC(F)F
R3,emap3_Bn-4OMe_OCH2CF3,CCN(Cc1ccc(OC)cc1)C(=O)Cn2c3c(cnc(n3)c4ccccc4)n(c2=O)COC(F)(F)F
R3,emap3_Bn-4OMe_OCH2CH2F,CCN(Cc1ccc(OC)cc1)C(=O)Cn2c3c(cnc(n3)c4ccccc4)n(c2=O)COCF
R3,emap3_Bn-4OMe_OCH2CH2CF3,CCN(Cc1ccc(OC)cc1)C(=O)Cn2c3c(cnc(n3)c4ccccc4)n(c2=O)COCC(F)(F)F
R3,emap3_Bn-4OMe_OCH2CH2CHF2,CCN(Cc1ccc(OC)cc1)C(=O)Cn2c3c(cnc(n3)c4ccccc4)n(c2=O)COCC(F)F
R3,emap3_Bn-4OMe_OCH2CH2CH2F,CCN(Cc1ccc(OC)cc1)C(=O)Cn2c3c(cnc(n3)c4ccccc4)n(c2=O)COCCF
R3,emap3_Bn-4OMe_OCH2CH2CH2CF3,CCN(Cc1ccc(OC)cc1)C(=O)Cn2c3c(cnc(n3)c4ccccc4)n(c2=O)COCCC(F)(F)F
R3,emap3_Bn-4OMe_CH2SiMe3,CCN(Cc1ccc(OC)cc1)C(=O)Cn2c3c(cnc(n3)c4ccccc4)n(c2=O)C[Si](C)(C)C
R3,emap3_Bn-4OMe_CH2CH2SiMe3,CCN(Cc1ccc(OC)cc1)C(=O)Cn2c3c(cnc(n3)c4ccccc4)n(c2=O)CC[Si](C)(C)C
R3,emap3_Bn-4OMe_OSiMe3,CCN(Cc1ccc(OC)cc1)C(=O)Cn2c3c(cnc(n3)c4ccccc4)n(c2=O)O[Si](C)(C)C
R3,emap3_Bn-4OMe_CH2SiEt3,CCN(Cc1ccc(OC)cc1)C(=O)Cn2c3c(cnc(n3)c4ccccc4)n(c2=O)C[Si](CC)(CC)CC
R3,emap3_Bn-4OMe_tBu,CCN(Cc1ccc(OC)cc1)C(=O)Cn2c3c(cnc(n3)c4ccccc4)n(c2=O)C(C)(C)C
R3,emap3_Bn-4OMe_BnCH2,CCN(Cc1ccc(OC)cc1)C(=O)Cn2c3c(cnc(n3)c4ccccc4)n(c2=O)Cc1ccccc1C
R3,emap3_Bn-4OMe_PhCH2F,CCN(Cc1ccc(OC)cc1)C(=O)Cn2c3c(cnc(n3)c4ccccc4)n(c2=O)c1ccccc1CF
R3,emap3_Bn-4OMe_OCH2CF2H,CCN(Cc1ccc(OC)cc1)C(=O)Cn2c3c(cnc(n3)c4ccccc4)n(c2=O)COC(F)F
R3,emap3_Bn-4OMe_OCH2CH2CF2H,CCN(Cc1ccc(OC)cc1)C(=O)Cn2c3c(cnc(n3)c4ccccc4)n(c2=O)COCC(F)F
R3,emap3_Bn-4OMe_CH2CF2H,CCN(Cc1ccc(OC)cc1)C(=O)Cn2c3c(cnc(n3)c4ccccc4)n(c2=O)C(F)F
R3,emap3_Bn-4OMe_CH2CH2CF2H,CCN(Cc1ccc(OC)cc1)C(=O)Cn2c3c(cnc(n3)c4ccccc4)n(c2=O)CC(F)F
R3,emap3_Bn-4OMe_OCH2CH2CH2CHF2,CCN(Cc1ccc(OC)cc1)C(=O)Cn2c3c(cnc(n3)c4ccccc4)n(c2=O)COCCC(F)F
R3,emap3_Bn-4OMe_CH2CH2CF2CF3,CCN(Cc1ccc(OC)cc1)C(=O)Cn2c3c(cnc(n3)c4ccccc4)n(c2=O)CC(F)C(F)(F)F
R3,emap3_Bn-4OMe_CH2CF2CF3,CCN(Cc1ccc(OC)cc1)C(=O)Cn2c3c(cnc(n3)c4ccccc4)n(c2=O)C(F)C(F)(F)F
R3,emap3_Bn-4OMe_CH2CH2CH2CF2CF3,CCN(Cc1ccc(OC)cc1)C(=O)Cn2c3c(cnc(n3)c4ccccc4)n(c2=O)CCC(F)C(F)(F)F
R3,emap3_Bn-4OMe_CH2CH2CF2CH3,CCN(Cc1ccc(OC)cc1)C(=O)Cn2c3c(cnc(n3)c4ccccc4)n(c2=O)CC(F)C
R3,emap3_Bn-4OMe_OCH2CF2CF3,CCN(Cc1ccc(OC)cc1)C(=O)Cn2c3c(cnc(n3)c4ccccc4)n(c2=O)COC(F)C(F)(F)F
R3,emap3_Bn-4OMe_OCH2CF2CH3,CCN(Cc1ccc(OC)cc1)C(=O)Cn2c3c(cnc(n3)c4ccccc4)n(c2=O)COC(F)C
R3,emap3_Bn-4OMe_OCH2CH2CF2CF3,CCN(Cc1ccc(OC)cc1)C(=O)Cn2c3c(cnc(n3)c4ccccc4)n(c2=O)COCC(F)C(F)(F)F
R3,emap3_Bn-4OMe_CH2CF2CH2F,CCN(Cc1ccc(OC)cc1)C(=O)Cn2c3c(cnc(n3)c4ccccc4)n(c2=O)C(F)CF
R3,emap3_Bn-4OMe_CH2CH2CF2CH2F,CCN(Cc1ccc(OC)cc1)C(=O)Cn2c3c(cnc(n3)c4ccccc4)n(c2=O)CC(F)CF
R3,emap3_Bn-4OMe_OCH2CF2CH2F,CCN(Cc1ccc(OC)cc1)C(=O)Cn2c3c(cnc(n3)c4ccccc4)n(c2=O)COC(F)CF
R3,emap3_Bn-4OMe_CH2CH2CF2CH2CHF2,CCN(Cc1ccc(OC)cc1)C(=O)Cn2c3c(cnc(n3)c4ccccc4)n(c2=O)CC(F)C(F)F
R3,emap3_Bn-4OMe_CH2CH2CF2CH2CF3,CCN(Cc1ccc(OC)cc1)C(=O)Cn2c3c(cnc(n3)c4ccccc4)n(c2=O)CC(F)C(F)(F)F
R3,emap3_Bn-4OMe_OCH2CH2CF2CH2F,CCN(Cc1ccc(OC)cc1)C(=O)Cn2c3c(cnc(n3)c4ccccc4)n(c2=O)COCC(F)CF
R3,emap3_Bn-4OMe_CH2CH2CF2CH2CH2F,CCN(Cc1ccc(OC)cc1)C(=O)Cn2c3c(cnc(n3)c4ccccc4)n(c2=O)CC(F)CCF
R3,emap3_Bn-4OMe_CH2CF2CH2CH2F,CCN(Cc1ccc(OC)cc1)C(=O)Cn2c3c(cnc(n3)c4ccccc4)n(c2=O)C(F)CCF
R3,emap3_Bn-4OMe_CH2CF2CH2CHF2,CCN(Cc1ccc(OC)cc1)C(=O)Cn2c3c(cnc(n3)c4ccccc4)n(c2=O)C(F)C(F)F
R3,emap3_Bn-4OMe_CH2CF2CH2CF3,CCN(Cc1ccc(OC)cc1)C(=O)Cn2c3c(cnc(n3)c4ccccc4)n(c2=O)C(F)C(F)(F)F
R3,emap3_Bn-4OMe_OCH2CF2CH2CH2F,CCN(Cc1ccc(OC)cc1)C(=O)Cn2c3c(cnc(n3)c4ccccc4)n(c2=O)COC(F)CCF
R3,emap3_Bn-4OMe_OCH2CH2CF2CH2CH2F,CCN(Cc1ccc(OC)cc1)C(=O)Cn2c3c(cnc(n3)c4ccccc4)n(c2=O)COCC(F)CCF
R3,emap3_Bn-4OMe_CH2CH2CF2CH2CH2CHF2,CCN(Cc1ccc(OC)cc1)C(=O)Cn2c3c(cnc(n3)c4ccccc4)n(c2=O)CC(F)CC(F)F
R3,emap3_Bn-4OMe_CH2CH2CF2CH2CH2CF3,CCN(Cc1ccc(OC)cc1)C(=O)Cn2c3c(cnc(n3)c4ccccc4)n(c2=O)CC(F)CC(F)(F)F
R3,emap3_Bn-3OMe_Me,CCN(Cc1cc(OC)ccc1)C(=O)Cn2c3c(cnc(n3)c4ccccc4)n(c2=O)C
R3,emap3_Bn-3OMe_Et,CCN(Cc1cc(OC)ccc1)C(=O)Cn2c3c(cnc(n3)c4ccccc4)n(c2=O)CC
R3,emap3_Bn-3OMe_nPr,CCN(Cc1cc(OC)ccc1)C(=O)Cn2c3c(cnc(n3)c4ccccc4)n(c2=O)CCC
R3,emap3_Bn-3OMe_nBu,CCN(Cc1cc(OC)ccc1)C(=O)Cn2c3c(cnc(n3)c4ccccc4)n(c2=O)CCCC
R3,emap3_Bn-3OMe_CH2F,CCN(Cc1cc(OC)ccc1)C(=O)Cn2c3c(cnc(n3)c4ccccc4)n(c2=O)CF
R3,emap3_Bn-3OMe_CH2CH2F,CCN(Cc1cc(OC)ccc1)C(=O)Cn2c3c(cnc(n3)c4ccccc4)n(c2=O)CCF
R3,emap3_Bn-3OMe_CH2CH2CH2F,CCN(Cc1cc(OC)ccc1)C(=O)Cn2c3c(cnc(n3)c4ccccc4)n(c2=O)CCCF
R3,emap3_Bn-3OMe_CH2CHF2,CCN(Cc1cc(OC)ccc1)C(=O)Cn2c3c(cnc(n3)c4ccccc4)n(c2=O)C(F)F
R3,emap3_Bn-3OMe_CH2CH2CHF2,CCN(Cc1cc(OC)ccc1)C(=O)Cn2c3c(cnc(n3)c4ccccc4)n(c2=O)CC(F)F
R3,emap3_Bn-3OMe_CH2CH2CH2CHF2,CCN(Cc1cc(OC)ccc1)C(=O)Cn2c3c(cnc(n3)c4ccccc4)n(c2=O)CCC(F)F
R3,emap3_Bn-3OMe_CH2CF3,CCN(Cc1cc(OC)ccc1)C(=O)Cn2c3c(cnc(n3)c4ccccc4)n(c2=O)C(F)(F)F
R3,emap3_Bn-3OMe_CH2CH2CF3,CCN(Cc1cc(OC)ccc1)C(=O)Cn2c3c(cnc(n3)c4ccccc4)n(c2=O)CC(F)(F)F
R3,emap3_Bn-3OMe_CH2CH2CH2CF3,CCN(Cc1cc(OC)ccc1)C(=O)Cn2c3c(cnc(n3)c4ccccc4)n(c2=O)CCC(F)(F)F
R3,emap3_Bn-3OMe_OCH2F,CCN(Cc1cc(OC)ccc1)C(=O)Cn2c3c(cnc(n3)c4ccccc4)n(c2=O)COF
R3,emap3_Bn-3OMe_OCH2CHF2,CCN(Cc1cc(OC)ccc1)C(=O)Cn2c3c(cnc(n3)c4ccccc4)n(c2=O)COC(F)F
R3,emap3_Bn-3OMe_OCH2CF3,CCN(Cc1cc(OC)ccc1)C(=O)Cn2c3c(cnc(n3)c4ccccc4)n(c2=O)COC(F)(F)F
R3,emap3_Bn-3OMe_OCH2CH2F,CCN(Cc1cc(OC)ccc1)C(=O)Cn2c3c(cnc(n3)c4ccccc4)n(c2=O)COCF
R3,emap3_Bn-3OMe_OCH2CH2CF3,CCN(Cc1cc(OC)ccc1)C(=O)Cn2c3c(cnc(n3)c4ccccc4)n(c2=O)COCC(F)(F)F
R3,emap3_Bn-3OMe_OCH2CH2CHF2,CCN(Cc1cc(OC)ccc1)C(=O)Cn2c3c(cnc(n3)c4ccccc4)n(c2=O)COCC(F)F
R3,emap3_Bn-3OMe_OCH2CH2CH2F,CCN(Cc1cc(OC)ccc1)C(=O)Cn2c3c(cnc(n3)c4ccccc4)n(c2=O)COCCF
R3,emap3_Bn-3OMe_OCH2CH2CH2CF3,CCN(Cc1cc(OC)ccc1)C(=O)Cn2c3c(cnc(n3)c4ccccc4)n(c2=O)COCCC(F)(F)F
R3,emap3_Bn-3OMe_CH2SiMe3,CCN(Cc1cc(OC)ccc1)C(=O)Cn2c3c(cnc(n3)c4ccccc4)n(c2=O)C[Si](C)(C)C
R3,emap3_Bn-3OMe_CH2CH2SiMe3,CCN(Cc1cc(OC)ccc1)C(=O)Cn2c3c(cnc(n3)c4ccccc4)n(c2=O)CC[Si](C)(C)C
R3,emap3_Bn-3OMe_OSiMe3,CCN(Cc1cc(OC)ccc1)C(=O)Cn2c3c(cnc(n3)c4ccccc4)n(c2=O)O[Si](C)(C)C
R3,emap3_Bn-3OMe_CH2SiEt3,CCN(Cc1cc(OC)ccc1)C(=O)Cn2c3c(cnc(n3)c4ccccc4)n(c2=O)C[Si](CC)(CC)CC
R3,emap3_Bn-3OMe_tBu,CCN(Cc1cc(OC)ccc1)C(=O)Cn2c3c(cnc(n3)c4ccccc4)n(c2=O)C(C)(C)C
R3,emap3_Bn-3OMe_BnCH2,CCN(Cc1cc(OC)ccc1)C(=O)Cn2c3c(cnc(n3)c4ccccc4)n(c2=O)Cc1ccccc1C
R3,emap3_Bn-3OMe_PhCH2F,CCN(Cc1cc(OC)ccc1)C(=O)Cn2c3c(cnc(n3)c4ccccc4)n(c2=O)c1ccccc1CF
R3,emap3_Bn-3OMe_OCH2CF2H,CCN(Cc1cc(OC)ccc1)C(=O)Cn2c3c(cnc(n3)c4ccccc4)n(c2=O)COC(F)F
R3,emap3_Bn-3OMe_OCH2CH2CF2H,CCN(Cc1cc(OC)ccc1)C(=O)Cn2c3c(cnc(n3)c4ccccc4)n(c2=O)COCC(F)F
R3,emap3_Bn-3OMe_CH2CF2H,CCN(Cc1cc(OC)ccc1)C(=O)Cn2c3c(cnc(n3)c4ccccc4)n(c2=O)C(F)F
R3,emap3_Bn-3OMe_CH2CH2CF2H,CCN(Cc1cc(OC)ccc1)C(=O)Cn2c3c(cnc(n3)c4ccccc4)n(c2=O)CC(F)F
R3,emap3_Bn-3OMe_OCH2CH2CH2CHF2,CCN(Cc1cc(OC)ccc1)C(=O)Cn2c3c(cnc(n3)c4ccccc4)n(c2=O)COCCC(F)F
R3,emap3_Bn-3OMe_CH2CH2CF2CF3,CCN(Cc1cc(OC)ccc1)C(=O)Cn2c3c(cnc(n3)c4ccccc4)n(c2=O)CC(F)C(F)(F)F
R3,emap3_Bn-3OMe_CH2CF2CF3,CCN(Cc1cc(OC)ccc1)C(=O)Cn2c3c(cnc(n3)c4ccccc4)n(c2=O)C(F)C(F)(F)F
R3,emap3_Bn-3OMe_CH2CH2CH2CF2CF3,CCN(Cc1cc(OC)ccc1)C(=O)Cn2c3c(cnc(n3)c4ccccc4)n(c2=O)CCC(F)C(F)(F)F
R3,emap3_Bn-3OMe_CH2CH2CF2CH3,CCN(Cc1cc(OC)ccc1)C(=O)Cn2c3c(cnc(n3)c4ccccc4)n(c2=O)CC(F)C
R3,emap3_Bn-3OMe_OCH2CF2CF3,CCN(Cc1cc(OC)ccc1)C(=O)Cn2c3c(cnc(n3)c4ccccc4)n(c2=O)COC(F)C(F)(F)F
R3,emap3_Bn-3OMe_OCH2CF2CH3,CCN(Cc1cc(OC)ccc1)C(=O)Cn2c3c(cnc(n3)c4ccccc4)n(c2=O)COC(F)C
R3,emap3_Bn-3OMe_OCH2CH2CF2CF3,CCN(Cc1cc(OC)ccc1)C(=O)Cn2c3c(cnc(n3)c4ccccc4)n(c2=O)COCC(F)C(F)(F)F
R3,emap3_Bn-3OMe_CH2CF2CH2F,CCN(Cc1cc(OC)ccc1)C(=O)Cn2c3c(cnc(n3)c4ccccc4)n(c2=O)C(F)CF
R3,emap3_Bn-3OMe_CH2CH2CF2CH2F,CCN(Cc1cc(OC)ccc1)C(=O)Cn2c3c(cnc(n3)c4ccccc4)n(c2=O)CC(F)CF
R3,emap3_Bn-3OMe_OCH2CF2CH2F,CCN(Cc1cc(OC)ccc1)C(=O)Cn2c3c(cnc(n3)c4ccccc4)n(c2=O)COC(F)CF
R3,emap3_Bn-3OMe_CH2CH2CF2CH2CHF2,CCN(Cc1cc(OC)ccc1)C(=O)Cn2c3c(cnc(n3)c4ccccc4)n(c2=O)CC(F)C(F)F
R3,emap3_Bn-3OMe_CH2CH2CF2CH2CF3,CCN(Cc1cc(OC)ccc1)C(=O)Cn2c3c(cnc(n3)c4ccccc4)n(c2=O)CC(F)C(F)(F)F
R3,emap3_Bn-3OMe_OCH2CH2CF2CH2F,CCN(Cc1cc(OC)ccc1)C(=O)Cn2c3c(cnc(n3)c4ccccc4)n(c2=O)COCC(F)CF
R3,emap3_Bn-3OMe_CH2CH2CF2CH2CH2F,CCN(Cc1cc(OC)ccc1)C(=O)Cn2c3c(cnc(n3)c4ccccc4)n(c2=O)CC(F)CCF
R3,emap3_Bn-3OMe_CH2CF2CH2CH2F,CCN(Cc1cc(OC)ccc1)C(=O)Cn2c3c(cnc(n3)c4ccccc4)n(c2=O)C(F)CCF
R3,emap3_Bn-3OMe_CH2CF2CH2CHF2,CCN(Cc1cc(OC)ccc1)C(=O)Cn2c3c(cnc(n3)c4ccccc4)n(c2=O)C(F)C(F)F
R3,emap3_Bn-3OMe_CH2CF2CH2CF3,CCN(Cc1cc(OC)ccc1)C(=O)Cn2c3c(cnc(n3)c4ccccc4)n(c2=O)C(F)C(F)(F)F
R3,emap3_Bn-3OMe_OCH2CF2CH2CH2F,CCN(Cc1cc(OC)ccc1)C(=O)Cn2c3c(cnc(n3)c4ccccc4)n(c2=O)COC(F)CCF
R3,emap3_Bn-3OMe_OCH2CH2CF2CH2CH2F,CCN(Cc1cc(OC)ccc1)C(=O)Cn2c3c(cnc(n3)c4ccccc4)n(c2=O)COCC(F)CCF
R3,emap3_Bn-3OMe_CH2CH2CF2CH2CH2CHF2,CCN(Cc1cc(OC)ccc1)C(=O)Cn2c3c(cnc(n3)c4ccccc4)n(c2=O)CC(F)CC(F)F
R3,emap3_Bn-3OMe_CH2CH2CF2CH2CH2CF3,CCN(Cc1cc(OC)ccc1)C(=O)Cn2c3c(cnc(n3)c4ccccc4)n(c2=O)CC(F)CC(F)(F)F
R3,emap3_Bn-4OCHF2_Me,CCN(Cc1ccc(OC(F)F)cc1)C(=O)Cn2c3c(cnc(n3)c4ccccc4)n(c2=O)C
R3,emap3_Bn-4OCHF2_Et,CCN(Cc1ccc(OC(F)F)cc1)C(=O)Cn2c3c(cnc(n3)c4ccccc4)n(c2=O)CC
R3,emap3_Bn-4OCHF2_nPr,CCN(Cc1ccc(OC(F)F)cc1)C(=O)Cn2c3c(cnc(n3)c4ccccc4)n(c2=O)CCC
R3,emap3_Bn-4OCHF2_nBu,CCN(Cc1ccc(OC(F)F)cc1)C(=O)Cn2c3c(cnc(n3)c4ccccc4)n(c2=O)CCCC
R3,emap3_Bn-4OCHF2_CH2F,CCN(Cc1ccc(OC(F)F)cc1)C(=O)Cn2c3c(cnc(n3)c4ccccc4)n(c2=O)CF
R3,emap3_Bn-4OCHF2_CH2CH2F,CCN(Cc1ccc(OC(F)F)cc1)C(=O)Cn2c3c(cnc(n3)c4ccccc4)n(c2=O)CCF
R3,emap3_Bn-4OCHF2_CH2CH2CH2F,CCN(Cc1ccc(OC(F)F)cc1)C(=O)Cn2c3c(cnc(n3)c4ccccc4)n(c2=O)CCCF
R3,emap3_Bn-4OCHF2_CH2CHF2,CCN(Cc1ccc(OC(F)F)cc1)C(=O)Cn2c3c(cnc(n3)c4ccccc4)n(c2=O)C(F)F
R3,emap3_Bn-4OCHF2_CH2CH2CHF2,CCN(Cc1ccc(OC(F)F)cc1)C(=O)Cn2c3c(cnc(n3)c4ccccc4)n(c2=O)CC(F)F
R3,emap3_Bn-4OCHF2_CH2CH2CH2CHF2,CCN(Cc1ccc(OC(F)F)cc1)C(=O)Cn2c3c(cnc(n3)c4ccccc4)n(c2=O)CCC(F)F
R3,emap3_Bn-4OCHF2_CH2CF3,CCN(Cc1ccc(OC(F)F)cc1)C(=O)Cn2c3c(cnc(n3)c4ccccc4)n(c2=O)C(F)(F)F
R3,emap3_Bn-4OCHF2_CH2CH2CF3,CCN(Cc1ccc(OC(F)F)cc1)C(=O)Cn2c3c(cnc(n3)c4ccccc4)n(c2=O)CC(F)(F)F
R3,emap3_Bn-4OCHF2_CH2CH2CH2CF3,CCN(Cc1ccc(OC(F)F)cc1)C(=O)Cn2c3c(cnc(n3)c4ccccc4)n(c2=O)CCC(F)(F)F
R3,emap3_Bn-4OCHF2_OCH2F,CCN(Cc1ccc(OC(F)F)cc1)C(=O)Cn2c3c(cnc(n3)c4ccccc4)n(c2=O)COF
R3,emap3_Bn-4OCHF2_OCH2CHF2,CCN(Cc1ccc(OC(F)F)cc1)C(=O)Cn2c3c(cnc(n3)c4ccccc4)n(c2=O)COC(F)F
R3,emap3_Bn-4OCHF2_OCH2CF3,CCN(Cc1ccc(OC(F)F)cc1)C(=O)Cn2c3c(cnc(n3)c4ccccc4)n(c2=O)COC(F)(F)F
R3,emap3_Bn-4OCHF2_OCH2CH2F,CCN(Cc1ccc(OC(F)F)cc1)C(=O)Cn2c3c(cnc(n3)c4ccccc4)n(c2=O)COCF
R3,emap3_Bn-4OCHF2_OCH2CH2CF3,CCN(Cc1ccc(OC(F)F)cc1)C(=O)Cn2c3c(cnc(n3)c4ccccc4)n(c2=O)COCC(F)(F)F
R3,emap3_Bn-4OCHF2_OCH2CH2CHF2,CCN(Cc1ccc(OC(F)F)cc1)C(=O)Cn2c3c(cnc(n3)c4ccccc4)n(c2=O)COCC(F)F
R3,emap3_Bn-4OCHF2_OCH2CH2CH2F,CCN(Cc1ccc(OC(F)F)cc1)C(=O)Cn2c3c(cnc(n3)c4ccccc4)n(c2=O)COCCF
R3,emap3_Bn-4OCHF2_OCH2CH2CH2CF3,CCN(Cc1ccc(OC(F)F)cc1)C(=O)Cn2c3c(cnc(n3)c4ccccc4)n(c2=O)COCCC(F)(F)F
R3,emap3_Bn-4OCHF2_CH2SiMe3,CCN(Cc1ccc(OC(F)F)cc1)C(=O)Cn2c3c(cnc(n3)c4ccccc4)n(c2=O)C[Si](C)(C)C
R3,emap3_Bn-4OCHF2_CH2CH2SiMe3,CCN(Cc1ccc(OC(F)F)cc1)C(=O)Cn2c3c(cnc(n3)c4ccccc4)n(c2=O)CC[Si](C)(C)C
R3,emap3_Bn-4OCHF2_OSiMe3,CCN(Cc1ccc(OC(F)F)cc1)C(=O)Cn2c3c(cnc(n3)c4ccccc4)n(c2=O)O[Si](C)(C)C
R3,emap3_Bn-4OCHF2_CH2SiEt3,CCN(Cc1ccc(OC(F)F)cc1)C(=O)Cn2c3c(cnc(n3)c4ccccc4)n(c2=O)C[Si](CC)(CC)CC
R3,emap3_Bn-4OCHF2_tBu,CCN(Cc1ccc(OC(F)F)cc1)C(=O)Cn2c3c(cnc(n3)c4ccccc4)n(c2=O)C(C)(C)C
R3,emap3_Bn-4OCHF2_BnCH2,CCN(Cc1ccc(OC(F)F)cc1)C(=O)Cn2c3c(cnc(n3)c4ccccc4)n(c2=O)Cc1ccccc1C
R3,emap3_Bn-4OCHF2_PhCH2F,CCN(Cc1ccc(OC(F)F)cc1)C(=O)Cn2c3c(cnc(n3)c4ccccc4)n(c2=O)c1ccccc1CF
R3,emap3_Bn-4OCHF2_OCH2CF2H,CCN(Cc1ccc(OC(F)F)cc1)C(=O)Cn2c3c(cnc(n3)c4ccccc4)n(c2=O)COC(F)F
R3,emap3_Bn-4OCHF2_OCH2CH2CF2H,CCN(Cc1ccc(OC(F)F)cc1)C(=O)Cn2c3c(cnc(n3)c4ccccc4)n(c2=O)COCC(F)F
R3,emap3_Bn-4OCHF2_CH2CF2H,CCN(Cc1ccc(OC(F)F)cc1)C(=O)Cn2c3c(cnc(n3)c4ccccc4)n(c2=O)C(F)F
R3,emap3_Bn-4OCHF2_CH2CH2CF2H,CCN(Cc1ccc(OC(F)F)cc1)C(=O)Cn2c3c(cnc(n3)c4ccccc4)n(c2=O)CC(F)F
R3,emap3_Bn-4OCHF2_OCH2CH2CH2CHF2,CCN(Cc1ccc(OC(F)F)cc1)C(=O)Cn2c3c(cnc(n3)c4ccccc4)n(c2=O)COCCC(F)F
R3,emap3_Bn-4OCHF2_CH2CH2CF2CF3,CCN(Cc1ccc(OC(F)F)cc1)C(=O)Cn2c3c(cnc(n3)c4ccccc4)n(c2=O)CC(F)C(F)(F)F
R3,emap3_Bn-4OCHF2_CH2CF2CF3,CCN(Cc1ccc(OC(F)F)cc1)C(=O)Cn2c3c(cnc(n3)c4ccccc4)n(c2=O)C(F)C(F)(F)F
R3,emap3_Bn-4OCHF2_CH2CH2CH2CF2CF3,CCN(Cc1ccc(OC(F)F)cc1)C(=O)Cn2c3c(cnc(n3)c4ccccc4)n(c2=O)CCC(F)C(F)(F)F
R3,emap3_Bn-4OCHF2_CH2CH2CF2CH3,CCN(Cc1ccc(OC(F)F)cc1)C(=O)Cn2c3c(cnc(n3)c4ccccc4)n(c2=O)CC(F)C
R3,emap3_Bn-4OCHF2_OCH2CF2CF3,CCN(Cc1ccc(OC(F)F)cc1)C(=O)Cn2c3c(cnc(n3)c4ccccc4)n(c2=O)COC(F)C(F)(F)F
R3,emap3_Bn-4OCHF2_OCH2CF2CH3,CCN(Cc1ccc(OC(F)F)cc1)C(=O)Cn2c3c(cnc(n3)c4ccccc4)n(c2=O)COC(F)C
R3,emap3_Bn-4OCHF2_OCH2CH2CF2CF3,CCN(Cc1ccc(OC(F)F)cc1)C(=O)Cn2c3c(cnc(n3)c4ccccc4)n(c2=O)COCC(F)C(F)(F)F
R3,emap3_Bn-4OCHF2_CH2CF2CH2F,CCN(Cc1ccc(OC(F)F)cc1)C(=O)Cn2c3c(cnc(n3)c4ccccc4)n(c2=O)C(F)CF
R3,emap3_Bn-4OCHF2_CH2CH2CF2CH2F,CCN(Cc1ccc(OC(F)F)cc1)C(=O)Cn2c3c(cnc(n3)c4ccccc4)n(c2=O)CC(F)CF
R3,emap3_Bn-4OCHF2_OCH2CF2CH2F,CCN(Cc1ccc(OC(F)F)cc1)C(=O)Cn2c3c(cnc(n3)c4ccccc4)n(c2=O)COC(F)CF
R3,emap3_Bn-4OCHF2_CH2CH2CF2CH2CHF2,CCN(Cc1ccc(OC(F)F)cc1)C(=O)Cn2c3c(cnc(n3)c4ccccc4)n(c2=O)CC(F)C(F)F
R3,emap3_Bn-4OCHF2_CH2CH2CF2CH2CF3,CCN(Cc1ccc(OC(F)F)cc1)C(=O)Cn2c3c(cnc(n3)c4ccccc4)n(c2=O)CC(F)C(F)(F)F
R3,emap3_Bn-4OCHF2_OCH2CH2CF2CH2F,CCN(Cc1ccc(OC(F)F)cc1)C(=O)Cn2c3c(cnc(n3)c4ccccc4)n(c2=O)COCC(F)CF
R3,emap3_Bn-4OCHF2_CH2CH2CF2CH2CH2F,CCN(Cc1ccc(OC(F)F)cc1)C(=O)Cn2c3c(cnc(n3)c4ccccc4)n(c2=O)CC(F)CCF
R3,emap3_Bn-4OCHF2_CH2CF2CH2CH2F,CCN(Cc1ccc(OC(F)F)cc1)C(=O)Cn2c3c(cnc(n3)c4ccccc4)n(c2=O)C(F)CCF
R3,emap3_Bn-4OCHF2_CH2CF2CH2CHF2,CCN(Cc1ccc(OC(F)F)cc1)C(=O)Cn2c3c(cnc(n3)c4ccccc4)n(c2=O)C(F)C(F)F
R3,emap3_Bn-4OCHF2_CH2CF2CH2CF3,CCN(Cc1ccc(OC(F)F)cc1)C(=O)Cn2c3c(cnc(n3)c4ccccc4)n(c2=O)C(F)C(F)(F)F
R3,emap3_Bn-4OCHF2_OCH2CF2CH2CH2F,CCN(Cc1ccc(OC(F)F)cc1)C(=O)Cn2c3c(cnc(n3)c4ccccc4)n(c2=O)COC(F)CCF
R3,emap3_Bn-4OCHF2_OCH2CH2CF2CH2CH2F,CCN(Cc1ccc(OC(F)F)cc1)C(=O)Cn2c3c(cnc(n3)c4ccccc4)n(c2=O)COCC(F)CCF
R3,emap3_Bn-4OCHF2_CH2CH2CF2CH2CH2CHF2,CCN(Cc1ccc(OC(F)F)cc1)C(=O)Cn2c3c(cnc(n3)c4ccccc4)n(c2=O)CC(F)CC(F)F
R3,emap3_Bn-4OCHF2_CH2CH2CF2CH2CH2CF3,CCN(Cc1ccc(OC(F)F)cc1)C(=O)Cn2c3c(cnc(n3)c4ccccc4)n(c2=O)CC(F)CC(F)(F)F
R3,emap3_Bn-4OCF3_Me,CCN(Cc1ccc(OC(F)(F)F)cc1)C(=O)Cn2c3c(cnc(n3)c4ccccc4)n(c2=O)C
R3,emap3_Bn-4OCF3_Et,CCN(Cc1ccc(OC(F)(F)F)cc1)C(=O)Cn2c3c(cnc(n3)c4ccccc4)n(c2=O)CC
R3,emap3_Bn-4OCF3_nPr,CCN(Cc1ccc(OC(F)(F)F)cc1)C(=O)Cn2c3c(cnc(n3)c4ccccc4)n(c2=O)CCC
R3,emap3_Bn-4OCF3_nBu,CCN(Cc1ccc(OC(F)(F)F)cc1)C(=O)Cn2c3c(cnc(n3)c4ccccc4)n(c2=O)CCCC
R3,emap3_Bn-4OCF3_CH2F,CCN(Cc1ccc(OC(F)(F)F)cc1)C(=O)Cn2c3c(cnc(n3)c4ccccc4)n(c2=O)CF
R3,emap3_Bn-4OCF3_CH2CH2F,CCN(Cc1ccc(OC(F)(F)F)cc1)C(=O)Cn2c3c(cnc(n3)c4ccccc4)n(c2=O)CCF
R3,emap3_Bn-4OCF3_CH2CH2CH2F,CCN(Cc1ccc(OC(F)(F)F)cc1)C(=O)Cn2c3c(cnc(n3)c4ccccc4)n(c2=O)CCCF
R3,emap3_Bn-4OCF3_CH2CHF2,CCN(Cc1ccc(OC(F)(F)F)cc1)C(=O)Cn2c3c(cnc(n3)c4ccccc4)n(c2=O)C(F)F
R3,emap3_Bn-4OCF3_CH2CH2CHF2,CCN(Cc1ccc(OC(F)(F)F)cc1)C(=O)Cn2c3c(cnc(n3)c4ccccc4)n(c2=O)CC(F)F
R3,emap3_Bn-4OCF3_CH2CH2CH2CHF2,CCN(Cc1ccc(OC(F)(F)F)cc1)C(=O)Cn2c3c(cnc(n3)c4ccccc4)n(c2=O)CCC(F)F
R3,emap3_Bn-4OCF3_CH2CF3,CCN(Cc1ccc(OC(F)(F)F)cc1)C(=O)Cn2c3c(cnc(n3)c4ccccc4)n(c2=O)C(F)(F)F
R3,emap3_Bn-4OCF3_CH2CH2CF3,CCN(Cc1ccc(OC(F)(F)F)cc1)C(=O)Cn2c3c(cnc(n3)c4ccccc4)n(c2=O)CC(F)(F)F
R3,emap3_Bn-4OCF3_CH2CH2CH2CF3,CCN(Cc1ccc(OC(F)(F)F)cc1)C(=O)Cn2c3c(cnc(n3)c4ccccc4)n(c2=O)CCC(F)(F)F
R3,emap3_Bn-4OCF3_OCH2F,CCN(Cc1ccc(OC(F)(F)F)cc1)C(=O)Cn2c3c(cnc(n3)c4ccccc4)n(c2=O)COF
R3,emap3_Bn-4OCF3_OCH2CHF2,CCN(Cc1ccc(OC(F)(F)F)cc1)C(=O)Cn2c3c(cnc(n3)c4ccccc4)n(c2=O)COC(F)F
R3,emap3_Bn-4OCF3_OCH2CF3,CCN(Cc1ccc(OC(F)(F)F)cc1)C(=O)Cn2c3c(cnc(n3)c4ccccc4)n(c2=O)COC(F)(F)F
R3,emap3_Bn-4OCF3_OCH2CH2F,CCN(Cc1ccc(OC(F)(F)F)cc1)C(=O)Cn2c3c(cnc(n3)c4ccccc4)n(c2=O)COCF
R3,emap3_Bn-4OCF3_OCH2CH2CF3,CCN(Cc1ccc(OC(F)(F)F)cc1)C(=O)Cn2c3c(cnc(n3)c4ccccc4)n(c2=O)COCC(F)(F)F
R3,emap3_Bn-4OCF3_OCH2CH2CHF2,CCN(Cc1ccc(OC(F)(F)F)cc1)C(=O)Cn2c3c(cnc(n3)c4ccccc4)n(c2=O)COCC(F)F
R3,emap3_Bn-4OCF3_OCH2CH2CH2F,CCN(Cc1ccc(OC(F)(F)F)cc1)C(=O)Cn2c3c(cnc(n3)c4ccccc4)n(c2=O)COCCF
R3,emap3_Bn-4OCF3_OCH2CH2CH2CF3,CCN(Cc1ccc(OC(F)(F)F)cc1)C(=O)Cn2c3c(cnc(n3)c4ccccc4)n(c2=O)COCCC(F)(F)F
R3,emap3_Bn-4OCF3_CH2SiMe3,CCN(Cc1ccc(OC(F)(F)F)cc1)C(=O)Cn2c3c(cnc(n3)c4ccccc4)n(c2=O)C[Si](C)(C)C
R3,emap3_Bn-4OCF3_CH2CH2SiMe3,CCN(Cc1ccc(OC(F)(F)F)cc1)C(=O)Cn2c3c(cnc(n3)c4ccccc4)n(c2=O)CC[Si](C)(C)C
R3,emap3_Bn-4OCF3_OSiMe3,CCN(Cc1ccc(OC(F)(F)F)cc1)C(=O)Cn2c3c(cnc(n3)c4ccccc4)n(c2=O)O[Si](C)(C)C
R3,emap3_Bn-4OCF3_CH2SiEt3,CCN(Cc1ccc(OC(F)(F)F)cc1)C(=O)Cn2c3c(cnc(n3)c4ccccc4)n(c2=O)C[Si](CC)(CC)CC
R3,emap3_Bn-4OCF3_tBu,CCN(Cc1ccc(OC(F)(F)F)cc1)C(=O)Cn2c3c(cnc(n3)c4ccccc4)n(c2=O)C(C)(C)C
R3,emap3_Bn-4OCF3_BnCH2,CCN(Cc1ccc(OC(F)(F)F)cc1)C(=O)Cn2c3c(cnc(n3)c4ccccc4)n(c2=O)Cc1ccccc1C
R3,emap3_Bn-4OCF3_PhCH2F,CCN(Cc1ccc(OC(F)(F)F)cc1)C(=O)Cn2c3c(cnc(n3)c4ccccc4)n(c2=O)c1ccccc1CF
R3,emap3_Bn-4OCF3_OCH2CF2H,CCN(Cc1ccc(OC(F)(F)F)cc1)C(=O)Cn2c3c(cnc(n3)c4ccccc4)n(c2=O)COC(F)F
R3,emap3_Bn-4OCF3_OCH2CH2CF2H,CCN(Cc1ccc(OC(F)(F)F)cc1)C(=O)Cn2c3c(cnc(n3)c4ccccc4)n(c2=O)COCC(F)F
R3,emap3_Bn-4OCF3_CH2CF2H,CCN(Cc1ccc(OC(F)(F)F)cc1)C(=O)Cn2c3c(cnc(n3)c4ccccc4)n(c2=O)C(F)F
R3,emap3_Bn-4OCF3_CH2CH2CF2H,CCN(Cc1ccc(OC(F)(F)F)cc1)C(=O)Cn2c3c(cnc(n3)c4ccccc4)n(c2=O)CC(F)F
R3,emap3_Bn-4OCF3_OCH2CH2CH2CHF2,CCN(Cc1ccc(OC(F)(F)F)cc1)C(=O)Cn2c3c(cnc(n3)c4ccccc4)n(c2=O)COCCC(F)F
R3,emap3_Bn-4OCF3_CH2CH2CF2CF3,CCN(Cc1ccc(OC(F)(F)F)cc1)C(=O)Cn2c3c(cnc(n3)c4ccccc4)n(c2=O)CC(F)C(F)(F)F
R3,emap3_Bn-4OCF3_CH2CF2CF3,CCN(Cc1ccc(OC(F)(F)F)cc1)C(=O)Cn2c3c(cnc(n3)c4ccccc4)n(c2=O)C(F)C(F)(F)F
R3,emap3_Bn-4OCF3_CH2CH2CH2CF2CF3,CCN(Cc1ccc(OC(F)(F)F)cc1)C(=O)Cn2c3c(cnc(n3)c4ccccc4)n(c2=O)CCC(F)C(F)(F)F
R3,emap3_Bn-4OCF3_CH2CH2CF2CH3,CCN(Cc1ccc(OC(F)(F)F)cc1)C(=O)Cn2c3c(cnc(n3)c4ccccc4)n(c2=O)CC(F)C
R3,emap3_Bn-4OCF3_OCH2CF2CF3,CCN(Cc1ccc(OC(F)(F)F)cc1)C(=O)Cn2c3c(cnc(n3)c4ccccc4)n(c2=O)COC(F)C(F)(F)F
R3,emap3_Bn-4OCF3_OCH2CF2CH3,CCN(Cc1ccc(OC(F)(F)F)cc1)C(=O)Cn2c3c(cnc(n3)c4ccccc4)n(c2=O)COC(F)C
R3,emap3_Bn-4OCF3_OCH2CH2CF2CF3,CCN(Cc1ccc(OC(F)(F)F)cc1)C(=O)Cn2c3c(cnc(n3)c4ccccc4)n(c2=O)COCC(F)C(F)(F)F
R3,emap3_Bn-4OCF3_CH2CF2CH2F,CCN(Cc1ccc(OC(F)(F)F)cc1)C(=O)Cn2c3c(cnc(n3)c4ccccc4)n(c2=O)C(F)CF
R3,emap3_Bn-4OCF3_CH2CH2CF2CH2F,CCN(Cc1ccc(OC(F)(F)F)cc1)C(=O)Cn2c3c(cnc(n3)c4ccccc4)n(c2=O)CC(F)CF
R3,emap3_Bn-4OCF3_OCH2CF2CH2F,CCN(Cc1ccc(OC(F)(F)F)cc1)C(=O)Cn2c3c(cnc(n3)c4ccccc4)n(c2=O)COC(F)CF
R3,emap3_Bn-4OCF3_CH2CH2CF2CH2CHF2,CCN(Cc1ccc(OC(F)(F)F)cc1)C(=O)Cn2c3c(cnc(n3)c4ccccc4)n(c2=O)CC(F)C(F)F
R3,emap3_Bn-4OCF3_CH2CH2CF2CH2CF3,CCN(Cc1ccc(OC(F)(F)F)cc1)C(=O)Cn2c3c(cnc(n3)c4ccccc4)n(c2=O)CC(F)C(F)(F)F
R3,emap3_Bn-4OCF3_OCH2CH2CF2CH2F,CCN(Cc1ccc(OC(F)(F)F)cc1)C(=O)Cn2c3c(cnc(n3)c4ccccc4)n(c2=O)COCC(F)CF
R3,emap3_Bn-4OCF3_CH2CH2CF2CH2CH2F,CCN(Cc1ccc(OC(F)(F)F)cc1)C(=O)Cn2c3c(cnc(n3)c4ccccc4)n(c2=O)CC(F)CCF
R3,emap3_Bn-4OCF3_CH2CF2CH2CH2F,CCN(Cc1ccc(OC(F)(F)F)cc1)C(=O)Cn2c3c(cnc(n3)c4ccccc4)n(c2=O)C(F)CCF
R3,emap3_Bn-4OCF3_CH2CF2CH2CHF2,CCN(Cc1ccc(OC(F)(F)F)cc1)C(=O)Cn2c3c(cnc(n3)c4ccccc4)n(c2=O)C(F)C(F)F
R3,emap3_Bn-4OCF3_CH2CF2CH2CF3,CCN(Cc1ccc(OC(F)(F)F)cc1)C(=O)Cn2c3c(cnc(n3)c4ccccc4)n(c2=O)C(F)C(F)(F)F
R3,emap3_Bn-4OCF3_OCH2CF2CH2CH2F,CCN(Cc1ccc(OC(F)(F)F)cc1)C(=O)Cn2c3c(cnc(n3)c4ccccc4)n(c2=O)COC(F)CCF
R3,emap3_Bn-4OCF3_OCH2CH2CF2CH2CH2F,CCN(Cc1ccc(OC(F)(F)F)cc1)C(=O)Cn2c3c(cnc(n3)c4ccccc4)n(c2=O)COCC(F)CCF
R3,emap3_Bn-4OCF3_CH2CH2CF2CH2CH2CHF2,CCN(Cc1ccc(OC(F)(F)F)cc1)C(=O)Cn2c3c(cnc(n3)c4ccccc4)n(c2=O)CC(F)CC(F)F
R3,emap3_Bn-4OCF3_CH2CH2CF2CH2CH2CF3,CCN(Cc1ccc(OC(F)(F)F)cc1)C(=O)Cn2c3c(cnc(n3)c4ccccc4)n(c2=O)CC(F)CC(F)(F)F
R3,emap3_Bn-4CF3_Me,CCN(Cc1ccc(C(F)(F)F)cc1)C(=O)Cn2c3c(cnc(n3)c4ccccc4)n(c2=O)C
R3,emap3_Bn-4CF3_Et,CCN(Cc1ccc(C(F)(F)F)cc1)C(=O)Cn2c3c(cnc(n3)c4ccccc4)n(c2=O)CC
R3,emap3_Bn-4CF3_nPr,CCN(Cc1ccc(C(F)(F)F)cc1)C(=O)Cn2c3c(cnc(n3)c4ccccc4)n(c2=O)CCC
R3,emap3_Bn-4CF3_nBu,CCN(Cc1ccc(C(F)(F)F)cc1)C(=O)Cn2c3c(cnc(n3)c4ccccc4)n(c2=O)CCCC
R3,emap3_Bn-4CF3_CH2F,CCN(Cc1ccc(C(F)(F)F)cc1)C(=O)Cn2c3c(cnc(n3)c4ccccc4)n(c2=O)CF
R3,emap3_Bn-4CF3_CH2CH2F,CCN(Cc1ccc(C(F)(F)F)cc1)C(=O)Cn2c3c(cnc(n3)c4ccccc4)n(c2=O)CCF
R3,emap3_Bn-4CF3_CH2CH2CH2F,CCN(Cc1ccc(C(F)(F)F)cc1)C(=O)Cn2c3c(cnc(n3)c4ccccc4)n(c2=O)CCCF
R3,emap3_Bn-4CF3_CH2CHF2,CCN(Cc1ccc(C(F)(F)F)cc1)C(=O)Cn2c3c(cnc(n3)c4ccccc4)n(c2=O)C(F)F
R3,emap3_Bn-4CF3_CH2CH2CHF2,CCN(Cc1ccc(C(F)(F)F)cc1)C(=O)Cn2c3c(cnc(n3)c4ccccc4)n(c2=O)CC(F)F
R3,emap3_Bn-4CF3_CH2CH2CH2CHF2,CCN(Cc1ccc(C(F)(F)F)cc1)C(=O)Cn2c3c(cnc(n3)c4ccccc4)n(c2=O)CCC(F)F
R3,emap3_Bn-4CF3_CH2CF3,CCN(Cc1ccc(C(F)(F)F)cc1)C(=O)Cn2c3c(cnc(n3)c4ccccc4)n(c2=O)C(F)(F)F
R3,emap3_Bn-4CF3_CH2CH2CF3,CCN(Cc1ccc(C(F)(F)F)cc1)C(=O)Cn2c3c(cnc(n3)c4ccccc4)n(c2=O)CC(F)(F)F
R3,emap3_Bn-4CF3_CH2CH2CH2CF3,CCN(Cc1ccc(C(F)(F)F)cc1)C(=O)Cn2c3c(cnc(n3)c4ccccc4)n(c2=O)CCC(F)(F)F
R3,emap3_Bn-4CF3_OCH2F,CCN(Cc1ccc(C(F)(F)F)cc1)C(=O)Cn2c3c(cnc(n3)c4ccccc4)n(c2=O)COF
R3,emap3_Bn-4CF3_OCH2CHF2,CCN(Cc1ccc(C(F)(F)F)cc1)C(=O)Cn2c3c(cnc(n3)c4ccccc4)n(c2=O)COC(F)F
R3,emap3_Bn-4CF3_OCH2CF3,CCN(Cc1ccc(C(F)(F)F)cc1)C(=O)Cn2c3c(cnc(n3)c4ccccc4)n(c2=O)COC(F)(F)F
R3,emap3_Bn-4CF3_OCH2CH2F,CCN(Cc1ccc(C(F)(F)F)cc1)C(=O)Cn2c3c(cnc(n3)c4ccccc4)n(c2=O)COCF
R3,emap3_Bn-4CF3_OCH2CH2CF3,CCN(Cc1ccc(C(F)(F)F)cc1)C(=O)Cn2c3c(cnc(n3)c4ccccc4)n(c2=O)COCC(F)(F)F
R3,emap3_Bn-4CF3_OCH2CH2CHF2,CCN(Cc1ccc(C(F)(F)F)cc1)C(=O)Cn2c3c(cnc(n3)c4ccccc4)n(c2=O)COCC(F)F
R3,emap3_Bn-4CF3_OCH2CH2CH2F,CCN(Cc1ccc(C(F)(F)F)cc1)C(=O)Cn2c3c(cnc(n3)c4ccccc4)n(c2=O)COCCF
R3,emap3_Bn-4CF3_OCH2CH2CH2CF3,CCN(Cc1ccc(C(F)(F)F)cc1)C(=O)Cn2c3c(cnc(n3)c4ccccc4)n(c2=O)COCCC(F)(F)F
R3,emap3_Bn-4CF3_CH2SiMe3,CCN(Cc1ccc(C(F)(F)F)cc1)C(=O)Cn2c3c(cnc(n3)c4ccccc4)n(c2=O)C[Si](C)(C)C
R3,emap3_Bn-4CF3_CH2CH2SiMe3,CCN(Cc1ccc(C(F)(F)F)cc1)C(=O)Cn2c3c(cnc(n3)c4ccccc4)n(c2=O)CC[Si](C)(C)C
R3,emap3_Bn-4CF3_OSiMe3,CCN(Cc1ccc(C(F)(F)F)cc1)C(=O)Cn2c3c(cnc(n3)c4ccccc4)n(c2=O)O[Si](C)(C)C
R3,emap3_Bn-4CF3_CH2SiEt3,CCN(Cc1ccc(C(F)(F)F)cc1)C(=O)Cn2c3c(cnc(n3)c4ccccc4)n(c2=O)C[Si](CC)(CC)CC
R3,emap3_Bn-4CF3_tBu,CCN(Cc1ccc(C(F)(F)F)cc1)C(=O)Cn2c3c(cnc(n3)c4ccccc4)n(c2=O)C(C)(C)C
R3,emap3_Bn-4CF3_BnCH2,CCN(Cc1ccc(C(F)(F)F)cc1)C(=O)Cn2c3c(cnc(n3)c4ccccc4)n(c2=O)Cc1ccccc1C
R3,emap3_Bn-4CF3_PhCH2F,CCN(Cc1ccc(C(F)(F)F)cc1)C(=O)Cn2c3c(cnc(n3)c4ccccc4)n(c2=O)c1ccccc1CF
R3,emap3_Bn-4CF3_OCH2CF2H,CCN(Cc1ccc(C(F)(F)F)cc1)C(=O)Cn2c3c(cnc(n3)c4ccccc4)n(c2=O)COC(F)F
R3,emap3_Bn-4CF3_OCH2CH2CF2H,CCN(Cc1ccc(C(F)(F)F)cc1)C(=O)Cn2c3c(cnc(n3)c4ccccc4)n(c2=O)COCC(F)F
R3,emap3_Bn-4CF3_CH2CF2H,CCN(Cc1ccc(C(F)(F)F)cc1)C(=O)Cn2c3c(cnc(n3)c4ccccc4)n(c2=O)C(F)F
R3,emap3_Bn-4CF3_CH2CH2CF2H,CCN(Cc1ccc(C(F)(F)F)cc1)C(=O)Cn2c3c(cnc(n3)c4ccccc4)n(c2=O)CC(F)F
R3,emap3_Bn-4CF3_OCH2CH2CH2CHF2,CCN(Cc1ccc(C(F)(F)F)cc1)C(=O)Cn2c3c(cnc(n3)c4ccccc4)n(c2=O)COCCC(F)F
R3,emap3_Bn-4CF3_CH2CH2CF2CF3,CCN(Cc1ccc(C(F)(F)F)cc1)C(=O)Cn2c3c(cnc(n3)c4ccccc4)n(c2=O)CC(F)C(F)(F)F
R3,emap3_Bn-4CF3_CH2CF2CF3,CCN(Cc1ccc(C(F)(F)F)cc1)C(=O)Cn2c3c(cnc(n3)c4ccccc4)n(c2=O)C(F)C(F)(F)F
R3,emap3_Bn-4CF3_CH2CH2CH2CF2CF3,CCN(Cc1ccc(C(F)(F)F)cc1)C(=O)Cn2c3c(cnc(n3)c4ccccc4)n(c2=O)CCC(F)C(F)(F)F
R3,emap3_Bn-4CF3_CH2CH2CF2CH3,CCN(Cc1ccc(C(F)(F)F)cc1)C(=O)Cn2c3c(cnc(n3)c4ccccc4)n(c2=O)CC(F)C
R3,emap3_Bn-4CF3_OCH2CF2CF3,CCN(Cc1ccc(C(F)(F)F)cc1)C(=O)Cn2c3c(cnc(n3)c4ccccc4)n(c2=O)COC(F)C(F)(F)F
R3,emap3_Bn-4CF3_OCH2CF2CH3,CCN(Cc1ccc(C(F)(F)F)cc1)C(=O)Cn2c3c(cnc(n3)c4ccccc4)n(c2=O)COC(F)C
R3,emap3_Bn-4CF3_OCH2CH2CF2CF3,CCN(Cc1ccc(C(F)(F)F)cc1)C(=O)Cn2c3c(cnc(n3)c4ccccc4)n(c2=O)COCC(F)C(F)(F)F
R3,emap3_Bn-4CF3_CH2CF2CH2F,CCN(Cc1ccc(C(F)(F)F)cc1)C(=O)Cn2c3c(cnc(n3)c4ccccc4)n(c2=O)C(F)CF
R3,emap3_Bn-4CF3_CH2CH2CF2CH2F,CCN(Cc1ccc(C(F)(F)F)cc1)C(=O)Cn2c3c(cnc(n3)c4ccccc4)n(c2=O)CC(F)CF
R3,emap3_Bn-4CF3_OCH2CF2CH2F,CCN(Cc1ccc(C(F)(F)F)cc1)C(=O)Cn2c3c(cnc(n3)c4ccccc4)n(c2=O)COC(F)CF
R3,emap3_Bn-4CF3_CH2CH2CF2CH2CHF2,CCN(Cc1ccc(C(F)(F)F)cc1)C(=O)Cn2c3c(cnc(n3)c4ccccc4)n(c2=O)CC(F)C(F)F
R3,emap3_Bn-4CF3_CH2CH2CF2CH2CF3,CCN(Cc1ccc(C(F)(F)F)cc1)C(=O)Cn2c3c(cnc(n3)c4ccccc4)n(c2=O)CC(F)C(F)(F)F
R3,emap3_Bn-4CF3_OCH2CH2CF2CH2F,CCN(Cc1ccc(C(F)(F)F)cc1)C(=O)Cn2c3c(cnc(n3)c4ccccc4)n(c2=O)COCC(F)CF
R3,emap3_Bn-4CF3_CH2CH2CF2CH2CH2F,CCN(Cc1ccc(C(F)(F)F)cc1)C(=O)Cn2c3c(cnc(n3)c4ccccc4)n(c2=O)CC(F)CCF
R3,emap3_Bn-4CF3_CH2CF2CH2CH2F,CCN(Cc1ccc(C(F)(F)F)cc1)C(=O)Cn2c3c(cnc(n3)c4ccccc4)n(c2=O)C(F)CCF
R3,emap3_Bn-4CF3_CH2CF2CH2CHF2,CCN(Cc1ccc(C(F)(F)F)cc1)C(=O)Cn2c3c(cnc(n3)c4ccccc4)n(c2=O)C(F)C(F)F
R3,emap3_Bn-4CF3_CH2CF2CH2CF3,CCN(Cc1ccc(C(F)(F)F)cc1)C(=O)Cn2c3c(cnc(n3)c4ccccc4)n(c2=O)C(F)C(F)(F)F
R3,emap3_Bn-4CF3_OCH2CF2CH2CH2F,CCN(Cc1ccc(C(F)(F)F)cc1)C(=O)Cn2c3c(cnc(n3)c4ccccc4)n(c2=O)COC(F)CCF
R3,emap3_Bn-4CF3_OCH2CH2CF2CH2CH2F,CCN(Cc1ccc(C(F)(F)F)cc1)C(=O)Cn2c3c(cnc(n3)c4ccccc4)n(c2=O)COCC(F)CCF
R3,emap3_Bn-4CF3_CH2CH2CF2CH2CH2CHF2,CCN(Cc1ccc(C(F)(F)F)cc1)C(=O)Cn2c3c(cnc(n3)c4ccccc4)n(c2=O)CC(F)CC(F)F
R3,emap3_Bn-4CF3_CH2CH2CF2CH2CH2CF3,CCN(Cc1ccc(C(F)(F)F)cc1)C(=O)Cn2c3c(cnc(n3)c4ccccc4)n(c2=O)CC(F)CC(F)(F)F
R3,emap3_Bn-3CF3_Me,CCN(Cc1cc(C(F)(F)F)ccc1)C(=O)Cn2c3c(cnc(n3)c4ccccc4)n(c2=O)C
R3,emap3_Bn-3CF3_Et,CCN(Cc1cc(C(F)(F)F)ccc1)C(=O)Cn2c3c(cnc(n3)c4ccccc4)n(c2=O)CC
R3,emap3_Bn-3CF3_nPr,CCN(Cc1cc(C(F)(F)F)ccc1)C(=O)Cn2c3c(cnc(n3)c4ccccc4)n(c2=O)CCC
R3,emap3_Bn-3CF3_nBu,CCN(Cc1cc(C(F)(F)F)ccc1)C(=O)Cn2c3c(cnc(n3)c4ccccc4)n(c2=O)CCCC
R3,emap3_Bn-3CF3_CH2F,CCN(Cc1cc(C(F)(F)F)ccc1)C(=O)Cn2c3c(cnc(n3)c4ccccc4)n(c2=O)CF
R3,emap3_Bn-3CF3_CH2CH2F,CCN(Cc1cc(C(F)(F)F)ccc1)C(=O)Cn2c3c(cnc(n3)c4ccccc4)n(c2=O)CCF
R3,emap3_Bn-3CF3_CH2CH2CH2F,CCN(Cc1cc(C(F)(F)F)ccc1)C(=O)Cn2c3c(cnc(n3)c4ccccc4)n(c2=O)CCCF
R3,emap3_Bn-3CF3_CH2CHF2,CCN(Cc1cc(C(F)(F)F)ccc1)C(=O)Cn2c3c(cnc(n3)c4ccccc4)n(c2=O)C(F)F
R3,emap3_Bn-3CF3_CH2CH2CHF2,CCN(Cc1cc(C(F)(F)F)ccc1)C(=O)Cn2c3c(cnc(n3)c4ccccc4)n(c2=O)CC(F)F
R3,emap3_Bn-3CF3_CH2CH2CH2CHF2,CCN(Cc1cc(C(F)(F)F)ccc1)C(=O)Cn2c3c(cnc(n3)c4ccccc4)n(c2=O)CCC(F)F
R3,emap3_Bn-3CF3_CH2CF3,CCN(Cc1cc(C(F)(F)F)ccc1)C(=O)Cn2c3c(cnc(n3)c4ccccc4)n(c2=O)C(F)(F)F
R3,emap3_Bn-3CF3_CH2CH2CF3,CCN(Cc1cc(C(F)(F)F)ccc1)C(=O)Cn2c3c(cnc(n3)c4ccccc4)n(c2=O)CC(F)(F)F
R3,emap3_Bn-3CF3_CH2CH2CH2CF3,CCN(Cc1cc(C(F)(F)F)ccc1)C(=O)Cn2c3c(cnc(n3)c4ccccc4)n(c2=O)CCC(F)(F)F
R3,emap3_Bn-3CF3_OCH2F,CCN(Cc1cc(C(F)(F)F)ccc1)C(=O)Cn2c3c(cnc(n3)c4ccccc4)n(c2=O)COF
R3,emap3_Bn-3CF3_OCH2CHF2,CCN(Cc1cc(C(F)(F)F)ccc1)C(=O)Cn2c3c(cnc(n3)c4ccccc4)n(c2=O)COC(F)F
R3,emap3_Bn-3CF3_OCH2CF3,CCN(Cc1cc(C(F)(F)F)ccc1)C(=O)Cn2c3c(cnc(n3)c4ccccc4)n(c2=O)COC(F)(F)F
R3,emap3_Bn-3CF3_OCH2CH2F,CCN(Cc1cc(C(F)(F)F)ccc1)C(=O)Cn2c3c(cnc(n3)c4ccccc4)n(c2=O)COCF
R3,emap3_Bn-3CF3_OCH2CH2CF3,CCN(Cc1cc(C(F)(F)F)ccc1)C(=O)Cn2c3c(cnc(n3)c4ccccc4)n(c2=O)COCC(F)(F)F
R3,emap3_Bn-3CF3_OCH2CH2CHF2,CCN(Cc1cc(C(F)(F)F)ccc1)C(=O)Cn2c3c(cnc(n3)c4ccccc4)n(c2=O)COCC(F)F
R3,emap3_Bn-3CF3_OCH2CH2CH2F,CCN(Cc1cc(C(F)(F)F)ccc1)C(=O)Cn2c3c(cnc(n3)c4ccccc4)n(c2=O)COCCF
R3,emap3_Bn-3CF3_OCH2CH2CH2CF3,CCN(Cc1cc(C(F)(F)F)ccc1)C(=O)Cn2c3c(cnc(n3)c4ccccc4)n(c2=O)COCCC(F)(F)F
R3,emap3_Bn-3CF3_CH2SiMe3,CCN(Cc1cc(C(F)(F)F)ccc1)C(=O)Cn2c3c(cnc(n3)c4ccccc4)n(c2=O)C[Si](C)(C)C
R3,emap3_Bn-3CF3_CH2CH2SiMe3,CCN(Cc1cc(C(F)(F)F)ccc1)C(=O)Cn2c3c(cnc(n3)c4ccccc4)n(c2=O)CC[Si](C)(C)C
R3,emap3_Bn-3CF3_OSiMe3,CCN(Cc1cc(C(F)(F)F)ccc1)C(=O)Cn2c3c(cnc(n3)c4ccccc4)n(c2=O)O[Si](C)(C)C
R3,emap3_Bn-3CF3_CH2SiEt3,CCN(Cc1cc(C(F)(F)F)ccc1)C(=O)Cn2c3c(cnc(n3)c4ccccc4)n(c2=O)C[Si](CC)(CC)CC
R3,emap3_Bn-3CF3_tBu,CCN(Cc1cc(C(F)(F)F)ccc1)C(=O)Cn2c3c(cnc(n3)c4ccccc4)n(c2=O)C(C)(C)C
R3,emap3_Bn-3CF3_BnCH2,CCN(Cc1cc(C(F)(F)F)ccc1)C(=O)Cn2c3c(cnc(n3)c4ccccc4)n(c2=O)Cc1ccccc1C
R3,emap3_Bn-3CF3_PhCH2F,CCN(Cc1cc(C(F)(F)F)ccc1)C(=O)Cn2c3c(cnc(n3)c4ccccc4)n(c2=O)c1ccccc1CF
R3,emap3_Bn-3CF3_OCH2CF2H,CCN(Cc1cc(C(F)(F)F)ccc1)C(=O)Cn2c3c(cnc(n3)c4ccccc4)n(c2=O)COC(F)F
R3,emap3_Bn-3CF3_OCH2CH2CF2H,CCN(Cc1cc(C(F)(F)F)ccc1)C(=O)Cn2c3c(cnc(n3)c4ccccc4)n(c2=O)COCC(F)F
R3,emap3_Bn-3CF3_CH2CF2H,CCN(Cc1cc(C(F)(F)F)ccc1)C(=O)Cn2c3c(cnc(n3)c4ccccc4)n(c2=O)C(F)F
R3,emap3_Bn-3CF3_CH2CH2CF2H,CCN(Cc1cc(C(F)(F)F)ccc1)C(=O)Cn2c3c(cnc(n3)c4ccccc4)n(c2=O)CC(F)F
R3,emap3_Bn-3CF3_OCH2CH2CH2CHF2,CCN(Cc1cc(C(F)(F)F)ccc1)C(=O)Cn2c3c(cnc(n3)c4ccccc4)n(c2=O)COCCC(F)F
R3,emap3_Bn-3CF3_CH2CH2CF2CF3,CCN(Cc1cc(C(F)(F)F)ccc1)C(=O)Cn2c3c(cnc(n3)c4ccccc4)n(c2=O)CC(F)C(F)(F)F
R3,emap3_Bn-3CF3_CH2CF2CF3,CCN(Cc1cc(C(F)(F)F)ccc1)C(=O)Cn2c3c(cnc(n3)c4ccccc4)n(c2=O)C(F)C(F)(F)F
R3,emap3_Bn-3CF3_CH2CH2CH2CF2CF3,CCN(Cc1cc(C(F)(F)F)ccc1)C(=O)Cn2c3c(cnc(n3)c4ccccc4)n(c2=O)CCC(F)C(F)(F)F
R3,emap3_Bn-3CF3_CH2CH2CF2CH3,CCN(Cc1cc(C(F)(F)F)ccc1)C(=O)Cn2c3c(cnc(n3)c4ccccc4)n(c2=O)CC(F)C
R3,emap3_Bn-3CF3_OCH2CF2CF3,CCN(Cc1cc(C(F)(F)F)ccc1)C(=O)Cn2c3c(cnc(n3)c4ccccc4)n(c2=O)COC(F)C(F)(F)F
R3,emap3_Bn-3CF3_OCH2CF2CH3,CCN(Cc1cc(C(F)(F)F)ccc1)C(=O)Cn2c3c(cnc(n3)c4ccccc4)n(c2=O)COC(F)C
R3,emap3_Bn-3CF3_OCH2CH2CF2CF3,CCN(Cc1cc(C(F)(F)F)ccc1)C(=O)Cn2c3c(cnc(n3)c4ccccc4)n(c2=O)COCC(F)C(F)(F)F
R3,emap3_Bn-3CF3_CH2CF2CH2F,CCN(Cc1cc(C(F)(F)F)ccc1)C(=O)Cn2c3c(cnc(n3)c4ccccc4)n(c2=O)C(F)CF
R3,emap3_Bn-3CF3_CH2CH2CF2CH2F,CCN(Cc1cc(C(F)(F)F)ccc1)C(=O)Cn2c3c(cnc(n3)c4ccccc4)n(c2=O)CC(F)CF
R3,emap3_Bn-3CF3_OCH2CF2CH2F,CCN(Cc1cc(C(F)(F)F)ccc1)C(=O)Cn2c3c(cnc(n3)c4ccccc4)n(c2=O)COC(F)CF
R3,emap3_Bn-3CF3_CH2CH2CF2CH2CHF2,CCN(Cc1cc(C(F)(F)F)ccc1)C(=O)Cn2c3c(cnc(n3)c4ccccc4)n(c2=O)CC(F)C(F)F
R3,emap3_Bn-3CF3_CH2CH2CF2CH2CF3,CCN(Cc1cc(C(F)(F)F)ccc1)C(=O)Cn2c3c(cnc(n3)c4ccccc4)n(c2=O)CC(F)C(F)(F)F
R3,emap3_Bn-3CF3_OCH2CH2CF2CH2F,CCN(Cc1cc(C(F)(F)F)ccc1)C(=O)Cn2c3c(cnc(n3)c4ccccc4)n(c2=O)COCC(F)CF
R3,emap3_Bn-3CF3_CH2CH2CF2CH2CH2F,CCN(Cc1cc(C(F)(F)F)ccc1)C(=O)Cn2c3c(cnc(n3)c4ccccc4)n(c2=O)CC(F)CCF
R3,emap3_Bn-3CF3_CH2CF2CH2CH2F,CCN(Cc1cc(C(F)(F)F)ccc1)C(=O)Cn2c3c(cnc(n3)c4ccccc4)n(c2=O)C(F)CCF
R3,emap3_Bn-3CF3_CH2CF2CH2CHF2,CCN(Cc1cc(C(F)(F)F)ccc1)C(=O)Cn2c3c(cnc(n3)c4ccccc4)n(c2=O)C(F)C(F)F
R3,emap3_Bn-3CF3_CH2CF2CH2CF3,CCN(Cc1cc(C(F)(F)F)ccc1)C(=O)Cn2c3c(cnc(n3)c4ccccc4)n(c2=O)C(F)C(F)(F)F
R3,emap3_Bn-3CF3_OCH2CF2CH2CH2F,CCN(Cc1cc(C(F)(F)F)ccc1)C(=O)Cn2c3c(cnc(n3)c4ccccc4)n(c2=O)COC(F)CCF
R3,emap3_Bn-3CF3_OCH2CH2CF2CH2CH2F,CCN(Cc1cc(C(F)(F)F)ccc1)C(=O)Cn2c3c(cnc(n3)c4ccccc4)n(c2=O)COCC(F)CCF
R3,emap3_Bn-3CF3_CH2CH2CF2CH2CH2CHF2,CCN(Cc1cc(C(F)(F)F)ccc1)C(=O)Cn2c3c(cnc(n3)c4ccccc4)n(c2=O)CC(F)CC(F)F
R3,emap3_Bn-3CF3_CH2CH2CF2CH2CH2CF3,CCN(Cc1cc(C(F)(F)F)ccc1)C(=O)Cn2c3c(cnc(n3)c4ccccc4)n(c2=O)CC(F)CC(F)(F)F
R3,emap3_Bn-4CF2H_Me,CCN(Cc1ccc(C(F)F)cc1)C(=O)Cn2c3c(cnc(n3)c4ccccc4)n(c2=O)C
R3,emap3_Bn-4CF2H_Et,CCN(Cc1ccc(C(F)F)cc1)C(=O)Cn2c3c(cnc(n3)c4ccccc4)n(c2=O)CC
R3,emap3_Bn-4CF2H_nPr,CCN(Cc1ccc(C(F)F)cc1)C(=O)Cn2c3c(cnc(n3)c4ccccc4)n(c2=O)CCC
R3,emap3_Bn-4CF2H_nBu,CCN(Cc1ccc(C(F)F)cc1)C(=O)Cn2c3c(cnc(n3)c4ccccc4)n(c2=O)CCCC
R3,emap3_Bn-4CF2H_CH2F,CCN(Cc1ccc(C(F)F)cc1)C(=O)Cn2c3c(cnc(n3)c4ccccc4)n(c2=O)CF
R3,emap3_Bn-4CF2H_CH2CH2F,CCN(Cc1ccc(C(F)F)cc1)C(=O)Cn2c3c(cnc(n3)c4ccccc4)n(c2=O)CCF
R3,emap3_Bn-4CF2H_CH2CH2CH2F,CCN(Cc1ccc(C(F)F)cc1)C(=O)Cn2c3c(cnc(n3)c4ccccc4)n(c2=O)CCCF
R3,emap3_Bn-4CF2H_CH2CHF2,CCN(Cc1ccc(C(F)F)cc1)C(=O)Cn2c3c(cnc(n3)c4ccccc4)n(c2=O)C(F)F
R3,emap3_Bn-4CF2H_CH2CH2CHF2,CCN(Cc1ccc(C(F)F)cc1)C(=O)Cn2c3c(cnc(n3)c4ccccc4)n(c2=O)CC(F)F
R3,emap3_Bn-4CF2H_CH2CH2CH2CHF2,CCN(Cc1ccc(C(F)F)cc1)C(=O)Cn2c3c(cnc(n3)c4ccccc4)n(c2=O)CCC(F)F
R3,emap3_Bn-4CF2H_CH2CF3,CCN(Cc1ccc(C(F)F)cc1)C(=O)Cn2c3c(cnc(n3)c4ccccc4)n(c2=O)C(F)(F)F
R3,emap3_Bn-4CF2H_CH2CH2CF3,CCN(Cc1ccc(C(F)F)cc1)C(=O)Cn2c3c(cnc(n3)c4ccccc4)n(c2=O)CC(F)(F)F
R3,emap3_Bn-4CF2H_CH2CH2CH2CF3,CCN(Cc1ccc(C(F)F)cc1)C(=O)Cn2c3c(cnc(n3)c4ccccc4)n(c2=O)CCC(F)(F)F
R3,emap3_Bn-4CF2H_OCH2F,CCN(Cc1ccc(C(F)F)cc1)C(=O)Cn2c3c(cnc(n3)c4ccccc4)n(c2=O)COF
R3,emap3_Bn-4CF2H_OCH2CHF2,CCN(Cc1ccc(C(F)F)cc1)C(=O)Cn2c3c(cnc(n3)c4ccccc4)n(c2=O)COC(F)F
R3,emap3_Bn-4CF2H_OCH2CF3,CCN(Cc1ccc(C(F)F)cc1)C(=O)Cn2c3c(cnc(n3)c4ccccc4)n(c2=O)COC(F)(F)F
R3,emap3_Bn-4CF2H_OCH2CH2F,CCN(Cc1ccc(C(F)F)cc1)C(=O)Cn2c3c(cnc(n3)c4ccccc4)n(c2=O)COCF
R3,emap3_Bn-4CF2H_OCH2CH2CF3,CCN(Cc1ccc(C(F)F)cc1)C(=O)Cn2c3c(cnc(n3)c4ccccc4)n(c2=O)COCC(F)(F)F
R3,emap3_Bn-4CF2H_OCH2CH2CHF2,CCN(Cc1ccc(C(F)F)cc1)C(=O)Cn2c3c(cnc(n3)c4ccccc4)n(c2=O)COCC(F)F
R3,emap3_Bn-4CF2H_OCH2CH2CH2F,CCN(Cc1ccc(C(F)F)cc1)C(=O)Cn2c3c(cnc(n3)c4ccccc4)n(c2=O)COCCF
R3,emap3_Bn-4CF2H_OCH2CH2CH2CF3,CCN(Cc1ccc(C(F)F)cc1)C(=O)Cn2c3c(cnc(n3)c4ccccc4)n(c2=O)COCCC(F)(F)F
R3,emap3_Bn-4CF2H_CH2SiMe3,CCN(Cc1ccc(C(F)F)cc1)C(=O)Cn2c3c(cnc(n3)c4ccccc4)n(c2=O)C[Si](C)(C)C
R3,emap3_Bn-4CF2H_CH2CH2SiMe3,CCN(Cc1ccc(C(F)F)cc1)C(=O)Cn2c3c(cnc(n3)c4ccccc4)n(c2=O)CC[Si](C)(C)C
R3,emap3_Bn-4CF2H_OSiMe3,CCN(Cc1ccc(C(F)F)cc1)C(=O)Cn2c3c(cnc(n3)c4ccccc4)n(c2=O)O[Si](C)(C)C
R3,emap3_Bn-4CF2H_CH2SiEt3,CCN(Cc1ccc(C(F)F)cc1)C(=O)Cn2c3c(cnc(n3)c4ccccc4)n(c2=O)C[Si](CC)(CC)CC
R3,emap3_Bn-4CF2H_tBu,CCN(Cc1ccc(C(F)F)cc1)C(=O)Cn2c3c(cnc(n3)c4ccccc4)n(c2=O)C(C)(C)C
R3,emap3_Bn-4CF2H_BnCH2,CCN(Cc1ccc(C(F)F)cc1)C(=O)Cn2c3c(cnc(n3)c4ccccc4)n(c2=O)Cc1ccccc1C
R3,emap3_Bn-4CF2H_PhCH2F,CCN(Cc1ccc(C(F)F)cc1)C(=O)Cn2c3c(cnc(n3)c4ccccc4)n(c2=O)c1ccccc1CF
R3,emap3_Bn-4CF2H_OCH2CF2H,CCN(Cc1ccc(C(F)F)cc1)C(=O)Cn2c3c(cnc(n3)c4ccccc4)n(c2=O)COC(F)F
R3,emap3_Bn-4CF2H_OCH2CH2CF2H,CCN(Cc1ccc(C(F)F)cc1)C(=O)Cn2c3c(cnc(n3)c4ccccc4)n(c2=O)COCC(F)F
R3,emap3_Bn-4CF2H_CH2CF2H,CCN(Cc1ccc(C(F)F)cc1)C(=O)Cn2c3c(cnc(n3)c4ccccc4)n(c2=O)C(F)F
R3,emap3_Bn-4CF2H_CH2CH2CF2H,CCN(Cc1ccc(C(F)F)cc1)C(=O)Cn2c3c(cnc(n3)c4ccccc4)n(c2=O)CC(F)F
R3,emap3_Bn-4CF2H_OCH2CH2CH2CHF2,CCN(Cc1ccc(C(F)F)cc1)C(=O)Cn2c3c(cnc(n3)c4ccccc4)n(c2=O)COCCC(F)F
R3,emap3_Bn-4CF2H_CH2CH2CF2CF3,CCN(Cc1ccc(C(F)F)cc1)C(=O)Cn2c3c(cnc(n3)c4ccccc4)n(c2=O)CC(F)C(F)(F)F
R3,emap3_Bn-4CF2H_CH2CF2CF3,CCN(Cc1ccc(C(F)F)cc1)C(=O)Cn2c3c(cnc(n3)c4ccccc4)n(c2=O)C(F)C(F)(F)F
R3,emap3_Bn-4CF2H_CH2CH2CH2CF2CF3,CCN(Cc1ccc(C(F)F)cc1)C(=O)Cn2c3c(cnc(n3)c4ccccc4)n(c2=O)CCC(F)C(F)(F)F
R3,emap3_Bn-4CF2H_CH2CH2CF2CH3,CCN(Cc1ccc(C(F)F)cc1)C(=O)Cn2c3c(cnc(n3)c4ccccc4)n(c2=O)CC(F)C
R3,emap3_Bn-4CF2H_OCH2CF2CF3,CCN(Cc1ccc(C(F)F)cc1)C(=O)Cn2c3c(cnc(n3)c4ccccc4)n(c2=O)COC(F)C(F)(F)F
R3,emap3_Bn-4CF2H_OCH2CF2CH3,CCN(Cc1ccc(C(F)F)cc1)C(=O)Cn2c3c(cnc(n3)c4ccccc4)n(c2=O)COC(F)C
R3,emap3_Bn-4CF2H_OCH2CH2CF2CF3,CCN(Cc1ccc(C(F)F)cc1)C(=O)Cn2c3c(cnc(n3)c4ccccc4)n(c2=O)COCC(F)C(F)(F)F
R3,emap3_Bn-4CF2H_CH2CF2CH2F,CCN(Cc1ccc(C(F)F)cc1)C(=O)Cn2c3c(cnc(n3)c4ccccc4)n(c2=O)C(F)CF
R3,emap3_Bn-4CF2H_CH2CH2CF2CH2F,CCN(Cc1ccc(C(F)F)cc1)C(=O)Cn2c3c(cnc(n3)c4ccccc4)n(c2=O)CC(F)CF
R3,emap3_Bn-4CF2H_OCH2CF2CH2F,CCN(Cc1ccc(C(F)F)cc1)C(=O)Cn2c3c(cnc(n3)c4ccccc4)n(c2=O)COC(F)CF
R3,emap3_Bn-4CF2H_CH2CH2CF2CH2CHF2,CCN(Cc1ccc(C(F)F)cc1)C(=O)Cn2c3c(cnc(n3)c4ccccc4)n(c2=O)CC(F)C(F)F
R3,emap3_Bn-4CF2H_CH2CH2CF2CH2CF3,CCN(Cc1ccc(C(F)F)cc1)C(=O)Cn2c3c(cnc(n3)c4ccccc4)n(c2=O)CC(F)C(F)(F)F
R3,emap3_Bn-4CF2H_OCH2CH2CF2CH2F,CCN(Cc1ccc(C(F)F)cc1)C(=O)Cn2c3c(cnc(n3)c4ccccc4)n(c2=O)COCC(F)CF
R3,emap3_Bn-4CF2H_CH2CH2CF2CH2CH2F,CCN(Cc1ccc(C(F)F)cc1)C(=O)Cn2c3c(cnc(n3)c4ccccc4)n(c2=O)CC(F)CCF
R3,emap3_Bn-4CF2H_CH2CF2CH2CH2F,CCN(Cc1ccc(C(F)F)cc1)C(=O)Cn2c3c(cnc(n3)c4ccccc4)n(c2=O)C(F)CCF
R3,emap3_Bn-4CF2H_CH2CF2CH2CHF2,CCN(Cc1ccc(C(F)F)cc1)C(=O)Cn2c3c(cnc(n3)c4ccccc4)n(c2=O)C(F)C(F)F
R3,emap3_Bn-4CF2H_CH2CF2CH2CF3,CCN(Cc1ccc(C(F)F)cc1)C(=O)Cn2c3c(cnc(n3)c4ccccc4)n(c2=O)C(F)C(F)(F)F
R3,emap3_Bn-4CF2H_OCH2CF2CH2CH2F,CCN(Cc1ccc(C(F)F)cc1)C(=O)Cn2c3c(cnc(n3)c4ccccc4)n(c2=O)COC(F)CCF
R3,emap3_Bn-4CF2H_OCH2CH2CF2CH2CH2F,CCN(Cc1ccc(C(F)F)cc1)C(=O)Cn2c3c(cnc(n3)c4ccccc4)n(c2=O)COCC(F)CCF
R3,emap3_Bn-4CF2H_CH2CH2CF2CH2CH2CHF2,CCN(Cc1ccc(C(F)F)cc1)C(=O)Cn2c3c(cnc(n3)c4ccccc4)n(c2=O)CC(F)CC(F)F
R3,emap3_Bn-4CF2H_CH2CH2CF2CH2CH2CF3,CCN(Cc1ccc(C(F)F)cc1)C(=O)Cn2c3c(cnc(n3)c4ccccc4)n(c2=O)CC(F)CC(F)(F)F
R3,"emap3_Bn-3,5diF_Me",CCN(Cc1c(F)cc(F)cc1)C(=O)Cn2c3c(cnc(n3)c4ccccc4)n(c2=O)C
R3,"emap3_Bn-3,5diF_Et",CCN(Cc1c(F)cc(F)cc1)C(=O)Cn2c3c(cnc(n3)c4ccccc4)n(c2=O)CC
R3,"emap3_Bn-3,5diF_nPr",CCN(Cc1c(F)cc(F)cc1)C(=O)Cn2c3c(cnc(n3)c4ccccc4)n(c2=O)CCC
R3,"emap3_Bn-3,5diF_nBu",CCN(Cc1c(F)cc(F)cc1)C(=O)Cn2c3c(cnc(n3)c4ccccc4)n(c2=O)CCCC
R3,"emap3_Bn-3,5diF_CH2F",CCN(Cc1c(F)cc(F)cc1)C(=O)Cn2c3c(cnc(n3)c4ccccc4)n(c2=O)CF
R3,"emap3_Bn-3,5diF_CH2CH2F",CCN(Cc1c(F)cc(F)cc1)C(=O)Cn2c3c(cnc(n3)c4ccccc4)n(c2=O)CCF
R3,"emap3_Bn-3,5diF_CH2CH2CH2F",CCN(Cc1c(F)cc(F)cc1)C(=O)Cn2c3c(cnc(n3)c4ccccc4)n(c2=O)CCCF
R3,"emap3_Bn-3,5diF_CH2CHF2",CCN(Cc1c(F)cc(F)cc1)C(=O)Cn2c3c(cnc(n3)c4ccccc4)n(c2=O)C(F)F
R3,"emap3_Bn-3,5diF_CH2CH2CHF2",CCN(Cc1c(F)cc(F)cc1)C(=O)Cn2c3c(cnc(n3)c4ccccc4)n(c2=O)CC(F)F
R3,"emap3_Bn-3,5diF_CH2CH2CH2CHF2",CCN(Cc1c(F)cc(F)cc1)C(=O)Cn2c3c(cnc(n3)c4ccccc4)n(c2=O)CCC(F)F
R3,"emap3_Bn-3,5diF_CH2CF3",CCN(Cc1c(F)cc(F)cc1)C(=O)Cn2c3c(cnc(n3)c4ccccc4)n(c2=O)C(F)(F)F
R3,"emap3_Bn-3,5diF_CH2CH2CF3",CCN(Cc1c(F)cc(F)cc1)C(=O)Cn2c3c(cnc(n3)c4ccccc4)n(c2=O)CC(F)(F)F
R3,"emap3_Bn-3,5diF_CH2CH2CH2CF3",CCN(Cc1c(F)cc(F)cc1)C(=O)Cn2c3c(cnc(n3)c4ccccc4)n(c2=O)CCC(F)(F)F
R3,"emap3_Bn-3,5diF_OCH2F",CCN(Cc1c(F)cc(F)cc1)C(=O)Cn2c3c(cnc(n3)c4ccccc4)n(c2=O)COF
R3,"emap3_Bn-3,5diF_OCH2CHF2",CCN(Cc1c(F)cc(F)cc1)C(=O)Cn2c3c(cnc(n3)c4ccccc4)n(c2=O)COC(F)F
R3,"emap3_Bn-3,5diF_OCH2CF3",CCN(Cc1c(F)cc(F)cc1)C(=O)Cn2c3c(cnc(n3)c4ccccc4)n(c2=O)COC(F)(F)F
R3,"emap3_Bn-3,5diF_OCH2CH2F",CCN(Cc1c(F)cc(F)cc1)C(=O)Cn2c3c(cnc(n3)c4ccccc4)n(c2=O)COCF
R3,"emap3_Bn-3,5diF_OCH2CH2CF3",CCN(Cc1c(F)cc(F)cc1)C(=O)Cn2c3c(cnc(n3)c4ccccc4)n(c2=O)COCC(F)(F)F
R3,"emap3_Bn-3,5diF_OCH2CH2CHF2",CCN(Cc1c(F)cc(F)cc1)C(=O)Cn2c3c(cnc(n3)c4ccccc4)n(c2=O)COCC(F)F
R3,"emap3_Bn-3,5diF_OCH2CH2CH2F",CCN(Cc1c(F)cc(F)cc1)C(=O)Cn2c3c(cnc(n3)c4ccccc4)n(c2=O)COCCF
R3,"emap3_Bn-3,5diF_OCH2CH2CH2CF3",CCN(Cc1c(F)cc(F)cc1)C(=O)Cn2c3c(cnc(n3)c4ccccc4)n(c2=O)COCCC(F)(F)F
R3,"emap3_Bn-3,5diF_CH2SiMe3",CCN(Cc1c(F)cc(F)cc1)C(=O)Cn2c3c(cnc(n3)c4ccccc4)n(c2=O)C[Si](C)(C)C
R3,"emap3_Bn-3,5diF_CH2CH2SiMe3",CCN(Cc1c(F)cc(F)cc1)C(=O)Cn2c3c(cnc(n3)c4ccccc4)n(c2=O)CC[Si](C)(C)C
R3,"emap3_Bn-3,5diF_OSiMe3",CCN(Cc1c(F)cc(F)cc1)C(=O)Cn2c3c(cnc(n3)c4ccccc4)n(c2=O)O[Si](C)(C)C
R3,"emap3_Bn-3,5diF_CH2SiEt3",CCN(Cc1c(F)cc(F)cc1)C(=O)Cn2c3c(cnc(n3)c4ccccc4)n(c2=O)C[Si](CC)(CC)CC
R3,"emap3_Bn-3,5diF_tBu",CCN(Cc1c(F)cc(F)cc1)C(=O)Cn2c3c(cnc(n3)c4ccccc4)n(c2=O)C(C)(C)C
R3,"emap3_Bn-3,5diF_BnCH2",CCN(Cc1c(F)cc(F)cc1)C(=O)Cn2c3c(cnc(n3)c4ccccc4)n(c2=O)Cc1ccccc1C
R3,"emap3_Bn-3,5diF_PhCH2F",CCN(Cc1c(F)cc(F)cc1)C(=O)Cn2c3c(cnc(n3)c4ccccc4)n(c2=O)c1ccccc1CF
R3,"emap3_Bn-3,5diF_OCH2CF2H",CCN(Cc1c(F)cc(F)cc1)C(=O)Cn2c3c(cnc(n3)c4ccccc4)n(c2=O)COC(F)F
R3,"emap3_Bn-3,5diF_OCH2CH2CF2H",CCN(Cc1c(F)cc(F)cc1)C(=O)Cn2c3c(cnc(n3)c4ccccc4)n(c2=O)COCC(F)F
R3,"emap3_Bn-3,5diF_CH2CF2H",CCN(Cc1c(F)cc(F)cc1)C(=O)Cn2c3c(cnc(n3)c4ccccc4)n(c2=O)C(F)F
R3,"emap3_Bn-3,5diF_CH2CH2CF2H",CCN(Cc1c(F)cc(F)cc1)C(=O)Cn2c3c(cnc(n3)c4ccccc4)n(c2=O)CC(F)F
R3,"emap3_Bn-3,5diF_OCH2CH2CH2CHF2",CCN(Cc1c(F)cc(F)cc1)C(=O)Cn2c3c(cnc(n3)c4ccccc4)n(c2=O)COCCC(F)F
R3,"emap3_Bn-3,5diF_CH2CH2CF2CF3",CCN(Cc1c(F)cc(F)cc1)C(=O)Cn2c3c(cnc(n3)c4ccccc4)n(c2=O)CC(F)C(F)(F)F
R3,"emap3_Bn-3,5diF_CH2CF2CF3",CCN(Cc1c(F)cc(F)cc1)C(=O)Cn2c3c(cnc(n3)c4ccccc4)n(c2=O)C(F)C(F)(F)F
R3,"emap3_Bn-3,5diF_CH2CH2CH2CF2CF3",CCN(Cc1c(F)cc(F)cc1)C(=O)Cn2c3c(cnc(n3)c4ccccc4)n(c2=O)CCC(F)C(F)(F)F
R3,"emap3_Bn-3,5diF_CH2CH2CF2CH3",CCN(Cc1c(F)cc(F)cc1)C(=O)Cn2c3c(cnc(n3)c4ccccc4)n(c2=O)CC(F)C
R3,"emap3_Bn-3,5diF_OCH2CF2CF3",CCN(Cc1c(F)cc(F)cc1)C(=O)Cn2c3c(cnc(n3)c4ccccc4)n(c2=O)COC(F)C(F)(F)F
R3,"emap3_Bn-3,5diF_OCH2CF2CH3",CCN(Cc1c(F)cc(F)cc1)C(=O)Cn2c3c(cnc(n3)c4ccccc4)n(c2=O)COC(F)C
R3,"emap3_Bn-3,5diF_OCH2CH2CF2CF3",CCN(Cc1c(F)cc(F)cc1)C(=O)Cn2c3c(cnc(n3)c4ccccc4)n(c2=O)COCC(F)C(F)(F)F
R3,"emap3_Bn-3,5diF_CH2CF2CH2F",CCN(Cc1c(F)cc(F)cc1)C(=O)Cn2c3c(cnc(n3)c4ccccc4)n(c2=O)C(F)CF
R3,"emap3_Bn-3,5diF_CH2CH2CF2CH2F",CCN(Cc1c(F)cc(F)cc1)C(=O)Cn2c3c(cnc(n3)c4ccccc4)n(c2=O)CC(F)CF
R3,"emap3_Bn-3,5diF_OCH2CF2CH2F",CCN(Cc1c(F)cc(F)cc1)C(=O)Cn2c3c(cnc(n3)c4ccccc4)n(c2=O)COC(F)CF
R3,"emap3_Bn-3,5diF_CH2CH2CF2CH2CHF2",CCN(Cc1c(F)cc(F)cc1)C(=O)Cn2c3c(cnc(n3)c4ccccc4)n(c2=O)CC(F)C(F)F
R3,"emap3_Bn-3,5diF_CH2CH2CF2CH2CF3",CCN(Cc1c(F)cc(F)cc1)C(=O)Cn2c3c(cnc(n3)c4ccccc4)n(c2=O)CC(F)C(F)(F)F
R3,"emap3_Bn-3,5diF_OCH2CH2CF2CH2F",CCN(Cc1c(F)cc(F)cc1)C(=O)Cn2c3c(cnc(n3)c4ccccc4)n(c2=O)COCC(F)CF
R3,"emap3_Bn-3,5diF_CH2CH2CF2CH2CH2F",CCN(Cc1c(F)cc(F)cc1)C(=O)Cn2c3c(cnc(n3)c4ccccc4)n(c2=O)CC(F)CCF
R3,"emap3_Bn-3,5diF_CH2CF2CH2CH2F",CCN(Cc1c(F)cc(F)cc1)C(=O)Cn2c3c(cnc(n3)c4ccccc4)n(c2=O)C(F)CCF
R3,"emap3_Bn-3,5diF_CH2CF2CH2CHF2",CCN(Cc1c(F)cc(F)cc1)C(=O)Cn2c3c(cnc(n3)c4ccccc4)n(c2=O)C(F)C(F)F
R3,"emap3_Bn-3,5diF_CH2CF2CH2CF3",CCN(Cc1c(F)cc(F)cc1)C(=O)Cn2c3c(cnc(n3)c4ccccc4)n(c2=O)C(F)C(F)(F)F
R3,"emap3_Bn-3,5diF_OCH2CF2CH2CH2F",CCN(Cc1c(F)cc(F)cc1)C(=O)Cn2c3c(cnc(n3)c4ccccc4)n(c2=O)COC(F)CCF
R3,"emap3_Bn-3,5diF_OCH2CH2CF2CH2CH2F",CCN(Cc1c(F)cc(F)cc1)C(=O)Cn2c3c(cnc(n3)c4ccccc4)n(c2=O)COCC(F)CCF
R3,"emap3_Bn-3,5diF_CH2CH2CF2CH2CH2CHF2",CCN(Cc1c(F)cc(F)cc1)C(=O)Cn2c3c(cnc(n3)c4ccccc4)n(c2=O)CC(F)CC(F)F
R3,"emap3_Bn-3,5diF_CH2CH2CF2CH2CH2CF3",CCN(Cc1c(F)cc(F)cc1)C(=O)Cn2c3c(cnc(n3)c4ccccc4)n(c2=O)CC(F)CC(F)(F)F
R3,"emap3_Bn-3,4diF_Me",CCN(Cc1c(F)ccc(F)c1)C(=O)Cn2c3c(cnc(n3)c4ccccc4)n(c2=O)C
R3,"emap3_Bn-3,4diF_Et",CCN(Cc1c(F)ccc(F)c1)C(=O)Cn2c3c(cnc(n3)c4ccccc4)n(c2=O)CC
R3,"emap3_Bn-3,4diF_nPr",CCN(Cc1c(F)ccc(F)c1)C(=O)Cn2c3c(cnc(n3)c4ccccc4)n(c2=O)CCC
R3,"emap3_Bn-3,4diF_nBu",CCN(Cc1c(F)ccc(F)c1)C(=O)Cn2c3c(cnc(n3)c4ccccc4)n(c2=O)CCCC
R3,"emap3_Bn-3,4diF_CH2F",CCN(Cc1c(F)ccc(F)c1)C(=O)Cn2c3c(cnc(n3)c4ccccc4)n(c2=O)CF
R3,"emap3_Bn-3,4diF_CH2CH2F",CCN(Cc1c(F)ccc(F)c1)C(=O)Cn2c3c(cnc(n3)c4ccccc4)n(c2=O)CCF
R3,"emap3_Bn-3,4diF_CH2CH2CH2F",CCN(Cc1c(F)ccc(F)c1)C(=O)Cn2c3c(cnc(n3)c4ccccc4)n(c2=O)CCCF
R3,"emap3_Bn-3,4diF_CH2CHF2",CCN(Cc1c(F)ccc(F)c1)C(=O)Cn2c3c(cnc(n3)c4ccccc4)n(c2=O)C(F)F
R3,"emap3_Bn-3,4diF_CH2CH2CHF2",CCN(Cc1c(F)ccc(F)c1)C(=O)Cn2c3c(cnc(n3)c4ccccc4)n(c2=O)CC(F)F
R3,"emap3_Bn-3,4diF_CH2CH2CH2CHF2",CCN(Cc1c(F)ccc(F)c1)C(=O)Cn2c3c(cnc(n3)c4ccccc4)n(c2=O)CCC(F)F
R3,"emap3_Bn-3,4diF_CH2CF3",CCN(Cc1c(F)ccc(F)c1)C(=O)Cn2c3c(cnc(n3)c4ccccc4)n(c2=O)C(F)(F)F
R3,"emap3_Bn-3,4diF_CH2CH2CF3",CCN(Cc1c(F)ccc(F)c1)C(=O)Cn2c3c(cnc(n3)c4ccccc4)n(c2=O)CC(F)(F)F
R3,"emap3_Bn-3,4diF_CH2CH2CH2CF3",CCN(Cc1c(F)ccc(F)c1)C(=O)Cn2c3c(cnc(n3)c4ccccc4)n(c2=O)CCC(F)(F)F
R3,"emap3_Bn-3,4diF_OCH2F",CCN(Cc1c(F)ccc(F)c1)C(=O)Cn2c3c(cnc(n3)c4ccccc4)n(c2=O)COF
R3,"emap3_Bn-3,4diF_OCH2CHF2",CCN(Cc1c(F)ccc(F)c1)C(=O)Cn2c3c(cnc(n3)c4ccccc4)n(c2=O)COC(F)F
R3,"emap3_Bn-3,4diF_OCH2CF3",CCN(Cc1c(F)ccc(F)c1)C(=O)Cn2c3c(cnc(n3)c4ccccc4)n(c2=O)COC(F)(F)F
R3,"emap3_Bn-3,4diF_OCH2CH2F",CCN(Cc1c(F)ccc(F)c1)C(=O)Cn2c3c(cnc(n3)c4ccccc4)n(c2=O)COCF
R3,"emap3_Bn-3,4diF_OCH2CH2CF3",CCN(Cc1c(F)ccc(F)c1)C(=O)Cn2c3c(cnc(n3)c4ccccc4)n(c2=O)COCC(F)(F)F
R3,"emap3_Bn-3,4diF_OCH2CH2CHF2",CCN(Cc1c(F)ccc(F)c1)C(=O)Cn2c3c(cnc(n3)c4ccccc4)n(c2=O)COCC(F)F
R3,"emap3_Bn-3,4diF_OCH2CH2CH2F",CCN(Cc1c(F)ccc(F)c1)C(=O)Cn2c3c(cnc(n3)c4ccccc4)n(c2=O)COCCF
R3,"emap3_Bn-3,4diF_OCH2CH2CH2CF3",CCN(Cc1c(F)ccc(F)c1)C(=O)Cn2c3c(cnc(n3)c4ccccc4)n(c2=O)COCCC(F)(F)F
R3,"emap3_Bn-3,4diF_CH2SiMe3",CCN(Cc1c(F)ccc(F)c1)C(=O)Cn2c3c(cnc(n3)c4ccccc4)n(c2=O)C[Si](C)(C)C
R3,"emap3_Bn-3,4diF_CH2CH2SiMe3",CCN(Cc1c(F)ccc(F)c1)C(=O)Cn2c3c(cnc(n3)c4ccccc4)n(c2=O)CC[Si](C)(C)C
R3,"emap3_Bn-3,4diF_OSiMe3",CCN(Cc1c(F)ccc(F)c1)C(=O)Cn2c3c(cnc(n3)c4ccccc4)n(c2=O)O[Si](C)(C)C
R3,"emap3_Bn-3,4diF_CH2SiEt3",CCN(Cc1c(F)ccc(F)c1)C(=O)Cn2c3c(cnc(n3)c4ccccc4)n(c2=O)C[Si](CC)(CC)CC
R3,"emap3_Bn-3,4diF_tBu",CCN(Cc1c(F)ccc(F)c1)C(=O)Cn2c3c(cnc(n3)c4ccccc4)n(c2=O)C(C)(C)C
R3,"emap3_Bn-3,4diF_BnCH2",CCN(Cc1c(F)ccc(F)c1)C(=O)Cn2c3c(cnc(n3)c4ccccc4)n(c2=O)Cc1ccccc1C
R3,"emap3_Bn-3,4diF_PhCH2F",CCN(Cc1c(F)ccc(F)c1)C(=O)Cn2c3c(cnc(n3)c4ccccc4)n(c2=O)c1ccccc1CF
R3,"emap3_Bn-3,4diF_OCH2CF2H",CCN(Cc1c(F)ccc(F)c1)C(=O)Cn2c3c(cnc(n3)c4ccccc4)n(c2=O)COC(F)F
R3,"emap3_Bn-3,4diF_OCH2CH2CF2H",CCN(Cc1c(F)ccc(F)c1)C(=O)Cn2c3c(cnc(n3)c4ccccc4)n(c2=O)COCC(F)F
R3,"emap3_Bn-3,4diF_CH2CF2H",CCN(Cc1c(F)ccc(F)c1)C(=O)Cn2c3c(cnc(n3)c4ccccc4)n(c2=O)C(F)F
R3,"emap3_Bn-3,4diF_CH2CH2CF2H",CCN(Cc1c(F)ccc(F)c1)C(=O)Cn2c3c(cnc(n3)c4ccccc4)n(c2=O)CC(F)F
R3,"emap3_Bn-3,4diF_OCH2CH2CH2CHF2",CCN(Cc1c(F)ccc(F)c1)C(=O)Cn2c3c(cnc(n3)c4ccccc4)n(c2=O)COCCC(F)F
R3,"emap3_Bn-3,4diF_CH2CH2CF2CF3",CCN(Cc1c(F)ccc(F)c1)C(=O)Cn2c3c(cnc(n3)c4ccccc4)n(c2=O)CC(F)C(F)(F)F
R3,"emap3_Bn-3,4diF_CH2CF2CF3",CCN(Cc1c(F)ccc(F)c1)C(=O)Cn2c3c(cnc(n3)c4ccccc4)n(c2=O)C(F)C(F)(F)F
R3,"emap3_Bn-3,4diF_CH2CH2CH2CF2CF3",CCN(Cc1c(F)ccc(F)c1)C(=O)Cn2c3c(cnc(n3)c4ccccc4)n(c2=O)CCC(F)C(F)(F)F
R3,"emap3_Bn-3,4diF_CH2CH2CF2CH3",CCN(Cc1c(F)ccc(F)c1)C(=O)Cn2c3c(cnc(n3)c4ccccc4)n(c2=O)CC(F)C
R3,"emap3_Bn-3,4diF_OCH2CF2CF3",CCN(Cc1c(F)ccc(F)c1)C(=O)Cn2c3c(cnc(n3)c4ccccc4)n(c2=O)COC(F)C(F)(F)F
R3,"emap3_Bn-3,4diF_OCH2CF2CH3",CCN(Cc1c(F)ccc(F)c1)C(=O)Cn2c3c(cnc(n3)c4ccccc4)n(c2=O)COC(F)C
R3,"emap3_Bn-3,4diF_OCH2CH2CF2CF3",CCN(Cc1c(F)ccc(F)c1)C(=O)Cn2c3c(cnc(n3)c4ccccc4)n(c2=O)COCC(F)C(F)(F)F
R3,"emap3_Bn-3,4diF_CH2CF2CH2F",CCN(Cc1c(F)ccc(F)c1)C(=O)Cn2c3c(cnc(n3)c4ccccc4)n(c2=O)C(F)CF
R3,"emap3_Bn-3,4diF_CH2CH2CF2CH2F",CCN(Cc1c(F)ccc(F)c1)C(=O)Cn2c3c(cnc(n3)c4ccccc4)n(c2=O)CC(F)CF
R3,"emap3_Bn-3,4diF_OCH2CF2CH2F",CCN(Cc1c(F)ccc(F)c1)C(=O)Cn2c3c(cnc(n3)c4ccccc4)n(c2=O)COC(F)CF
R3,"emap3_Bn-3,4diF_CH2CH2CF2CH2CHF2",CCN(Cc1c(F)ccc(F)c1)C(=O)Cn2c3c(cnc(n3)c4ccccc4)n(c2=O)CC(F)C(F)F
R3,"emap3_Bn-3,4diF_CH2CH2CF2CH2CF3",CCN(Cc1c(F)ccc(F)c1)C(=O)Cn2c3c(cnc(n3)c4ccccc4)n(c2=O)CC(F)C(F)(F)F
R3,"emap3_Bn-3,4diF_OCH2CH2CF2CH2F",CCN(Cc1c(F)ccc(F)c1)C(=O)Cn2c3c(cnc(n3)c4ccccc4)n(c2=O)COCC(F)CF
R3,"emap3_Bn-3,4diF_CH2CH2CF2CH2CH2F",CCN(Cc1c(F)ccc(F)c1)C(=O)Cn2c3c(cnc(n3)c4ccccc4)n(c2=O)CC(F)CCF
R3,"emap3_Bn-3,4diF_CH2CF2CH2CH2F",CCN(Cc1c(F)ccc(F)c1)C(=O)Cn2c3c(cnc(n3)c4ccccc4)n(c2=O)C(F)CCF
R3,"emap3_Bn-3,4diF_CH2CF2CH2CHF2",CCN(Cc1c(F)ccc(F)c1)C(=O)Cn2c3c(cnc(n3)c4ccccc4)n(c2=O)C(F)C(F)F
R3,"emap3_Bn-3,4diF_CH2CF2CH2CF3",CCN(Cc1c(F)ccc(F)c1)C(=O)Cn2c3c(cnc(n3)c4ccccc4)n(c2=O)C(F)C(F)(F)F
R3,"emap3_Bn-3,4diF_OCH2CF2CH2CH2F",CCN(Cc1c(F)ccc(F)c1)C(=O)Cn2c3c(cnc(n3)c4ccccc4)n(c2=O)COC(F)CCF
R3,"emap3_Bn-3,4diF_OCH2CH2CF2CH2CH2F",CCN(Cc1c(F)ccc(F)c1)C(=O)Cn2c3c(cnc(n3)c4ccccc4)n(c2=O)COCC(F)CCF
R3,"emap3_Bn-3,4diF_CH2CH2CF2CH2CH2CHF2",CCN(Cc1c(F)ccc(F)c1)C(=O)Cn2c3c(cnc(n3)c4ccccc4)n(c2=O)CC(F)CC(F)F
R3,"emap3_Bn-3,4diF_CH2CH2CF2CH2CH2CF3",CCN(Cc1c(F)ccc(F)c1)C(=O)Cn2c3c(cnc(n3)c4ccccc4)n(c2=O)CC(F)CC(F)(F)F
R3,"emap3_Bn-2,6diF_Me",CCN(Cc1c(F)cccc(F)1)C(=O)Cn2c3c(cnc(n3)c4ccccc4)n(c2=O)C
R3,"emap3_Bn-2,6diF_Et",CCN(Cc1c(F)cccc(F)1)C(=O)Cn2c3c(cnc(n3)c4ccccc4)n(c2=O)CC
R3,"emap3_Bn-2,6diF_nPr",CCN(Cc1c(F)cccc(F)1)C(=O)Cn2c3c(cnc(n3)c4ccccc4)n(c2=O)CCC
R3,"emap3_Bn-2,6diF_nBu",CCN(Cc1c(F)cccc(F)1)C(=O)Cn2c3c(cnc(n3)c4ccccc4)n(c2=O)CCCC
R3,"emap3_Bn-2,6diF_CH2F",CCN(Cc1c(F)cccc(F)1)C(=O)Cn2c3c(cnc(n3)c4ccccc4)n(c2=O)CF
R3,"emap3_Bn-2,6diF_CH2CH2F",CCN(Cc1c(F)cccc(F)1)C(=O)Cn2c3c(cnc(n3)c4ccccc4)n(c2=O)CCF
R3,"emap3_Bn-2,6diF_CH2CH2CH2F",CCN(Cc1c(F)cccc(F)1)C(=O)Cn2c3c(cnc(n3)c4ccccc4)n(c2=O)CCCF
R3,"emap3_Bn-2,6diF_CH2CHF2",CCN(Cc1c(F)cccc(F)1)C(=O)Cn2c3c(cnc(n3)c4ccccc4)n(c2=O)C(F)F
R3,"emap3_Bn-2,6diF_CH2CH2CHF2",CCN(Cc1c(F)cccc(F)1)C(=O)Cn2c3c(cnc(n3)c4ccccc4)n(c2=O)CC(F)F
R3,"emap3_Bn-2,6diF_CH2CH2CH2CHF2",CCN(Cc1c(F)cccc(F)1)C(=O)Cn2c3c(cnc(n3)c4ccccc4)n(c2=O)CCC(F)F
R3,"emap3_Bn-2,6diF_CH2CF3",CCN(Cc1c(F)cccc(F)1)C(=O)Cn2c3c(cnc(n3)c4ccccc4)n(c2=O)C(F)(F)F
R3,"emap3_Bn-2,6diF_CH2CH2CF3",CCN(Cc1c(F)cccc(F)1)C(=O)Cn2c3c(cnc(n3)c4ccccc4)n(c2=O)CC(F)(F)F
R3,"emap3_Bn-2,6diF_CH2CH2CH2CF3",CCN(Cc1c(F)cccc(F)1)C(=O)Cn2c3c(cnc(n3)c4ccccc4)n(c2=O)CCC(F)(F)F
R3,"emap3_Bn-2,6diF_OCH2F",CCN(Cc1c(F)cccc(F)1)C(=O)Cn2c3c(cnc(n3)c4ccccc4)n(c2=O)COF
R3,"emap3_Bn-2,6diF_OCH2CHF2",CCN(Cc1c(F)cccc(F)1)C(=O)Cn2c3c(cnc(n3)c4ccccc4)n(c2=O)COC(F)F
R3,"emap3_Bn-2,6diF_OCH2CF3",CCN(Cc1c(F)cccc(F)1)C(=O)Cn2c3c(cnc(n3)c4ccccc4)n(c2=O)COC(F)(F)F
R3,"emap3_Bn-2,6diF_OCH2CH2F",CCN(Cc1c(F)cccc(F)1)C(=O)Cn2c3c(cnc(n3)c4ccccc4)n(c2=O)COCF
R3,"emap3_Bn-2,6diF_OCH2CH2CF3",CCN(Cc1c(F)cccc(F)1)C(=O)Cn2c3c(cnc(n3)c4ccccc4)n(c2=O)COCC(F)(F)F
R3,"emap3_Bn-2,6diF_OCH2CH2CHF2",CCN(Cc1c(F)cccc(F)1)C(=O)Cn2c3c(cnc(n3)c4ccccc4)n(c2=O)COCC(F)F
R3,"emap3_Bn-2,6diF_OCH2CH2CH2F",CCN(Cc1c(F)cccc(F)1)C(=O)Cn2c3c(cnc(n3)c4ccccc4)n(c2=O)COCCF
R3,"emap3_Bn-2,6diF_OCH2CH2CH2CF3",CCN(Cc1c(F)cccc(F)1)C(=O)Cn2c3c(cnc(n3)c4ccccc4)n(c2=O)COCCC(F)(F)F
R3,"emap3_Bn-2,6diF_CH2SiMe3",CCN(Cc1c(F)cccc(F)1)C(=O)Cn2c3c(cnc(n3)c4ccccc4)n(c2=O)C[Si](C)(C)C
R3,"emap3_Bn-2,6diF_CH2CH2SiMe3",CCN(Cc1c(F)cccc(F)1)C(=O)Cn2c3c(cnc(n3)c4ccccc4)n(c2=O)CC[Si](C)(C)C
R3,"emap3_Bn-2,6diF_OSiMe3",CCN(Cc1c(F)cccc(F)1)C(=O)Cn2c3c(cnc(n3)c4ccccc4)n(c2=O)O[Si](C)(C)C
R3,"emap3_Bn-2,6diF_CH2SiEt3",CCN(Cc1c(F)cccc(F)1)C(=O)Cn2c3c(cnc(n3)c4ccccc4)n(c2=O)C[Si](CC)(CC)CC
R3,"emap3_Bn-2,6diF_tBu",CCN(Cc1c(F)cccc(F)1)C(=O)Cn2c3c(cnc(n3)c4ccccc4)n(c2=O)C(C)(C)C
R3,"emap3_Bn-2,6diF_BnCH2",CCN(Cc1c(F)cccc(F)1)C(=O)Cn2c3c(cnc(n3)c4ccccc4)n(c2=O)Cc1ccccc1C
R3,"emap3_Bn-2,6diF_PhCH2F",CCN(Cc1c(F)cccc(F)1)C(=O)Cn2c3c(cnc(n3)c4ccccc4)n(c2=O)c1ccccc1CF
R3,"emap3_Bn-2,6diF_OCH2CF2H",CCN(Cc1c(F)cccc(F)1)C(=O)Cn2c3c(cnc(n3)c4ccccc4)n(c2=O)COC(F)F
R3,"emap3_Bn-2,6diF_OCH2CH2CF2H",CCN(Cc1c(F)cccc(F)1)C(=O)Cn2c3c(cnc(n3)c4ccccc4)n(c2=O)COCC(F)F
R3,"emap3_Bn-2,6diF_CH2CF2H",CCN(Cc1c(F)cccc(F)1)C(=O)Cn2c3c(cnc(n3)c4ccccc4)n(c2=O)C(F)F
R3,"emap3_Bn-2,6diF_CH2CH2CF2H",CCN(Cc1c(F)cccc(F)1)C(=O)Cn2c3c(cnc(n3)c4ccccc4)n(c2=O)CC(F)F
R3,"emap3_Bn-2,6diF_OCH2CH2CH2CHF2",CCN(Cc1c(F)cccc(F)1)C(=O)Cn2c3c(cnc(n3)c4ccccc4)n(c2=O)COCCC(F)F
R3,"emap3_Bn-2,6diF_CH2CH2CF2CF3",CCN(Cc1c(F)cccc(F)1)C(=O)Cn2c3c(cnc(n3)c4ccccc4)n(c2=O)CC(F)C(F)(F)F
R3,"emap3_Bn-2,6diF_CH2CF2CF3",CCN(Cc1c(F)cccc(F)1)C(=O)Cn2c3c(cnc(n3)c4ccccc4)n(c2=O)C(F)C(F)(F)F
R3,"emap3_Bn-2,6diF_CH2CH2CH2CF2CF3",CCN(Cc1c(F)cccc(F)1)C(=O)Cn2c3c(cnc(n3)c4ccccc4)n(c2=O)CCC(F)C(F)(F)F
R3,"emap3_Bn-2,6diF_CH2CH2CF2CH3",CCN(Cc1c(F)cccc(F)1)C(=O)Cn2c3c(cnc(n3)c4ccccc4)n(c2=O)CC(F)C
R3,"emap3_Bn-2,6diF_OCH2CF2CF3",CCN(Cc1c(F)cccc(F)1)C(=O)Cn2c3c(cnc(n3)c4ccccc4)n(c2=O)COC(F)C(F)(F)F
R3,"emap3_Bn-2,6diF_OCH2CF2CH3",CCN(Cc1c(F)cccc(F)1)C(=O)Cn2c3c(cnc(n3)c4ccccc4)n(c2=O)COC(F)C
R3,"emap3_Bn-2,6diF_OCH2CH2CF2CF3",CCN(Cc1c(F)cccc(F)1)C(=O)Cn2c3c(cnc(n3)c4ccccc4)n(c2=O)COCC(F)C(F)(F)F
R3,"emap3_Bn-2,6diF_CH2CF2CH2F",CCN(Cc1c(F)cccc(F)1)C(=O)Cn2c3c(cnc(n3)c4ccccc4)n(c2=O)C(F)CF
R3,"emap3_Bn-2,6diF_CH2CH2CF2CH2F",CCN(Cc1c(F)cccc(F)1)C(=O)Cn2c3c(cnc(n3)c4ccccc4)n(c2=O)CC(F)CF
R3,"emap3_Bn-2,6diF_OCH2CF2CH2F",CCN(Cc1c(F)cccc(F)1)C(=O)Cn2c3c(cnc(n3)c4ccccc4)n(c2=O)COC(F)CF
R3,"emap3_Bn-2,6diF_CH2CH2CF2CH2CHF2",CCN(Cc1c(F)cccc(F)1)C(=O)Cn2c3c(cnc(n3)c4ccccc4)n(c2=O)CC(F)C(F)F
R3,"emap3_Bn-2,6diF_CH2CH2CF2CH2CF3",CCN(Cc1c(F)cccc(F)1)C(=O)Cn2c3c(cnc(n3)c4ccccc4)n(c2=O)CC(F)C(F)(F)F
R3,"emap3_Bn-2,6diF_OCH2CH2CF2CH2F",CCN(Cc1c(F)cccc(F)1)C(=O)Cn2c3c(cnc(n3)c4ccccc4)n(c2=O)COCC(F)CF
R3,"emap3_Bn-2,6diF_CH2CH2CF2CH2CH2F",CCN(Cc1c(F)cccc(F)1)C(=O)Cn2c3c(cnc(n3)c4ccccc4)n(c2=O)CC(F)CCF
R3,"emap3_Bn-2,6diF_CH2CF2CH2CH2F",CCN(Cc1c(F)cccc(F)1)C(=O)Cn2c3c(cnc(n3)c4ccccc4)n(c2=O)C(F)CCF
R3,"emap3_Bn-2,6diF_CH2CF2CH2CHF2",CCN(Cc1c(F)cccc(F)1)C(=O)Cn2c3c(cnc(n3)c4ccccc4)n(c2=O)C(F)C(F)F
R3,"emap3_Bn-2,6diF_CH2CF2CH2CF3",CCN(Cc1c(F)cccc(F)1)C(=O)Cn2c3c(cnc(n3)c4ccccc4)n(c2=O)C(F)C(F)(F)F
R3,"emap3_Bn-2,6diF_OCH2CF2CH2CH2F",CCN(Cc1c(F)cccc(F)1)C(=O)Cn2c3c(cnc(n3)c4ccccc4)n(c2=O)COC(F)CCF
R3,"emap3_Bn-2,6diF_OCH2CH2CF2CH2CH2F",CCN(Cc1c(F)cccc(F)1)C(=O)Cn2c3c(cnc(n3)c4ccccc4)n(c2=O)COCC(F)CCF
R3,"emap3_Bn-2,6diF_CH2CH2CF2CH2CH2CHF2",CCN(Cc1c(F)cccc(F)1)C(=O)Cn2c3c(cnc(n3)c4ccccc4)n(c2=O)CC(F)CC(F)F
R3,"emap3_Bn-2,6diF_CH2CH2CF2CH2CH2CF3",CCN(Cc1c(F)cccc(F)1)C(=O)Cn2c3c(cnc(n3)c4ccccc4)n(c2=O)CC(F)CC(F)(F)F
R3,"emap3_Bn-3,4diCl_Me",CCN(Cc1c(Cl)ccc(Cl)c1)C(=O)Cn2c3c(cnc(n3)c4ccccc4)n(c2=O)C
R3,"emap3_Bn-3,4diCl_Et",CCN(Cc1c(Cl)ccc(Cl)c1)C(=O)Cn2c3c(cnc(n3)c4ccccc4)n(c2=O)CC
R3,"emap3_Bn-3,4diCl_nPr",CCN(Cc1c(Cl)ccc(Cl)c1)C(=O)Cn2c3c(cnc(n3)c4ccccc4)n(c2=O)CCC
R3,"emap3_Bn-3,4diCl_nBu",CCN(Cc1c(Cl)ccc(Cl)c1)C(=O)Cn2c3c(cnc(n3)c4ccccc4)n(c2=O)CCCC
R3,"emap3_Bn-3,4diCl_CH2F",CCN(Cc1c(Cl)ccc(Cl)c1)C(=O)Cn2c3c(cnc(n3)c4ccccc4)n(c2=O)CF
R3,"emap3_Bn-3,4diCl_CH2CH2F",CCN(Cc1c(Cl)ccc(Cl)c1)C(=O)Cn2c3c(cnc(n3)c4ccccc4)n(c2=O)CCF
R3,"emap3_Bn-3,4diCl_CH2CH2CH2F",CCN(Cc1c(Cl)ccc(Cl)c1)C(=O)Cn2c3c(cnc(n3)c4ccccc4)n(c2=O)CCCF
R3,"emap3_Bn-3,4diCl_CH2CHF2",CCN(Cc1c(Cl)ccc(Cl)c1)C(=O)Cn2c3c(cnc(n3)c4ccccc4)n(c2=O)C(F)F
R3,"emap3_Bn-3,4diCl_CH2CH2CHF2",CCN(Cc1c(Cl)ccc(Cl)c1)C(=O)Cn2c3c(cnc(n3)c4ccccc4)n(c2=O)CC(F)F
R3,"emap3_Bn-3,4diCl_CH2CH2CH2CHF2",CCN(Cc1c(Cl)ccc(Cl)c1)C(=O)Cn2c3c(cnc(n3)c4ccccc4)n(c2=O)CCC(F)F
R3,"emap3_Bn-3,4diCl_CH2CF3",CCN(Cc1c(Cl)ccc(Cl)c1)C(=O)Cn2c3c(cnc(n3)c4ccccc4)n(c2=O)C(F)(F)F
R3,"emap3_Bn-3,4diCl_CH2CH2CF3",CCN(Cc1c(Cl)ccc(Cl)c1)C(=O)Cn2c3c(cnc(n3)c4ccccc4)n(c2=O)CC(F)(F)F
R3,"emap3_Bn-3,4diCl_CH2CH2CH2CF3",CCN(Cc1c(Cl)ccc(Cl)c1)C(=O)Cn2c3c(cnc(n3)c4ccccc4)n(c2=O)CCC(F)(F)F
R3,"emap3_Bn-3,4diCl_OCH2F",CCN(Cc1c(Cl)ccc(Cl)c1)C(=O)Cn2c3c(cnc(n3)c4ccccc4)n(c2=O)COF
R3,"emap3_Bn-3,4diCl_OCH2CHF2",CCN(Cc1c(Cl)ccc(Cl)c1)C(=O)Cn2c3c(cnc(n3)c4ccccc4)n(c2=O)COC(F)F
R3,"emap3_Bn-3,4diCl_OCH2CF3",CCN(Cc1c(Cl)ccc(Cl)c1)C(=O)Cn2c3c(cnc(n3)c4ccccc4)n(c2=O)COC(F)(F)F
R3,"emap3_Bn-3,4diCl_OCH2CH2F",CCN(Cc1c(Cl)ccc(Cl)c1)C(=O)Cn2c3c(cnc(n3)c4ccccc4)n(c2=O)COCF
R3,"emap3_Bn-3,4diCl_OCH2CH2CF3",CCN(Cc1c(Cl)ccc(Cl)c1)C(=O)Cn2c3c(cnc(n3)c4ccccc4)n(c2=O)COCC(F)(F)F
R3,"emap3_Bn-3,4diCl_OCH2CH2CHF2",CCN(Cc1c(Cl)ccc(Cl)c1)C(=O)Cn2c3c(cnc(n3)c4ccccc4)n(c2=O)COCC(F)F
R3,"emap3_Bn-3,4diCl_OCH2CH2CH2F",CCN(Cc1c(Cl)ccc(Cl)c1)C(=O)Cn2c3c(cnc(n3)c4ccccc4)n(c2=O)COCCF
R3,"emap3_Bn-3,4diCl_OCH2CH2CH2CF3",CCN(Cc1c(Cl)ccc(Cl)c1)C(=O)Cn2c3c(cnc(n3)c4ccccc4)n(c2=O)COCCC(F)(F)F
R3,"emap3_Bn-3,4diCl_CH2SiMe3",CCN(Cc1c(Cl)ccc(Cl)c1)C(=O)Cn2c3c(cnc(n3)c4ccccc4)n(c2=O)C[Si](C)(C)C
R3,"emap3_Bn-3,4diCl_CH2CH2SiMe3",CCN(Cc1c(Cl)ccc(Cl)c1)C(=O)Cn2c3c(cnc(n3)c4ccccc4)n(c2=O)CC[Si](C)(C)C
R3,"emap3_Bn-3,4diCl_OSiMe3",CCN(Cc1c(Cl)ccc(Cl)c1)C(=O)Cn2c3c(cnc(n3)c4ccccc4)n(c2=O)O[Si](C)(C)C
R3,"emap3_Bn-3,4diCl_CH2SiEt3",CCN(Cc1c(Cl)ccc(Cl)c1)C(=O)Cn2c3c(cnc(n3)c4ccccc4)n(c2=O)C[Si](CC)(CC)CC
R3,"emap3_Bn-3,4diCl_tBu",CCN(Cc1c(Cl)ccc(Cl)c1)C(=O)Cn2c3c(cnc(n3)c4ccccc4)n(c2=O)C(C)(C)C
R3,"emap3_Bn-3,4diCl_BnCH2",CCN(Cc1c(Cl)ccc(Cl)c1)C(=O)Cn2c3c(cnc(n3)c4ccccc4)n(c2=O)Cc1ccccc1C
R3,"emap3_Bn-3,4diCl_PhCH2F",CCN(Cc1c(Cl)ccc(Cl)c1)C(=O)Cn2c3c(cnc(n3)c4ccccc4)n(c2=O)c1ccccc1CF
R3,"emap3_Bn-3,4diCl_OCH2CF2H",CCN(Cc1c(Cl)ccc(Cl)c1)C(=O)Cn2c3c(cnc(n3)c4ccccc4)n(c2=O)COC(F)F
R3,"emap3_Bn-3,4diCl_OCH2CH2CF2H",CCN(Cc1c(Cl)ccc(Cl)c1)C(=O)Cn2c3c(cnc(n3)c4ccccc4)n(c2=O)COCC(F)F
R3,"emap3_Bn-3,4diCl_CH2CF2H",CCN(Cc1c(Cl)ccc(Cl)c1)C(=O)Cn2c3c(cnc(n3)c4ccccc4)n(c2=O)C(F)F
R3,"emap3_Bn-3,4diCl_CH2CH2CF2H",CCN(Cc1c(Cl)ccc(Cl)c1)C(=O)Cn2c3c(cnc(n3)c4ccccc4)n(c2=O)CC(F)F
R3,"emap3_Bn-3,4diCl_OCH2CH2CH2CHF2",CCN(Cc1c(Cl)ccc(Cl)c1)C(=O)Cn2c3c(cnc(n3)c4ccccc4)n(c2=O)COCCC(F)F
R3,"emap3_Bn-3,4diCl_CH2CH2CF2CF3",CCN(Cc1c(Cl)ccc(Cl)c1)C(=O)Cn2c3c(cnc(n3)c4ccccc4)n(c2=O)CC(F)C(F)(F)F
R3,"emap3_Bn-3,4diCl_CH2CF2CF3",CCN(Cc1c(Cl)ccc(Cl)c1)C(=O)Cn2c3c(cnc(n3)c4ccccc4)n(c2=O)C(F)C(F)(F)F
R3,"emap3_Bn-3,4diCl_CH2CH2CH2CF2CF3",CCN(Cc1c(Cl)ccc(Cl)c1)C(=O)Cn2c3c(cnc(n3)c4ccccc4)n(c2=O)CCC(F)C(F)(F)F
R3,"emap3_Bn-3,4diCl_CH2CH2CF2CH3",CCN(Cc1c(Cl)ccc(Cl)c1)C(=O)Cn2c3c(cnc(n3)c4ccccc4)n(c2=O)CC(F)C
R3,"emap3_Bn-3,4diCl_OCH2CF2CF3",CCN(Cc1c(Cl)ccc(Cl)c1)C(=O)Cn2c3c(cnc(n3)c4ccccc4)n(c2=O)COC(F)C(F)(F)F
R3,"emap3_Bn-3,4diCl_OCH2CF2CH3",CCN(Cc1c(Cl)ccc(Cl)c1)C(=O)Cn2c3c(cnc(n3)c4ccccc4)n(c2=O)COC(F)C
R3,"emap3_Bn-3,4diCl_OCH2CH2CF2CF3",CCN(Cc1c(Cl)ccc(Cl)c1)C(=O)Cn2c3c(cnc(n3)c4ccccc4)n(c2=O)COCC(F)C(F)(F)F
R3,"emap3_Bn-3,4diCl_CH2CF2CH2F",CCN(Cc1c(Cl)ccc(Cl)c1)C(=O)Cn2c3c(cnc(n3)c4ccccc4)n(c2=O)C(F)CF
R3,"emap3_Bn-3,4diCl_CH2CH2CF2CH2F",CCN(Cc1c(Cl)ccc(Cl)c1)C(=O)Cn2c3c(cnc(n3)c4ccccc4)n(c2=O)CC(F)CF
R3,"emap3_Bn-3,4diCl_OCH2CF2CH2F",CCN(Cc1c(Cl)ccc(Cl)c1)C(=O)Cn2c3c(cnc(n3)c4ccccc4)n(c2=O)COC(F)CF
R3,"emap3_Bn-3,4diCl_CH2CH2CF2CH2CHF2",CCN(Cc1c(Cl)ccc(Cl)c1)C(=O)Cn2c3c(cnc(n3)c4ccccc4)n(c2=O)CC(F)C(F)F
R3,"emap3_Bn-3,4diCl_CH2CH2CF2CH2CF3",CCN(Cc1c(Cl)ccc(Cl)c1)C(=O)Cn2c3c(cnc(n3)c4ccccc4)n(c2=O)CC(F)C(F)(F)F
R3,"emap3_Bn-3,4diCl_OCH2CH2CF2CH2F",CCN(Cc1c(Cl)ccc(Cl)c1)C(=O)Cn2c3c(cnc(n3)c4ccccc4)n(c2=O)COCC(F)CF
R3,"emap3_Bn-3,4diCl_CH2CH2CF2CH2CH2F",CCN(Cc1c(Cl)ccc(Cl)c1)C(=O)Cn2c3c(cnc(n3)c4ccccc4)n(c2=O)CC(F)CCF
R3,"emap3_Bn-3,4diCl_CH2CF2CH2CH2F",CCN(Cc1c(Cl)ccc(Cl)c1)C(=O)Cn2c3c(cnc(n3)c4ccccc4)n(c2=O)C(F)CCF
R3,"emap3_Bn-3,4diCl_CH2CF2CH2CHF2",CCN(Cc1c(Cl)ccc(Cl)c1)C(=O)Cn2c3c(cnc(n3)c4ccccc4)n(c2=O)C(F)C(F)F
R3,"emap3_Bn-3,4diCl_CH2CF2CH2CF3",CCN(Cc1c(Cl)ccc(Cl)c1)C(=O)Cn2c3c(cnc(n3)c4ccccc4)n(c2=O)C(F)C(F)(F)F
R3,"emap3_Bn-3,4diCl_OCH2CF2CH2CH2F",CCN(Cc1c(Cl)ccc(Cl)c1)C(=O)Cn2c3c(cnc(n3)c4ccccc4)n(c2=O)COC(F)CCF
R3,"emap3_Bn-3,4diCl_OCH2CH2CF2CH2CH2F",CCN(Cc1c(Cl)ccc(Cl)c1)C(=O)Cn2c3c(cnc(n3)c4ccccc4)n(c2=O)COCC(F)CCF
R3,"emap3_Bn-3,4diCl_CH2CH2CF2CH2CH2CHF2",CCN(Cc1c(Cl)ccc(Cl)c1)C(=O)Cn2c3c(cnc(n3)c4ccccc4)n(c2=O)CC(F)CC(F)F
R3,"emap3_Bn-3,4diCl_CH2CH2CF2CH2CH2CF3",CCN(Cc1c(Cl)ccc(Cl)c1)C(=O)Cn2c3c(cnc(n3)c4ccccc4)n(c2=O)CC(F)CC(F)(F)F
R3,"emap3_Bn-3,5diCl_Me",CCN(Cc1c(Cl)cc(Cl)cc1)C(=O)Cn2c3c(cnc(n3)c4ccccc4)n(c2=O)C
R3,"emap3_Bn-3,5diCl_Et",CCN(Cc1c(Cl)cc(Cl)cc1)C(=O)Cn2c3c(cnc(n3)c4ccccc4)n(c2=O)CC
R3,"emap3_Bn-3,5diCl_nPr",CCN(Cc1c(Cl)cc(Cl)cc1)C(=O)Cn2c3c(cnc(n3)c4ccccc4)n(c2=O)CCC
R3,"emap3_Bn-3,5diCl_nBu",CCN(Cc1c(Cl)cc(Cl)cc1)C(=O)Cn2c3c(cnc(n3)c4ccccc4)n(c2=O)CCCC
R3,"emap3_Bn-3,5diCl_CH2F",CCN(Cc1c(Cl)cc(Cl)cc1)C(=O)Cn2c3c(cnc(n3)c4ccccc4)n(c2=O)CF
R3,"emap3_Bn-3,5diCl_CH2CH2F",CCN(Cc1c(Cl)cc(Cl)cc1)C(=O)Cn2c3c(cnc(n3)c4ccccc4)n(c2=O)CCF
R3,"emap3_Bn-3,5diCl_CH2CH2CH2F",CCN(Cc1c(Cl)cc(Cl)cc1)C(=O)Cn2c3c(cnc(n3)c4ccccc4)n(c2=O)CCCF
R3,"emap3_Bn-3,5diCl_CH2CHF2",CCN(Cc1c(Cl)cc(Cl)cc1)C(=O)Cn2c3c(cnc(n3)c4ccccc4)n(c2=O)C(F)F
R3,"emap3_Bn-3,5diCl_CH2CH2CHF2",CCN(Cc1c(Cl)cc(Cl)cc1)C(=O)Cn2c3c(cnc(n3)c4ccccc4)n(c2=O)CC(F)F
R3,"emap3_Bn-3,5diCl_CH2CH2CH2CHF2",CCN(Cc1c(Cl)cc(Cl)cc1)C(=O)Cn2c3c(cnc(n3)c4ccccc4)n(c2=O)CCC(F)F
R3,"emap3_Bn-3,5diCl_CH2CF3",CCN(Cc1c(Cl)cc(Cl)cc1)C(=O)Cn2c3c(cnc(n3)c4ccccc4)n(c2=O)C(F)(F)F
R3,"emap3_Bn-3,5diCl_CH2CH2CF3",CCN(Cc1c(Cl)cc(Cl)cc1)C(=O)Cn2c3c(cnc(n3)c4ccccc4)n(c2=O)CC(F)(F)F
R3,"emap3_Bn-3,5diCl_CH2CH2CH2CF3",CCN(Cc1c(Cl)cc(Cl)cc1)C(=O)Cn2c3c(cnc(n3)c4ccccc4)n(c2=O)CCC(F)(F)F
R3,"emap3_Bn-3,5diCl_OCH2F",CCN(Cc1c(Cl)cc(Cl)cc1)C(=O)Cn2c3c(cnc(n3)c4ccccc4)n(c2=O)COF
R3,"emap3_Bn-3,5diCl_OCH2CHF2",CCN(Cc1c(Cl)cc(Cl)cc1)C(=O)Cn2c3c(cnc(n3)c4ccccc4)n(c2=O)COC(F)F
R3,"emap3_Bn-3,5diCl_OCH2CF3",CCN(Cc1c(Cl)cc(Cl)cc1)C(=O)Cn2c3c(cnc(n3)c4ccccc4)n(c2=O)COC(F)(F)F
R3,"emap3_Bn-3,5diCl_OCH2CH2F",CCN(Cc1c(Cl)cc(Cl)cc1)C(=O)Cn2c3c(cnc(n3)c4ccccc4)n(c2=O)COCF
R3,"emap3_Bn-3,5diCl_OCH2CH2CF3",CCN(Cc1c(Cl)cc(Cl)cc1)C(=O)Cn2c3c(cnc(n3)c4ccccc4)n(c2=O)COCC(F)(F)F
R3,"emap3_Bn-3,5diCl_OCH2CH2CHF2",CCN(Cc1c(Cl)cc(Cl)cc1)C(=O)Cn2c3c(cnc(n3)c4ccccc4)n(c2=O)COCC(F)F
R3,"emap3_Bn-3,5diCl_OCH2CH2CH2F",CCN(Cc1c(Cl)cc(Cl)cc1)C(=O)Cn2c3c(cnc(n3)c4ccccc4)n(c2=O)COCCF
R3,"emap3_Bn-3,5diCl_OCH2CH2CH2CF3",CCN(Cc1c(Cl)cc(Cl)cc1)C(=O)Cn2c3c(cnc(n3)c4ccccc4)n(c2=O)COCCC(F)(F)F
R3,"emap3_Bn-3,5diCl_CH2SiMe3",CCN(Cc1c(Cl)cc(Cl)cc1)C(=O)Cn2c3c(cnc(n3)c4ccccc4)n(c2=O)C[Si](C)(C)C
R3,"emap3_Bn-3,5diCl_CH2CH2SiMe3",CCN(Cc1c(Cl)cc(Cl)cc1)C(=O)Cn2c3c(cnc(n3)c4ccccc4)n(c2=O)CC[Si](C)(C)C
R3,"emap3_Bn-3,5diCl_OSiMe3",CCN(Cc1c(Cl)cc(Cl)cc1)C(=O)Cn2c3c(cnc(n3)c4ccccc4)n(c2=O)O[Si](C)(C)C
R3,"emap3_Bn-3,5diCl_CH2SiEt3",CCN(Cc1c(Cl)cc(Cl)cc1)C(=O)Cn2c3c(cnc(n3)c4ccccc4)n(c2=O)C[Si](CC)(CC)CC
R3,"emap3_Bn-3,5diCl_tBu",CCN(Cc1c(Cl)cc(Cl)cc1)C(=O)Cn2c3c(cnc(n3)c4ccccc4)n(c2=O)C(C)(C)C
R3,"emap3_Bn-3,5diCl_BnCH2",CCN(Cc1c(Cl)cc(Cl)cc1)C(=O)Cn2c3c(cnc(n3)c4ccccc4)n(c2=O)Cc1ccccc1C
R3,"emap3_Bn-3,5diCl_PhCH2F",CCN(Cc1c(Cl)cc(Cl)cc1)C(=O)Cn2c3c(cnc(n3)c4ccccc4)n(c2=O)c1ccccc1CF
R3,"emap3_Bn-3,5diCl_OCH2CF2H",CCN(Cc1c(Cl)cc(Cl)cc1)C(=O)Cn2c3c(cnc(n3)c4ccccc4)n(c2=O)COC(F)F
R3,"emap3_Bn-3,5diCl_OCH2CH2CF2H",CCN(Cc1c(Cl)cc(Cl)cc1)C(=O)Cn2c3c(cnc(n3)c4ccccc4)n(c2=O)COCC(F)F
R3,"emap3_Bn-3,5diCl_CH2CF2H",CCN(Cc1c(Cl)cc(Cl)cc1)C(=O)Cn2c3c(cnc(n3)c4ccccc4)n(c2=O)C(F)F
R3,"emap3_Bn-3,5diCl_CH2CH2CF2H",CCN(Cc1c(Cl)cc(Cl)cc1)C(=O)Cn2c3c(cnc(n3)c4ccccc4)n(c2=O)CC(F)F
R3,"emap3_Bn-3,5diCl_OCH2CH2CH2CHF2",CCN(Cc1c(Cl)cc(Cl)cc1)C(=O)Cn2c3c(cnc(n3)c4ccccc4)n(c2=O)COCCC(F)F
R3,"emap3_Bn-3,5diCl_CH2CH2CF2CF3",CCN(Cc1c(Cl)cc(Cl)cc1)C(=O)Cn2c3c(cnc(n3)c4ccccc4)n(c2=O)CC(F)C(F)(F)F
R3,"emap3_Bn-3,5diCl_CH2CF2CF3",CCN(Cc1c(Cl)cc(Cl)cc1)C(=O)Cn2c3c(cnc(n3)c4ccccc4)n(c2=O)C(F)C(F)(F)F
R3,"emap3_Bn-3,5diCl_CH2CH2CH2CF2CF3",CCN(Cc1c(Cl)cc(Cl)cc1)C(=O)Cn2c3c(cnc(n3)c4ccccc4)n(c2=O)CCC(F)C(F)(F)F
R3,"emap3_Bn-3,5diCl_CH2CH2CF2CH3",CCN(Cc1c(Cl)cc(Cl)cc1)C(=O)Cn2c3c(cnc(n3)c4ccccc4)n(c2=O)CC(F)C
R3,"emap3_Bn-3,5diCl_OCH2CF2CF3",CCN(Cc1c(Cl)cc(Cl)cc1)C(=O)Cn2c3c(cnc(n3)c4ccccc4)n(c2=O)COC(F)C(F)(F)F
R3,"emap3_Bn-3,5diCl_OCH2CF2CH3",CCN(Cc1c(Cl)cc(Cl)cc1)C(=O)Cn2c3c(cnc(n3)c4ccccc4)n(c2=O)COC(F)C
R3,"emap3_Bn-3,5diCl_OCH2CH2CF2CF3",CCN(Cc1c(Cl)cc(Cl)cc1)C(=O)Cn2c3c(cnc(n3)c4ccccc4)n(c2=O)COCC(F)C(F)(F)F
R3,"emap3_Bn-3,5diCl_CH2CF2CH2F",CCN(Cc1c(Cl)cc(Cl)cc1)C(=O)Cn2c3c(cnc(n3)c4ccccc4)n(c2=O)C(F)CF
R3,"emap3_Bn-3,5diCl_CH2CH2CF2CH2F",CCN(Cc1c(Cl)cc(Cl)cc1)C(=O)Cn2c3c(cnc(n3)c4ccccc4)n(c2=O)CC(F)CF
R3,"emap3_Bn-3,5diCl_OCH2CF2CH2F",CCN(Cc1c(Cl)cc(Cl)cc1)C(=O)Cn2c3c(cnc(n3)c4ccccc4)n(c2=O)COC(F)CF
R3,"emap3_Bn-3,5diCl_CH2CH2CF2CH2CHF2",CCN(Cc1c(Cl)cc(Cl)cc1)C(=O)Cn2c3c(cnc(n3)c4ccccc4)n(c2=O)CC(F)C(F)F
R3,"emap3_Bn-3,5diCl_CH2CH2CF2CH2CF3",CCN(Cc1c(Cl)cc(Cl)cc1)C(=O)Cn2c3c(cnc(n3)c4ccccc4)n(c2=O)CC(F)C(F)(F)F
R3,"emap3_Bn-3,5diCl_OCH2CH2CF2CH2F",CCN(Cc1c(Cl)cc(Cl)cc1)C(=O)Cn2c3c(cnc(n3)c4ccccc4)n(c2=O)COCC(F)CF
R3,"emap3_Bn-3,5diCl_CH2CH2CF2CH2CH2F",CCN(Cc1c(Cl)cc(Cl)cc1)C(=O)Cn2c3c(cnc(n3)c4ccccc4)n(c2=O)CC(F)CCF
R3,"emap3_Bn-3,5diCl_CH2CF2CH2CH2F",CCN(Cc1c(Cl)cc(Cl)cc1)C(=O)Cn2c3c(cnc(n3)c4ccccc4)n(c2=O)C(F)CCF
R3,"emap3_Bn-3,5diCl_CH2CF2CH2CHF2",CCN(Cc1c(Cl)cc(Cl)cc1)C(=O)Cn2c3c(cnc(n3)c4ccccc4)n(c2=O)C(F)C(F)F
R3,"emap3_Bn-3,5diCl_CH2CF2CH2CF3",CCN(Cc1c(Cl)cc(Cl)cc1)C(=O)Cn2c3c(cnc(n3)c4ccccc4)n(c2=O)C(F)C(F)(F)F
R3,"emap3_Bn-3,5diCl_OCH2CF2CH2CH2F",CCN(Cc1c(Cl)cc(Cl)cc1)C(=O)Cn2c3c(cnc(n3)c4ccccc4)n(c2=O)COC(F)CCF
R3,"emap3_Bn-3,5diCl_OCH2CH2CF2CH2CH2F",CCN(Cc1c(Cl)cc(Cl)cc1)C(=O)Cn2c3c(cnc(n3)c4ccccc4)n(c2=O)COCC(F)CCF
R3,"emap3_Bn-3,5diCl_CH2CH2CF2CH2CH2CHF2",CCN(Cc1c(Cl)cc(Cl)cc1)C(=O)Cn2c3c(cnc(n3)c4ccccc4)n(c2=O)CC(F)CC(F)F
R3,"emap3_Bn-3,5diCl_CH2CH2CF2CH2CH2CF3",CCN(Cc1c(Cl)cc(Cl)cc1)C(=O)Cn2c3c(cnc(n3)c4ccccc4)n(c2=O)CC(F)CC(F)(F)F
R3,emap3_Bn-4iPr_Me,CCN(Cc1ccc(C(C)C)cc1)C(=O)Cn2c3c(cnc(n3)c4ccccc4)n(c2=O)C
R3,emap3_Bn-4iPr_Et,CCN(Cc1ccc(C(C)C)cc1)C(=O)Cn2c3c(cnc(n3)c4ccccc4)n(c2=O)CC
R3,emap3_Bn-4iPr_nPr,CCN(Cc1ccc(C(C)C)cc1)C(=O)Cn2c3c(cnc(n3)c4ccccc4)n(c2=O)CCC
R3,emap3_Bn-4iPr_nBu,CCN(Cc1ccc(C(C)C)cc1)C(=O)Cn2c3c(cnc(n3)c4ccccc4)n(c2=O)CCCC
R3,emap3_Bn-4iPr_CH2F,CCN(Cc1ccc(C(C)C)cc1)C(=O)Cn2c3c(cnc(n3)c4ccccc4)n(c2=O)CF
R3,emap3_Bn-4iPr_CH2CH2F,CCN(Cc1ccc(C(C)C)cc1)C(=O)Cn2c3c(cnc(n3)c4ccccc4)n(c2=O)CCF
R3,emap3_Bn-4iPr_CH2CH2CH2F,CCN(Cc1ccc(C(C)C)cc1)C(=O)Cn2c3c(cnc(n3)c4ccccc4)n(c2=O)CCCF
R3,emap3_Bn-4iPr_CH2CHF2,CCN(Cc1ccc(C(C)C)cc1)C(=O)Cn2c3c(cnc(n3)c4ccccc4)n(c2=O)C(F)F
R3,emap3_Bn-4iPr_CH2CH2CHF2,CCN(Cc1ccc(C(C)C)cc1)C(=O)Cn2c3c(cnc(n3)c4ccccc4)n(c2=O)CC(F)F
R3,emap3_Bn-4iPr_CH2CH2CH2CHF2,CCN(Cc1ccc(C(C)C)cc1)C(=O)Cn2c3c(cnc(n3)c4ccccc4)n(c2=O)CCC(F)F
R3,emap3_Bn-4iPr_CH2CF3,CCN(Cc1ccc(C(C)C)cc1)C(=O)Cn2c3c(cnc(n3)c4ccccc4)n(c2=O)C(F)(F)F
R3,emap3_Bn-4iPr_CH2CH2CF3,CCN(Cc1ccc(C(C)C)cc1)C(=O)Cn2c3c(cnc(n3)c4ccccc4)n(c2=O)CC(F)(F)F
R3,emap3_Bn-4iPr_CH2CH2CH2CF3,CCN(Cc1ccc(C(C)C)cc1)C(=O)Cn2c3c(cnc(n3)c4ccccc4)n(c2=O)CCC(F)(F)F
R3,emap3_Bn-4iPr_OCH2F,CCN(Cc1ccc(C(C)C)cc1)C(=O)Cn2c3c(cnc(n3)c4ccccc4)n(c2=O)COF
R3,emap3_Bn-4iPr_OCH2CHF2,CCN(Cc1ccc(C(C)C)cc1)C(=O)Cn2c3c(cnc(n3)c4ccccc4)n(c2=O)COC(F)F
R3,emap3_Bn-4iPr_OCH2CF3,CCN(Cc1ccc(C(C)C)cc1)C(=O)Cn2c3c(cnc(n3)c4ccccc4)n(c2=O)COC(F)(F)F
R3,emap3_Bn-4iPr_OCH2CH2F,CCN(Cc1ccc(C(C)C)cc1)C(=O)Cn2c3c(cnc(n3)c4ccccc4)n(c2=O)COCF
R3,emap3_Bn-4iPr_OCH2CH2CF3,CCN(Cc1ccc(C(C)C)cc1)C(=O)Cn2c3c(cnc(n3)c4ccccc4)n(c2=O)COCC(F)(F)F
R3,emap3_Bn-4iPr_OCH2CH2CHF2,CCN(Cc1ccc(C(C)C)cc1)C(=O)Cn2c3c(cnc(n3)c4ccccc4)n(c2=O)COCC(F)F
R3,emap3_Bn-4iPr_OCH2CH2CH2F,CCN(Cc1ccc(C(C)C)cc1)C(=O)Cn2c3c(cnc(n3)c4ccccc4)n(c2=O)COCCF
R3,emap3_Bn-4iPr_OCH2CH2CH2CF3,CCN(Cc1ccc(C(C)C)cc1)C(=O)Cn2c3c(cnc(n3)c4ccccc4)n(c2=O)COCCC(F)(F)F
R3,emap3_Bn-4iPr_CH2SiMe3,CCN(Cc1ccc(C(C)C)cc1)C(=O)Cn2c3c(cnc(n3)c4ccccc4)n(c2=O)C[Si](C)(C)C
R3,emap3_Bn-4iPr_CH2CH2SiMe3,CCN(Cc1ccc(C(C)C)cc1)C(=O)Cn2c3c(cnc(n3)c4ccccc4)n(c2=O)CC[Si](C)(C)C
R3,emap3_Bn-4iPr_OSiMe3,CCN(Cc1ccc(C(C)C)cc1)C(=O)Cn2c3c(cnc(n3)c4ccccc4)n(c2=O)O[Si](C)(C)C
R3,emap3_Bn-4iPr_CH2SiEt3,CCN(Cc1ccc(C(C)C)cc1)C(=O)Cn2c3c(cnc(n3)c4ccccc4)n(c2=O)C[Si](CC)(CC)CC
R3,emap3_Bn-4iPr_tBu,CCN(Cc1ccc(C(C)C)cc1)C(=O)Cn2c3c(cnc(n3)c4ccccc4)n(c2=O)C(C)(C)C
R3,emap3_Bn-4iPr_BnCH2,CCN(Cc1ccc(C(C)C)cc1)C(=O)Cn2c3c(cnc(n3)c4ccccc4)n(c2=O)Cc1ccccc1C
R3,emap3_Bn-4iPr_PhCH2F,CCN(Cc1ccc(C(C)C)cc1)C(=O)Cn2c3c(cnc(n3)c4ccccc4)n(c2=O)c1ccccc1CF
R3,emap3_Bn-4iPr_OCH2CF2H,CCN(Cc1ccc(C(C)C)cc1)C(=O)Cn2c3c(cnc(n3)c4ccccc4)n(c2=O)COC(F)F
R3,emap3_Bn-4iPr_OCH2CH2CF2H,CCN(Cc1ccc(C(C)C)cc1)C(=O)Cn2c3c(cnc(n3)c4ccccc4)n(c2=O)COCC(F)F
R3,emap3_Bn-4iPr_CH2CF2H,CCN(Cc1ccc(C(C)C)cc1)C(=O)Cn2c3c(cnc(n3)c4ccccc4)n(c2=O)C(F)F
R3,emap3_Bn-4iPr_CH2CH2CF2H,CCN(Cc1ccc(C(C)C)cc1)C(=O)Cn2c3c(cnc(n3)c4ccccc4)n(c2=O)CC(F)F
R3,emap3_Bn-4iPr_OCH2CH2CH2CHF2,CCN(Cc1ccc(C(C)C)cc1)C(=O)Cn2c3c(cnc(n3)c4ccccc4)n(c2=O)COCCC(F)F
R3,emap3_Bn-4iPr_CH2CH2CF2CF3,CCN(Cc1ccc(C(C)C)cc1)C(=O)Cn2c3c(cnc(n3)c4ccccc4)n(c2=O)CC(F)C(F)(F)F
R3,emap3_Bn-4iPr_CH2CF2CF3,CCN(Cc1ccc(C(C)C)cc1)C(=O)Cn2c3c(cnc(n3)c4ccccc4)n(c2=O)C(F)C(F)(F)F
R3,emap3_Bn-4iPr_CH2CH2CH2CF2CF3,CCN(Cc1ccc(C(C)C)cc1)C(=O)Cn2c3c(cnc(n3)c4ccccc4)n(c2=O)CCC(F)C(F)(F)F
R3,emap3_Bn-4iPr_CH2CH2CF2CH3,CCN(Cc1ccc(C(C)C)cc1)C(=O)Cn2c3c(cnc(n3)c4ccccc4)n(c2=O)CC(F)C
R3,emap3_Bn-4iPr_OCH2CF2CF3,CCN(Cc1ccc(C(C)C)cc1)C(=O)Cn2c3c(cnc(n3)c4ccccc4)n(c2=O)COC(F)C(F)(F)F
R3,emap3_Bn-4iPr_OCH2CF2CH3,CCN(Cc1ccc(C(C)C)cc1)C(=O)Cn2c3c(cnc(n3)c4ccccc4)n(c2=O)COC(F)C
R3,emap3_Bn-4iPr_OCH2CH2CF2CF3,CCN(Cc1ccc(C(C)C)cc1)C(=O)Cn2c3c(cnc(n3)c4ccccc4)n(c2=O)COCC(F)C(F)(F)F
R3,emap3_Bn-4iPr_CH2CF2CH2F,CCN(Cc1ccc(C(C)C)cc1)C(=O)Cn2c3c(cnc(n3)c4ccccc4)n(c2=O)C(F)CF
R3,emap3_Bn-4iPr_CH2CH2CF2CH2F,CCN(Cc1ccc(C(C)C)cc1)C(=O)Cn2c3c(cnc(n3)c4ccccc4)n(c2=O)CC(F)CF
R3,emap3_Bn-4iPr_OCH2CF2CH2F,CCN(Cc1ccc(C(C)C)cc1)C(=O)Cn2c3c(cnc(n3)c4ccccc4)n(c2=O)COC(F)CF
R3,emap3_Bn-4iPr_CH2CH2CF2CH2CHF2,CCN(Cc1ccc(C(C)C)cc1)C(=O)Cn2c3c(cnc(n3)c4ccccc4)n(c2=O)CC(F)C(F)F
R3,emap3_Bn-4iPr_CH2CH2CF2CH2CF3,CCN(Cc1ccc(C(C)C)cc1)C(=O)Cn2c3c(cnc(n3)c4ccccc4)n(c2=O)CC(F)C(F)(F)F
R3,emap3_Bn-4iPr_OCH2CH2CF2CH2F,CCN(Cc1ccc(C(C)C)cc1)C(=O)Cn2c3c(cnc(n3)c4ccccc4)n(c2=O)COCC(F)CF
R3,emap3_Bn-4iPr_CH2CH2CF2CH2CH2F,CCN(Cc1ccc(C(C)C)cc1)C(=O)Cn2c3c(cnc(n3)c4ccccc4)n(c2=O)CC(F)CCF
R3,emap3_Bn-4iPr_CH2CF2CH2CH2F,CCN(Cc1ccc(C(C)C)cc1)C(=O)Cn2c3c(cnc(n3)c4ccccc4)n(c2=O)C(F)CCF
R3,emap3_Bn-4iPr_CH2CF2CH2CHF2,CCN(Cc1ccc(C(C)C)cc1)C(=O)Cn2c3c(cnc(n3)c4ccccc4)n(c2=O)C(F)C(F)F
R3,emap3_Bn-4iPr_CH2CF2CH2CF3,CCN(Cc1ccc(C(C)C)cc1)C(=O)Cn2c3c(cnc(n3)c4ccccc4)n(c2=O)C(F)C(F)(F)F
R3,emap3_Bn-4iPr_OCH2CF2CH2CH2F,CCN(Cc1ccc(C(C)C)cc1)C(=O)Cn2c3c(cnc(n3)c4ccccc4)n(c2=O)COC(F)CCF
R3,emap3_Bn-4iPr_OCH2CH2CF2CH2CH2F,CCN(Cc1ccc(C(C)C)cc1)C(=O)Cn2c3c(cnc(n3)c4ccccc4)n(c2=O)COCC(F)CCF
R3,emap3_Bn-4iPr_CH2CH2CF2CH2CH2CHF2,CCN(Cc1ccc(C(C)C)cc1)C(=O)Cn2c3c(cnc(n3)c4ccccc4)n(c2=O)CC(F)CC(F)F
R3,emap3_Bn-4iPr_CH2CH2CF2CH2CH2CF3,CCN(Cc1ccc(C(C)C)cc1)C(=O)Cn2c3c(cnc(n3)c4ccccc4)n(c2=O)CC(F)CC(F)(F)F
R3,emap3_Bn-4CN_Me,CCN(Cc1ccc(C#N)cc1)C(=O)Cn2c3c(cnc(n3)c4ccccc4)n(c2=O)C
R3,emap3_Bn-4CN_Et,CCN(Cc1ccc(C#N)cc1)C(=O)Cn2c3c(cnc(n3)c4ccccc4)n(c2=O)CC
R3,emap3_Bn-4CN_nPr,CCN(Cc1ccc(C#N)cc1)C(=O)Cn2c3c(cnc(n3)c4ccccc4)n(c2=O)CCC
R3,emap3_Bn-4CN_nBu,CCN(Cc1ccc(C#N)cc1)C(=O)Cn2c3c(cnc(n3)c4ccccc4)n(c2=O)CCCC
R3,emap3_Bn-4CN_CH2F,CCN(Cc1ccc(C#N)cc1)C(=O)Cn2c3c(cnc(n3)c4ccccc4)n(c2=O)CF
R3,emap3_Bn-4CN_CH2CH2F,CCN(Cc1ccc(C#N)cc1)C(=O)Cn2c3c(cnc(n3)c4ccccc4)n(c2=O)CCF
R3,emap3_Bn-4CN_CH2CH2CH2F,CCN(Cc1ccc(C#N)cc1)C(=O)Cn2c3c(cnc(n3)c4ccccc4)n(c2=O)CCCF
R3,emap3_Bn-4CN_CH2CHF2,CCN(Cc1ccc(C#N)cc1)C(=O)Cn2c3c(cnc(n3)c4ccccc4)n(c2=O)C(F)F
R3,emap3_Bn-4CN_CH2CH2CHF2,CCN(Cc1ccc(C#N)cc1)C(=O)Cn2c3c(cnc(n3)c4ccccc4)n(c2=O)CC(F)F
R3,emap3_Bn-4CN_CH2CH2CH2CHF2,CCN(Cc1ccc(C#N)cc1)C(=O)Cn2c3c(cnc(n3)c4ccccc4)n(c2=O)CCC(F)F
R3,emap3_Bn-4CN_CH2CF3,CCN(Cc1ccc(C#N)cc1)C(=O)Cn2c3c(cnc(n3)c4ccccc4)n(c2=O)C(F)(F)F
R3,emap3_Bn-4CN_CH2CH2CF3,CCN(Cc1ccc(C#N)cc1)C(=O)Cn2c3c(cnc(n3)c4ccccc4)n(c2=O)CC(F)(F)F
R3,emap3_Bn-4CN_CH2CH2CH2CF3,CCN(Cc1ccc(C#N)cc1)C(=O)Cn2c3c(cnc(n3)c4ccccc4)n(c2=O)CCC(F)(F)F
R3,emap3_Bn-4CN_OCH2F,CCN(Cc1ccc(C#N)cc1)C(=O)Cn2c3c(cnc(n3)c4ccccc4)n(c2=O)COF
R3,emap3_Bn-4CN_OCH2CHF2,CCN(Cc1ccc(C#N)cc1)C(=O)Cn2c3c(cnc(n3)c4ccccc4)n(c2=O)COC(F)F
R3,emap3_Bn-4CN_OCH2CF3,CCN(Cc1ccc(C#N)cc1)C(=O)Cn2c3c(cnc(n3)c4ccccc4)n(c2=O)COC(F)(F)F
R3,emap3_Bn-4CN_OCH2CH2F,CCN(Cc1ccc(C#N)cc1)C(=O)Cn2c3c(cnc(n3)c4ccccc4)n(c2=O)COCF
R3,emap3_Bn-4CN_OCH2CH2CF3,CCN(Cc1ccc(C#N)cc1)C(=O)Cn2c3c(cnc(n3)c4ccccc4)n(c2=O)COCC(F)(F)F
R3,emap3_Bn-4CN_OCH2CH2CHF2,CCN(Cc1ccc(C#N)cc1)C(=O)Cn2c3c(cnc(n3)c4ccccc4)n(c2=O)COCC(F)F
R3,emap3_Bn-4CN_OCH2CH2CH2F,CCN(Cc1ccc(C#N)cc1)C(=O)Cn2c3c(cnc(n3)c4ccccc4)n(c2=O)COCCF
R3,emap3_Bn-4CN_OCH2CH2CH2CF3,CCN(Cc1ccc(C#N)cc1)C(=O)Cn2c3c(cnc(n3)c4ccccc4)n(c2=O)COCCC(F)(F)F
R3,emap3_Bn-4CN_CH2SiMe3,CCN(Cc1ccc(C#N)cc1)C(=O)Cn2c3c(cnc(n3)c4ccccc4)n(c2=O)C[Si](C)(C)C
R3,emap3_Bn-4CN_CH2CH2SiMe3,CCN(Cc1ccc(C#N)cc1)C(=O)Cn2c3c(cnc(n3)c4ccccc4)n(c2=O)CC[Si](C)(C)C
R3,emap3_Bn-4CN_OSiMe3,CCN(Cc1ccc(C#N)cc1)C(=O)Cn2c3c(cnc(n3)c4ccccc4)n(c2=O)O[Si](C)(C)C
R3,emap3_Bn-4CN_CH2SiEt3,CCN(Cc1ccc(C#N)cc1)C(=O)Cn2c3c(cnc(n3)c4ccccc4)n(c2=O)C[Si](CC)(CC)CC
R3,emap3_Bn-4CN_tBu,CCN(Cc1ccc(C#N)cc1)C(=O)Cn2c3c(cnc(n3)c4ccccc4)n(c2=O)C(C)(C)C
R3,emap3_Bn-4CN_BnCH2,CCN(Cc1ccc(C#N)cc1)C(=O)Cn2c3c(cnc(n3)c4ccccc4)n(c2=O)Cc1ccccc1C
R3,emap3_Bn-4CN_PhCH2F,CCN(Cc1ccc(C#N)cc1)C(=O)Cn2c3c(cnc(n3)c4ccccc4)n(c2=O)c1ccccc1CF
R3,emap3_Bn-4CN_OCH2CF2H,CCN(Cc1ccc(C#N)cc1)C(=O)Cn2c3c(cnc(n3)c4ccccc4)n(c2=O)COC(F)F
R3,emap3_Bn-4CN_OCH2CH2CF2H,CCN(Cc1ccc(C#N)cc1)C(=O)Cn2c3c(cnc(n3)c4ccccc4)n(c2=O)COCC(F)F
R3,emap3_Bn-4CN_CH2CF2H,CCN(Cc1ccc(C#N)cc1)C(=O)Cn2c3c(cnc(n3)c4ccccc4)n(c2=O)C(F)F
R3,emap3_Bn-4CN_CH2CH2CF2H,CCN(Cc1ccc(C#N)cc1)C(=O)Cn2c3c(cnc(n3)c4ccccc4)n(c2=O)CC(F)F
R3,emap3_Bn-4CN_OCH2CH2CH2CHF2,CCN(Cc1ccc(C#N)cc1)C(=O)Cn2c3c(cnc(n3)c4ccccc4)n(c2=O)COCCC(F)F
R3,emap3_Bn-4CN_CH2CH2CF2CF3,CCN(Cc1ccc(C#N)cc1)C(=O)Cn2c3c(cnc(n3)c4ccccc4)n(c2=O)CC(F)C(F)(F)F
R3,emap3_Bn-4CN_CH2CF2CF3,CCN(Cc1ccc(C#N)cc1)C(=O)Cn2c3c(cnc(n3)c4ccccc4)n(c2=O)C(F)C(F)(F)F
R3,emap3_Bn-4CN_CH2CH2CH2CF2CF3,CCN(Cc1ccc(C#N)cc1)C(=O)Cn2c3c(cnc(n3)c4ccccc4)n(c2=O)CCC(F)C(F)(F)F
R3,emap3_Bn-4CN_CH2CH2CF2CH3,CCN(Cc1ccc(C#N)cc1)C(=O)Cn2c3c(cnc(n3)c4ccccc4)n(c2=O)CC(F)C
R3,emap3_Bn-4CN_OCH2CF2CF3,CCN(Cc1ccc(C#N)cc1)C(=O)Cn2c3c(cnc(n3)c4ccccc4)n(c2=O)COC(F)C(F)(F)F
R3,emap3_Bn-4CN_OCH2CF2CH3,CCN(Cc1ccc(C#N)cc1)C(=O)Cn2c3c(cnc(n3)c4ccccc4)n(c2=O)COC(F)C
R3,emap3_Bn-4CN_OCH2CH2CF2CF3,CCN(Cc1ccc(C#N)cc1)C(=O)Cn2c3c(cnc(n3)c4ccccc4)n(c2=O)COCC(F)C(F)(F)F
R3,emap3_Bn-4CN_CH2CF2CH2F,CCN(Cc1ccc(C#N)cc1)C(=O)Cn2c3c(cnc(n3)c4ccccc4)n(c2=O)C(F)CF
R3,emap3_Bn-4CN_CH2CH2CF2CH2F,CCN(Cc1ccc(C#N)cc1)C(=O)Cn2c3c(cnc(n3)c4ccccc4)n(c2=O)CC(F)CF
R3,emap3_Bn-4CN_OCH2CF2CH2F,CCN(Cc1ccc(C#N)cc1)C(=O)Cn2c3c(cnc(n3)c4ccccc4)n(c2=O)COC(F)CF
R3,emap3_Bn-4CN_CH2CH2CF2CH2CHF2,CCN(Cc1ccc(C#N)cc1)C(=O)Cn2c3c(cnc(n3)c4ccccc4)n(c2=O)CC(F)C(F)F
R3,emap3_Bn-4CN_CH2CH2CF2CH2CF3,CCN(Cc1ccc(C#N)cc1)C(=O)Cn2c3c(cnc(n3)c4ccccc4)n(c2=O)CC(F)C(F)(F)F
R3,emap3_Bn-4CN_OCH2CH2CF2CH2F,CCN(Cc1ccc(C#N)cc1)C(=O)Cn2c3c(cnc(n3)c4ccccc4)n(c2=O)COCC(F)CF
R3,emap3_Bn-4CN_CH2CH2CF2CH2CH2F,CCN(Cc1ccc(C#N)cc1)C(=O)Cn2c3c(cnc(n3)c4ccccc4)n(c2=O)CC(F)CCF
R3,emap3_Bn-4CN_CH2CF2CH2CH2F,CCN(Cc1ccc(C#N)cc1)C(=O)Cn2c3c(cnc(n3)c4ccccc4)n(c2=O)C(F)CCF
R3,emap3_Bn-4CN_CH2CF2CH2CHF2,CCN(Cc1ccc(C#N)cc1)C(=O)Cn2c3c(cnc(n3)c4ccccc4)n(c2=O)C(F)C(F)F
R3,emap3_Bn-4CN_CH2CF2CH2CF3,CCN(Cc1ccc(C#N)cc1)C(=O)Cn2c3c(cnc(n3)c4ccccc4)n(c2=O)C(F)C(F)(F)F
R3,emap3_Bn-4CN_OCH2CF2CH2CH2F,CCN(Cc1ccc(C#N)cc1)C(=O)Cn2c3c(cnc(n3)c4ccccc4)n(c2=O)COC(F)CCF
R3,emap3_Bn-4CN_OCH2CH2CF2CH2CH2F,CCN(Cc1ccc(C#N)cc1)C(=O)Cn2c3c(cnc(n3)c4ccccc4)n(c2=O)COCC(F)CCF
R3,emap3_Bn-4CN_CH2CH2CF2CH2CH2CHF2,CCN(Cc1ccc(C#N)cc1)C(=O)Cn2c3c(cnc(n3)c4ccccc4)n(c2=O)CC(F)CC(F)F
R3,emap3_Bn-4CN_CH2CH2CF2CH2CH2CF3,CCN(Cc1ccc(C#N)cc1)C(=O)Cn2c3c(cnc(n3)c4ccccc4)n(c2=O)CC(F)CC(F)(F)F
R3,emap3_Bn-4SF5_Me,CCN(Cc1ccc(S(F)(F)(F)(F)F)cc1)C(=O)Cn2c3c(cnc(n3)c4ccccc4)n(c2=O)C
R3,emap3_Bn-4SF5_Et,CCN(Cc1ccc(S(F)(F)(F)(F)F)cc1)C(=O)Cn2c3c(cnc(n3)c4ccccc4)n(c2=O)CC
R3,emap3_Bn-4SF5_nPr,CCN(Cc1ccc(S(F)(F)(F)(F)F)cc1)C(=O)Cn2c3c(cnc(n3)c4ccccc4)n(c2=O)CCC
R3,emap3_Bn-4SF5_nBu,CCN(Cc1ccc(S(F)(F)(F)(F)F)cc1)C(=O)Cn2c3c(cnc(n3)c4ccccc4)n(c2=O)CCCC
R3,emap3_Bn-4SF5_CH2F,CCN(Cc1ccc(S(F)(F)(F)(F)F)cc1)C(=O)Cn2c3c(cnc(n3)c4ccccc4)n(c2=O)CF
R3,emap3_Bn-4SF5_CH2CH2F,CCN(Cc1ccc(S(F)(F)(F)(F)F)cc1)C(=O)Cn2c3c(cnc(n3)c4ccccc4)n(c2=O)CCF
R3,emap3_Bn-4SF5_CH2CH2CH2F,CCN(Cc1ccc(S(F)(F)(F)(F)F)cc1)C(=O)Cn2c3c(cnc(n3)c4ccccc4)n(c2=O)CCCF
R3,emap3_Bn-4SF5_CH2CHF2,CCN(Cc1ccc(S(F)(F)(F)(F)F)cc1)C(=O)Cn2c3c(cnc(n3)c4ccccc4)n(c2=O)C(F)F
R3,emap3_Bn-4SF5_CH2CH2CHF2,CCN(Cc1ccc(S(F)(F)(F)(F)F)cc1)C(=O)Cn2c3c(cnc(n3)c4ccccc4)n(c2=O)CC(F)F
R3,emap3_Bn-4SF5_CH2CH2CH2CHF2,CCN(Cc1ccc(S(F)(F)(F)(F)F)cc1)C(=O)Cn2c3c(cnc(n3)c4ccccc4)n(c2=O)CCC(F)F
R3,emap3_Bn-4SF5_CH2CF3,CCN(Cc1ccc(S(F)(F)(F)(F)F)cc1)C(=O)Cn2c3c(cnc(n3)c4ccccc4)n(c2=O)C(F)(F)F
R3,emap3_Bn-4SF5_CH2CH2CF3,CCN(Cc1ccc(S(F)(F)(F)(F)F)cc1)C(=O)Cn2c3c(cnc(n3)c4ccccc4)n(c2=O)CC(F)(F)F
R3,emap3_Bn-4SF5_CH2CH2CH2CF3,CCN(Cc1ccc(S(F)(F)(F)(F)F)cc1)C(=O)Cn2c3c(cnc(n3)c4ccccc4)n(c2=O)CCC(F)(F)F
R3,emap3_Bn-4SF5_OCH2F,CCN(Cc1ccc(S(F)(F)(F)(F)F)cc1)C(=O)Cn2c3c(cnc(n3)c4ccccc4)n(c2=O)COF
R3,emap3_Bn-4SF5_OCH2CHF2,CCN(Cc1ccc(S(F)(F)(F)(F)F)cc1)C(=O)Cn2c3c(cnc(n3)c4ccccc4)n(c2=O)COC(F)F
R3,emap3_Bn-4SF5_OCH2CF3,CCN(Cc1ccc(S(F)(F)(F)(F)F)cc1)C(=O)Cn2c3c(cnc(n3)c4ccccc4)n(c2=O)COC(F)(F)F
R3,emap3_Bn-4SF5_OCH2CH2F,CCN(Cc1ccc(S(F)(F)(F)(F)F)cc1)C(=O)Cn2c3c(cnc(n3)c4ccccc4)n(c2=O)COCF
R3,emap3_Bn-4SF5_OCH2CH2CF3,CCN(Cc1ccc(S(F)(F)(F)(F)F)cc1)C(=O)Cn2c3c(cnc(n3)c4ccccc4)n(c2=O)COCC(F)(F)F
R3,emap3_Bn-4SF5_OCH2CH2CHF2,CCN(Cc1ccc(S(F)(F)(F)(F)F)cc1)C(=O)Cn2c3c(cnc(n3)c4ccccc4)n(c2=O)COCC(F)F
R3,emap3_Bn-4SF5_OCH2CH2CH2F,CCN(Cc1ccc(S(F)(F)(F)(F)F)cc1)C(=O)Cn2c3c(cnc(n3)c4ccccc4)n(c2=O)COCCF
R3,emap3_Bn-4SF5_OCH2CH2CH2CF3,CCN(Cc1ccc(S(F)(F)(F)(F)F)cc1)C(=O)Cn2c3c(cnc(n3)c4ccccc4)n(c2=O)COCCC(F)(F)F
R3,emap3_Bn-4SF5_CH2SiMe3,CCN(Cc1ccc(S(F)(F)(F)(F)F)cc1)C(=O)Cn2c3c(cnc(n3)c4ccccc4)n(c2=O)C[Si](C)(C)C
R3,emap3_Bn-4SF5_CH2CH2SiMe3,CCN(Cc1ccc(S(F)(F)(F)(F)F)cc1)C(=O)Cn2c3c(cnc(n3)c4ccccc4)n(c2=O)CC[Si](C)(C)C
R3,emap3_Bn-4SF5_OSiMe3,CCN(Cc1ccc(S(F)(F)(F)(F)F)cc1)C(=O)Cn2c3c(cnc(n3)c4ccccc4)n(c2=O)O[Si](C)(C)C
R3,emap3_Bn-4SF5_CH2SiEt3,CCN(Cc1ccc(S(F)(F)(F)(F)F)cc1)C(=O)Cn2c3c(cnc(n3)c4ccccc4)n(c2=O)C[Si](CC)(CC)CC
R3,emap3_Bn-4SF5_tBu,CCN(Cc1ccc(S(F)(F)(F)(F)F)cc1)C(=O)Cn2c3c(cnc(n3)c4ccccc4)n(c2=O)C(C)(C)C
R3,emap3_Bn-4SF5_BnCH2,CCN(Cc1ccc(S(F)(F)(F)(F)F)cc1)C(=O)Cn2c3c(cnc(n3)c4ccccc4)n(c2=O)Cc1ccccc1C
R3,emap3_Bn-4SF5_PhCH2F,CCN(Cc1ccc(S(F)(F)(F)(F)F)cc1)C(=O)Cn2c3c(cnc(n3)c4ccccc4)n(c2=O)c1ccccc1CF
R3,emap3_Bn-4SF5_OCH2CF2H,CCN(Cc1ccc(S(F)(F)(F)(F)F)cc1)C(=O)Cn2c3c(cnc(n3)c4ccccc4)n(c2=O)COC(F)F
R3,emap3_Bn-4SF5_OCH2CH2CF2H,CCN(Cc1ccc(S(F)(F)(F)(F)F)cc1)C(=O)Cn2c3c(cnc(n3)c4ccccc4)n(c2=O)COCC(F)F
R3,emap3_Bn-4SF5_CH2CF2H,CCN(Cc1ccc(S(F)(F)(F)(F)F)cc1)C(=O)Cn2c3c(cnc(n3)c4ccccc4)n(c2=O)C(F)F
R3,emap3_Bn-4SF5_CH2CH2CF2H,CCN(Cc1ccc(S(F)(F)(F)(F)F)cc1)C(=O)Cn2c3c(cnc(n3)c4ccccc4)n(c2=O)CC(F)F
R3,emap3_Bn-4SF5_OCH2CH2CH2CHF2,CCN(Cc1ccc(S(F)(F)(F)(F)F)cc1)C(=O)Cn2c3c(cnc(n3)c4ccccc4)n(c2=O)COCCC(F)F
R3,emap3_Bn-4SF5_CH2CH2CF2CF3,CCN(Cc1ccc(S(F)(F)(F)(F)F)cc1)C(=O)Cn2c3c(cnc(n3)c4ccccc4)n(c2=O)CC(F)C(F)(F)F
R3,emap3_Bn-4SF5_CH2CF2CF3,CCN(Cc1ccc(S(F)(F)(F)(F)F)cc1)C(=O)Cn2c3c(cnc(n3)c4ccccc4)n(c2=O)C(F)C(F)(F)F
R3,emap3_Bn-4SF5_CH2CH2CH2CF2CF3,CCN(Cc1ccc(S(F)(F)(F)(F)F)cc1)C(=O)Cn2c3c(cnc(n3)c4ccccc4)n(c2=O)CCC(F)C(F)(F)F
R3,emap3_Bn-4SF5_CH2CH2CF2CH3,CCN(Cc1ccc(S(F)(F)(F)(F)F)cc1)C(=O)Cn2c3c(cnc(n3)c4ccccc4)n(c2=O)CC(F)C
R3,emap3_Bn-4SF5_OCH2CF2CF3,CCN(Cc1ccc(S(F)(F)(F)(F)F)cc1)C(=O)Cn2c3c(cnc(n3)c4ccccc4)n(c2=O)COC(F)C(F)(F)F
R3,emap3_Bn-4SF5_OCH2CF2CH3,CCN(Cc1ccc(S(F)(F)(F)(F)F)cc1)C(=O)Cn2c3c(cnc(n3)c4ccccc4)n(c2=O)COC(F)C
R3,emap3_Bn-4SF5_OCH2CH2CF2CF3,CCN(Cc1ccc(S(F)(F)(F)(F)F)cc1)C(=O)Cn2c3c(cnc(n3)c4ccccc4)n(c2=O)COCC(F)C(F)(F)F
R3,emap3_Bn-4SF5_CH2CF2CH2F,CCN(Cc1ccc(S(F)(F)(F)(F)F)cc1)C(=O)Cn2c3c(cnc(n3)c4ccccc4)n(c2=O)C(F)CF
R3,emap3_Bn-4SF5_CH2CH2CF2CH2F,CCN(Cc1ccc(S(F)(F)(F)(F)F)cc1)C(=O)Cn2c3c(cnc(n3)c4ccccc4)n(c2=O)CC(F)CF
R3,emap3_Bn-4SF5_OCH2CF2CH2F,CCN(Cc1ccc(S(F)(F)(F)(F)F)cc1)C(=O)Cn2c3c(cnc(n3)c4ccccc4)n(c2=O)COC(F)CF
R3,emap3_Bn-4SF5_CH2CH2CF2CH2CHF2,CCN(Cc1ccc(S(F)(F)(F)(F)F)cc1)C(=O)Cn2c3c(cnc(n3)c4ccccc4)n(c2=O)CC(F)C(F)F
R3,emap3_Bn-4SF5_CH2CH2CF2CH2CF3,CCN(Cc1ccc(S(F)(F)(F)(F)F)cc1)C(=O)Cn2c3c(cnc(n3)c4ccccc4)n(c2=O)CC(F)C(F)(F)F
R3,emap3_Bn-4SF5_OCH2CH2CF2CH2F,CCN(Cc1ccc(S(F)(F)(F)(F)F)cc1)C(=O)Cn2c3c(cnc(n3)c4ccccc4)n(c2=O)COCC(F)CF
R3,emap3_Bn-4SF5_CH2CH2CF2CH2CH2F,CCN(Cc1ccc(S(F)(F)(F)(F)F)cc1)C(=O)Cn2c3c(cnc(n3)c4ccccc4)n(c2=O)CC(F)CCF
R3,emap3_Bn-4SF5_CH2CF2CH2CH2F,CCN(Cc1ccc(S(F)(F)(F)(F)F)cc1)C(=O)Cn2c3c(cnc(n3)c4ccccc4)n(c2=O)C(F)CCF
R3,emap3_Bn-4SF5_CH2CF2CH2CHF2,CCN(Cc1ccc(S(F)(F)(F)(F)F)cc1)C(=O)Cn2c3c(cnc(n3)c4ccccc4)n(c2=O)C(F)C(F)F
R3,emap3_Bn-4SF5_CH2CF2CH2CF3,CCN(Cc1ccc(S(F)(F)(F)(F)F)cc1)C(=O)Cn2c3c(cnc(n3)c4ccccc4)n(c2=O)C(F)C(F)(F)F
R3,emap3_Bn-4SF5_OCH2CF2CH2CH2F,CCN(Cc1ccc(S(F)(F)(F)(F)F)cc1)C(=O)Cn2c3c(cnc(n3)c4ccccc4)n(c2=O)COC(F)CCF
R3,emap3_Bn-4SF5_OCH2CH2CF2CH2CH2F,CCN(Cc1ccc(S(F)(F)(F)(F)F)cc1)C(=O)Cn2c3c(cnc(n3)c4ccccc4)n(c2=O)COCC(F)CCF
R3,emap3_Bn-4SF5_CH2CH2CF2CH2CH2CHF2,CCN(Cc1ccc(S(F)(F)(F)(F)F)cc1)C(=O)Cn2c3c(cnc(n3)c4ccccc4)n(c2=O)CC(F)CC(F)F
R3,emap3_Bn-4SF5_CH2CH2CF2CH2CH2CF3,CCN(Cc1ccc(S(F)(F)(F)(F)F)cc1)C(=O)Cn2c3c(cnc(n3)c4ccccc4)n(c2=O)CC(F)CC(F)(F)F
R3,emap3_Bn-3SF5_Me,CCN(Cc1cc(S(F)(F)(F)(F)F)ccc1)C(=O)Cn2c3c(cnc(n3)c4ccccc4)n(c2=O)C
R3,emap3_Bn-3SF5_Et,CCN(Cc1cc(S(F)(F)(F)(F)F)ccc1)C(=O)Cn2c3c(cnc(n3)c4ccccc4)n(c2=O)CC
R3,emap3_Bn-3SF5_nPr,CCN(Cc1cc(S(F)(F)(F)(F)F)ccc1)C(=O)Cn2c3c(cnc(n3)c4ccccc4)n(c2=O)CCC
R3,emap3_Bn-3SF5_nBu,CCN(Cc1cc(S(F)(F)(F)(F)F)ccc1)C(=O)Cn2c3c(cnc(n3)c4ccccc4)n(c2=O)CCCC
R3,emap3_Bn-3SF5_CH2F,CCN(Cc1cc(S(F)(F)(F)(F)F)ccc1)C(=O)Cn2c3c(cnc(n3)c4ccccc4)n(c2=O)CF
R3,emap3_Bn-3SF5_CH2CH2F,CCN(Cc1cc(S(F)(F)(F)(F)F)ccc1)C(=O)Cn2c3c(cnc(n3)c4ccccc4)n(c2=O)CCF
R3,emap3_Bn-3SF5_CH2CH2CH2F,CCN(Cc1cc(S(F)(F)(F)(F)F)ccc1)C(=O)Cn2c3c(cnc(n3)c4ccccc4)n(c2=O)CCCF
R3,emap3_Bn-3SF5_CH2CHF2,CCN(Cc1cc(S(F)(F)(F)(F)F)ccc1)C(=O)Cn2c3c(cnc(n3)c4ccccc4)n(c2=O)C(F)F
R3,emap3_Bn-3SF5_CH2CH2CHF2,CCN(Cc1cc(S(F)(F)(F)(F)F)ccc1)C(=O)Cn2c3c(cnc(n3)c4ccccc4)n(c2=O)CC(F)F
R3,emap3_Bn-3SF5_CH2CH2CH2CHF2,CCN(Cc1cc(S(F)(F)(F)(F)F)ccc1)C(=O)Cn2c3c(cnc(n3)c4ccccc4)n(c2=O)CCC(F)F
R3,emap3_Bn-3SF5_CH2CF3,CCN(Cc1cc(S(F)(F)(F)(F)F)ccc1)C(=O)Cn2c3c(cnc(n3)c4ccccc4)n(c2=O)C(F)(F)F
R3,emap3_Bn-3SF5_CH2CH2CF3,CCN(Cc1cc(S(F)(F)(F)(F)F)ccc1)C(=O)Cn2c3c(cnc(n3)c4ccccc4)n(c2=O)CC(F)(F)F
R3,emap3_Bn-3SF5_CH2CH2CH2CF3,CCN(Cc1cc(S(F)(F)(F)(F)F)ccc1)C(=O)Cn2c3c(cnc(n3)c4ccccc4)n(c2=O)CCC(F)(F)F
R3,emap3_Bn-3SF5_OCH2F,CCN(Cc1cc(S(F)(F)(F)(F)F)ccc1)C(=O)Cn2c3c(cnc(n3)c4ccccc4)n(c2=O)COF
R3,emap3_Bn-3SF5_OCH2CHF2,CCN(Cc1cc(S(F)(F)(F)(F)F)ccc1)C(=O)Cn2c3c(cnc(n3)c4ccccc4)n(c2=O)COC(F)F
R3,emap3_Bn-3SF5_OCH2CF3,CCN(Cc1cc(S(F)(F)(F)(F)F)ccc1)C(=O)Cn2c3c(cnc(n3)c4ccccc4)n(c2=O)COC(F)(F)F
R3,emap3_Bn-3SF5_OCH2CH2F,CCN(Cc1cc(S(F)(F)(F)(F)F)ccc1)C(=O)Cn2c3c(cnc(n3)c4ccccc4)n(c2=O)COCF
R3,emap3_Bn-3SF5_OCH2CH2CF3,CCN(Cc1cc(S(F)(F)(F)(F)F)ccc1)C(=O)Cn2c3c(cnc(n3)c4ccccc4)n(c2=O)COCC(F)(F)F
R3,emap3_Bn-3SF5_OCH2CH2CHF2,CCN(Cc1cc(S(F)(F)(F)(F)F)ccc1)C(=O)Cn2c3c(cnc(n3)c4ccccc4)n(c2=O)COCC(F)F
R3,emap3_Bn-3SF5_OCH2CH2CH2F,CCN(Cc1cc(S(F)(F)(F)(F)F)ccc1)C(=O)Cn2c3c(cnc(n3)c4ccccc4)n(c2=O)COCCF
R3,emap3_Bn-3SF5_OCH2CH2CH2CF3,CCN(Cc1cc(S(F)(F)(F)(F)F)ccc1)C(=O)Cn2c3c(cnc(n3)c4ccccc4)n(c2=O)COCCC(F)(F)F
R3,emap3_Bn-3SF5_CH2SiMe3,CCN(Cc1cc(S(F)(F)(F)(F)F)ccc1)C(=O)Cn2c3c(cnc(n3)c4ccccc4)n(c2=O)C[Si](C)(C)C
R3,emap3_Bn-3SF5_CH2CH2SiMe3,CCN(Cc1cc(S(F)(F)(F)(F)F)ccc1)C(=O)Cn2c3c(cnc(n3)c4ccccc4)n(c2=O)CC[Si](C)(C)C
R3,emap3_Bn-3SF5_OSiMe3,CCN(Cc1cc(S(F)(F)(F)(F)F)ccc1)C(=O)Cn2c3c(cnc(n3)c4ccccc4)n(c2=O)O[Si](C)(C)C
R3,emap3_Bn-3SF5_CH2SiEt3,CCN(Cc1cc(S(F)(F)(F)(F)F)ccc1)C(=O)Cn2c3c(cnc(n3)c4ccccc4)n(c2=O)C[Si](CC)(CC)CC
R3,emap3_Bn-3SF5_tBu,CCN(Cc1cc(S(F)(F)(F)(F)F)ccc1)C(=O)Cn2c3c(cnc(n3)c4ccccc4)n(c2=O)C(C)(C)C
R3,emap3_Bn-3SF5_BnCH2,CCN(Cc1cc(S(F)(F)(F)(F)F)ccc1)C(=O)Cn2c3c(cnc(n3)c4ccccc4)n(c2=O)Cc1ccccc1C
R3,emap3_Bn-3SF5_PhCH2F,CCN(Cc1cc(S(F)(F)(F)(F)F)ccc1)C(=O)Cn2c3c(cnc(n3)c4ccccc4)n(c2=O)c1ccccc1CF
R3,emap3_Bn-3SF5_OCH2CF2H,CCN(Cc1cc(S(F)(F)(F)(F)F)ccc1)C(=O)Cn2c3c(cnc(n3)c4ccccc4)n(c2=O)COC(F)F
R3,emap3_Bn-3SF5_OCH2CH2CF2H,CCN(Cc1cc(S(F)(F)(F)(F)F)ccc1)C(=O)Cn2c3c(cnc(n3)c4ccccc4)n(c2=O)COCC(F)F
R3,emap3_Bn-3SF5_CH2CF2H,CCN(Cc1cc(S(F)(F)(F)(F)F)ccc1)C(=O)Cn2c3c(cnc(n3)c4ccccc4)n(c2=O)C(F)F
R3,emap3_Bn-3SF5_CH2CH2CF2H,CCN(Cc1cc(S(F)(F)(F)(F)F)ccc1)C(=O)Cn2c3c(cnc(n3)c4ccccc4)n(c2=O)CC(F)F
R3,emap3_Bn-3SF5_OCH2CH2CH2CHF2,CCN(Cc1cc(S(F)(F)(F)(F)F)ccc1)C(=O)Cn2c3c(cnc(n3)c4ccccc4)n(c2=O)COCCC(F)F
R3,emap3_Bn-3SF5_CH2CH2CF2CF3,CCN(Cc1cc(S(F)(F)(F)(F)F)ccc1)C(=O)Cn2c3c(cnc(n3)c4ccccc4)n(c2=O)CC(F)C(F)(F)F
R3,emap3_Bn-3SF5_CH2CF2CF3,CCN(Cc1cc(S(F)(F)(F)(F)F)ccc1)C(=O)Cn2c3c(cnc(n3)c4ccccc4)n(c2=O)C(F)C(F)(F)F
R3,emap3_Bn-3SF5_CH2CH2CH2CF2CF3,CCN(Cc1cc(S(F)(F)(F)(F)F)ccc1)C(=O)Cn2c3c(cnc(n3)c4ccccc4)n(c2=O)CCC(F)C(F)(F)F
R3,emap3_Bn-3SF5_CH2CH2CF2CH3,CCN(Cc1cc(S(F)(F)(F)(F)F)ccc1)C(=O)Cn2c3c(cnc(n3)c4ccccc4)n(c2=O)CC(F)C
R3,emap3_Bn-3SF5_OCH2CF2CF3,CCN(Cc1cc(S(F)(F)(F)(F)F)ccc1)C(=O)Cn2c3c(cnc(n3)c4ccccc4)n(c2=O)COC(F)C(F)(F)F
R3,emap3_Bn-3SF5_OCH2CF2CH3,CCN(Cc1cc(S(F)(F)(F)(F)F)ccc1)C(=O)Cn2c3c(cnc(n3)c4ccccc4)n(c2=O)COC(F)C
R3,emap3_Bn-3SF5_OCH2CH2CF2CF3,CCN(Cc1cc(S(F)(F)(F)(F)F)ccc1)C(=O)Cn2c3c(cnc(n3)c4ccccc4)n(c2=O)COCC(F)C(F)(F)F
R3,emap3_Bn-3SF5_CH2CF2CH2F,CCN(Cc1cc(S(F)(F)(F)(F)F)ccc1)C(=O)Cn2c3c(cnc(n3)c4ccccc4)n(c2=O)C(F)CF
R3,emap3_Bn-3SF5_CH2CH2CF2CH2F,CCN(Cc1cc(S(F)(F)(F)(F)F)ccc1)C(=O)Cn2c3c(cnc(n3)c4ccccc4)n(c2=O)CC(F)CF
R3,emap3_Bn-3SF5_OCH2CF2CH2F,CCN(Cc1cc(S(F)(F)(F)(F)F)ccc1)C(=O)Cn2c3c(cnc(n3)c4ccccc4)n(c2=O)COC(F)CF
R3,emap3_Bn-3SF5_CH2CH2CF2CH2CHF2,CCN(Cc1cc(S(F)(F)(F)(F)F)ccc1)C(=O)Cn2c3c(cnc(n3)c4ccccc4)n(c2=O)CC(F)C(F)F
R3,emap3_Bn-3SF5_CH2CH2CF2CH2CF3,CCN(Cc1cc(S(F)(F)(F)(F)F)ccc1)C(=O)Cn2c3c(cnc(n3)c4ccccc4)n(c2=O)CC(F)C(F)(F)F
R3,emap3_Bn-3SF5_OCH2CH2CF2CH2F,CCN(Cc1cc(S(F)(F)(F)(F)F)ccc1)C(=O)Cn2c3c(cnc(n3)c4ccccc4)n(c2=O)COCC(F)CF
R3,emap3_Bn-3SF5_CH2CH2CF2CH2CH2F,CCN(Cc1cc(S(F)(F)(F)(F)F)ccc1)C(=O)Cn2c3c(cnc(n3)c4ccccc4)n(c2=O)CC(F)CCF
R3,emap3_Bn-3SF5_CH2CF2CH2CH2F,CCN(Cc1cc(S(F)(F)(F)(F)F)ccc1)C(=O)Cn2c3c(cnc(n3)c4ccccc4)n(c2=O)C(F)CCF
R3,emap3_Bn-3SF5_CH2CF2CH2CHF2,CCN(Cc1cc(S(F)(F)(F)(F)F)ccc1)C(=O)Cn2c3c(cnc(n3)c4ccccc4)n(c2=O)C(F)C(F)F
R3,emap3_Bn-3SF5_CH2CF2CH2CF3,CCN(Cc1cc(S(F)(F)(F)(F)F)ccc1)C(=O)Cn2c3c(cnc(n3)c4ccccc4)n(c2=O)C(F)C(F)(F)F
R3,emap3_Bn-3SF5_OCH2CF2CH2CH2F,CCN(Cc1cc(S(F)(F)(F)(F)F)ccc1)C(=O)Cn2c3c(cnc(n3)c4ccccc4)n(c2=O)COC(F)CCF
R3,emap3_Bn-3SF5_OCH2CH2CF2CH2CH2F,CCN(Cc1cc(S(F)(F)(F)(F)F)ccc1)C(=O)Cn2c3c(cnc(n3)c4ccccc4)n(c2=O)COCC(F)CCF
R3,emap3_Bn-3SF5_CH2CH2CF2CH2CH2CHF2,CCN(Cc1cc(S(F)(F)(F)(F)F)ccc1)C(=O)Cn2c3c(cnc(n3)c4ccccc4)n(c2=O)CC(F)CC(F)F
R3,emap3_Bn-3SF5_CH2CH2CF2CH2CH2CF3,CCN(Cc1cc(S(F)(F)(F)(F)F)ccc1)C(=O)Cn2c3c(cnc(n3)c4ccccc4)n(c2=O)CC(F)CC(F)(F)F
R3,emap3_Bn-4OCF2H_Me,CCN(Cc1ccc(OC(F)F)cc1)C(=O)Cn2c3c(cnc(n3)c4ccccc4)n(c2=O)C
R3,emap3_Bn-4OCF2H_Et,CCN(Cc1ccc(OC(F)F)cc1)C(=O)Cn2c3c(cnc(n3)c4ccccc4)n(c2=O)CC
R3,emap3_Bn-4OCF2H_nPr,CCN(Cc1ccc(OC(F)F)cc1)C(=O)Cn2c3c(cnc(n3)c4ccccc4)n(c2=O)CCC
R3,emap3_Bn-4OCF2H_nBu,CCN(Cc1ccc(OC(F)F)cc1)C(=O)Cn2c3c(cnc(n3)c4ccccc4)n(c2=O)CCCC
R3,emap3_Bn-4OCF2H_CH2F,CCN(Cc1ccc(OC(F)F)cc1)C(=O)Cn2c3c(cnc(n3)c4ccccc4)n(c2=O)CF
R3,emap3_Bn-4OCF2H_CH2CH2F,CCN(Cc1ccc(OC(F)F)cc1)C(=O)Cn2c3c(cnc(n3)c4ccccc4)n(c2=O)CCF
R3,emap3_Bn-4OCF2H_CH2CH2CH2F,CCN(Cc1ccc(OC(F)F)cc1)C(=O)Cn2c3c(cnc(n3)c4ccccc4)n(c2=O)CCCF
R3,emap3_Bn-4OCF2H_CH2CHF2,CCN(Cc1ccc(OC(F)F)cc1)C(=O)Cn2c3c(cnc(n3)c4ccccc4)n(c2=O)C(F)F
R3,emap3_Bn-4OCF2H_CH2CH2CHF2,CCN(Cc1ccc(OC(F)F)cc1)C(=O)Cn2c3c(cnc(n3)c4ccccc4)n(c2=O)CC(F)F
R3,emap3_Bn-4OCF2H_CH2CH2CH2CHF2,CCN(Cc1ccc(OC(F)F)cc1)C(=O)Cn2c3c(cnc(n3)c4ccccc4)n(c2=O)CCC(F)F
R3,emap3_Bn-4OCF2H_CH2CF3,CCN(Cc1ccc(OC(F)F)cc1)C(=O)Cn2c3c(cnc(n3)c4ccccc4)n(c2=O)C(F)(F)F
R3,emap3_Bn-4OCF2H_CH2CH2CF3,CCN(Cc1ccc(OC(F)F)cc1)C(=O)Cn2c3c(cnc(n3)c4ccccc4)n(c2=O)CC(F)(F)F
R3,emap3_Bn-4OCF2H_CH2CH2CH2CF3,CCN(Cc1ccc(OC(F)F)cc1)C(=O)Cn2c3c(cnc(n3)c4ccccc4)n(c2=O)CCC(F)(F)F
R3,emap3_Bn-4OCF2H_OCH2F,CCN(Cc1ccc(OC(F)F)cc1)C(=O)Cn2c3c(cnc(n3)c4ccccc4)n(c2=O)COF
R3,emap3_Bn-4OCF2H_OCH2CHF2,CCN(Cc1ccc(OC(F)F)cc1)C(=O)Cn2c3c(cnc(n3)c4ccccc4)n(c2=O)COC(F)F
R3,emap3_Bn-4OCF2H_OCH2CF3,CCN(Cc1ccc(OC(F)F)cc1)C(=O)Cn2c3c(cnc(n3)c4ccccc4)n(c2=O)COC(F)(F)F
R3,emap3_Bn-4OCF2H_OCH2CH2F,CCN(Cc1ccc(OC(F)F)cc1)C(=O)Cn2c3c(cnc(n3)c4ccccc4)n(c2=O)COCF
R3,emap3_Bn-4OCF2H_OCH2CH2CF3,CCN(Cc1ccc(OC(F)F)cc1)C(=O)Cn2c3c(cnc(n3)c4ccccc4)n(c2=O)COCC(F)(F)F
R3,emap3_Bn-4OCF2H_OCH2CH2CHF2,CCN(Cc1ccc(OC(F)F)cc1)C(=O)Cn2c3c(cnc(n3)c4ccccc4)n(c2=O)COCC(F)F
R3,emap3_Bn-4OCF2H_OCH2CH2CH2F,CCN(Cc1ccc(OC(F)F)cc1)C(=O)Cn2c3c(cnc(n3)c4ccccc4)n(c2=O)COCCF
R3,emap3_Bn-4OCF2H_OCH2CH2CH2CF3,CCN(Cc1ccc(OC(F)F)cc1)C(=O)Cn2c3c(cnc(n3)c4ccccc4)n(c2=O)COCCC(F)(F)F
R3,emap3_Bn-4OCF2H_CH2SiMe3,CCN(Cc1ccc(OC(F)F)cc1)C(=O)Cn2c3c(cnc(n3)c4ccccc4)n(c2=O)C[Si](C)(C)C
R3,emap3_Bn-4OCF2H_CH2CH2SiMe3,CCN(Cc1ccc(OC(F)F)cc1)C(=O)Cn2c3c(cnc(n3)c4ccccc4)n(c2=O)CC[Si](C)(C)C
R3,emap3_Bn-4OCF2H_OSiMe3,CCN(Cc1ccc(OC(F)F)cc1)C(=O)Cn2c3c(cnc(n3)c4ccccc4)n(c2=O)O[Si](C)(C)C
R3,emap3_Bn-4OCF2H_CH2SiEt3,CCN(Cc1ccc(OC(F)F)cc1)C(=O)Cn2c3c(cnc(n3)c4ccccc4)n(c2=O)C[Si](CC)(CC)CC
R3,emap3_Bn-4OCF2H_tBu,CCN(Cc1ccc(OC(F)F)cc1)C(=O)Cn2c3c(cnc(n3)c4ccccc4)n(c2=O)C(C)(C)C
R3,emap3_Bn-4OCF2H_BnCH2,CCN(Cc1ccc(OC(F)F)cc1)C(=O)Cn2c3c(cnc(n3)c4ccccc4)n(c2=O)Cc1ccccc1C
R3,emap3_Bn-4OCF2H_PhCH2F,CCN(Cc1ccc(OC(F)F)cc1)C(=O)Cn2c3c(cnc(n3)c4ccccc4)n(c2=O)c1ccccc1CF
R3,emap3_Bn-4OCF2H_OCH2CF2H,CCN(Cc1ccc(OC(F)F)cc1)C(=O)Cn2c3c(cnc(n3)c4ccccc4)n(c2=O)COC(F)F
R3,emap3_Bn-4OCF2H_OCH2CH2CF2H,CCN(Cc1ccc(OC(F)F)cc1)C(=O)Cn2c3c(cnc(n3)c4ccccc4)n(c2=O)COCC(F)F
R3,emap3_Bn-4OCF2H_CH2CF2H,CCN(Cc1ccc(OC(F)F)cc1)C(=O)Cn2c3c(cnc(n3)c4ccccc4)n(c2=O)C(F)F
R3,emap3_Bn-4OCF2H_CH2CH2CF2H,CCN(Cc1ccc(OC(F)F)cc1)C(=O)Cn2c3c(cnc(n3)c4ccccc4)n(c2=O)CC(F)F
R3,emap3_Bn-4OCF2H_OCH2CH2CH2CHF2,CCN(Cc1ccc(OC(F)F)cc1)C(=O)Cn2c3c(cnc(n3)c4ccccc4)n(c2=O)COCCC(F)F
R3,emap3_Bn-4OCF2H_CH2CH2CF2CF3,CCN(Cc1ccc(OC(F)F)cc1)C(=O)Cn2c3c(cnc(n3)c4ccccc4)n(c2=O)CC(F)C(F)(F)F
R3,emap3_Bn-4OCF2H_CH2CF2CF3,CCN(Cc1ccc(OC(F)F)cc1)C(=O)Cn2c3c(cnc(n3)c4ccccc4)n(c2=O)C(F)C(F)(F)F
R3,emap3_Bn-4OCF2H_CH2CH2CH2CF2CF3,CCN(Cc1ccc(OC(F)F)cc1)C(=O)Cn2c3c(cnc(n3)c4ccccc4)n(c2=O)CCC(F)C(F)(F)F
R3,emap3_Bn-4OCF2H_CH2CH2CF2CH3,CCN(Cc1ccc(OC(F)F)cc1)C(=O)Cn2c3c(cnc(n3)c4ccccc4)n(c2=O)CC(F)C
R3,emap3_Bn-4OCF2H_OCH2CF2CF3,CCN(Cc1ccc(OC(F)F)cc1)C(=O)Cn2c3c(cnc(n3)c4ccccc4)n(c2=O)COC(F)C(F)(F)F
R3,emap3_Bn-4OCF2H_OCH2CF2CH3,CCN(Cc1ccc(OC(F)F)cc1)C(=O)Cn2c3c(cnc(n3)c4ccccc4)n(c2=O)COC(F)C
R3,emap3_Bn-4OCF2H_OCH2CH2CF2CF3,CCN(Cc1ccc(OC(F)F)cc1)C(=O)Cn2c3c(cnc(n3)c4ccccc4)n(c2=O)COCC(F)C(F)(F)F
R3,emap3_Bn-4OCF2H_CH2CF2CH2F,CCN(Cc1ccc(OC(F)F)cc1)C(=O)Cn2c3c(cnc(n3)c4ccccc4)n(c2=O)C(F)CF
R3,emap3_Bn-4OCF2H_CH2CH2CF2CH2F,CCN(Cc1ccc(OC(F)F)cc1)C(=O)Cn2c3c(cnc(n3)c4ccccc4)n(c2=O)CC(F)CF
R3,emap3_Bn-4OCF2H_OCH2CF2CH2F,CCN(Cc1ccc(OC(F)F)cc1)C(=O)Cn2c3c(cnc(n3)c4ccccc4)n(c2=O)COC(F)CF
R3,emap3_Bn-4OCF2H_CH2CH2CF2CH2CHF2,CCN(Cc1ccc(OC(F)F)cc1)C(=O)Cn2c3c(cnc(n3)c4ccccc4)n(c2=O)CC(F)C(F)F
R3,emap3_Bn-4OCF2H_CH2CH2CF2CH2CF3,CCN(Cc1ccc(OC(F)F)cc1)C(=O)Cn2c3c(cnc(n3)c4ccccc4)n(c2=O)CC(F)C(F)(F)F
R3,emap3_Bn-4OCF2H_OCH2CH2CF2CH2F,CCN(Cc1ccc(OC(F)F)cc1)C(=O)Cn2c3c(cnc(n3)c4ccccc4)n(c2=O)COCC(F)CF
R3,emap3_Bn-4OCF2H_CH2CH2CF2CH2CH2F,CCN(Cc1ccc(OC(F)F)cc1)C(=O)Cn2c3c(cnc(n3)c4ccccc4)n(c2=O)CC(F)CCF
R3,emap3_Bn-4OCF2H_CH2CF2CH2CH2F,CCN(Cc1ccc(OC(F)F)cc1)C(=O)Cn2c3c(cnc(n3)c4ccccc4)n(c2=O)C(F)CCF
R3,emap3_Bn-4OCF2H_CH2CF2CH2CHF2,CCN(Cc1ccc(OC(F)F)cc1)C(=O)Cn2c3c(cnc(n3)c4ccccc4)n(c2=O)C(F)C(F)F
R3,emap3_Bn-4OCF2H_CH2CF2CH2CF3,CCN(Cc1ccc(OC(F)F)cc1)C(=O)Cn2c3c(cnc(n3)c4ccccc4)n(c2=O)C(F)C(F)(F)F
R3,emap3_Bn-4OCF2H_OCH2CF2CH2CH2F,CCN(Cc1ccc(OC(F)F)cc1)C(=O)Cn2c3c(cnc(n3)c4ccccc4)n(c2=O)COC(F)CCF
R3,emap3_Bn-4OCF2H_OCH2CH2CF2CH2CH2F,CCN(Cc1ccc(OC(F)F)cc1)C(=O)Cn2c3c(cnc(n3)c4ccccc4)n(c2=O)COCC(F)CCF
R3,emap3_Bn-4OCF2H_CH2CH2CF2CH2CH2CHF2,CCN(Cc1ccc(OC(F)F)cc1)C(=O)Cn2c3c(cnc(n3)c4ccccc4)n(c2=O)CC(F)CC(F)F
R3,emap3_Bn-4OCF2H_CH2CH2CF2CH2CH2CF3,CCN(Cc1ccc(OC(F)F)cc1)C(=O)Cn2c3c(cnc(n3)c4ccccc4)n(c2=O)CC(F)CC(F)(F)F
R3,emap3_Bn-4OCF2CF3_Me,CCN(Cc1ccc(OC(F)C(F)(F)F)cc1)C(=O)Cn2c3c(cnc(n3)c4ccccc4)n(c2=O)C
R3,emap3_Bn-4OCF2CF3_Et,CCN(Cc1ccc(OC(F)C(F)(F)F)cc1)C(=O)Cn2c3c(cnc(n3)c4ccccc4)n(c2=O)CC
R3,emap3_Bn-4OCF2CF3_nPr,CCN(Cc1ccc(OC(F)C(F)(F)F)cc1)C(=O)Cn2c3c(cnc(n3)c4ccccc4)n(c2=O)CCC
R3,emap3_Bn-4OCF2CF3_nBu,CCN(Cc1ccc(OC(F)C(F)(F)F)cc1)C(=O)Cn2c3c(cnc(n3)c4ccccc4)n(c2=O)CCCC
R3,emap3_Bn-4OCF2CF3_CH2F,CCN(Cc1ccc(OC(F)C(F)(F)F)cc1)C(=O)Cn2c3c(cnc(n3)c4ccccc4)n(c2=O)CF
R3,emap3_Bn-4OCF2CF3_CH2CH2F,CCN(Cc1ccc(OC(F)C(F)(F)F)cc1)C(=O)Cn2c3c(cnc(n3)c4ccccc4)n(c2=O)CCF
R3,emap3_Bn-4OCF2CF3_CH2CH2CH2F,CCN(Cc1ccc(OC(F)C(F)(F)F)cc1)C(=O)Cn2c3c(cnc(n3)c4ccccc4)n(c2=O)CCCF
R3,emap3_Bn-4OCF2CF3_CH2CHF2,CCN(Cc1ccc(OC(F)C(F)(F)F)cc1)C(=O)Cn2c3c(cnc(n3)c4ccccc4)n(c2=O)C(F)F
R3,emap3_Bn-4OCF2CF3_CH2CH2CHF2,CCN(Cc1ccc(OC(F)C(F)(F)F)cc1)C(=O)Cn2c3c(cnc(n3)c4ccccc4)n(c2=O)CC(F)F
R3,emap3_Bn-4OCF2CF3_CH2CH2CH2CHF2,CCN(Cc1ccc(OC(F)C(F)(F)F)cc1)C(=O)Cn2c3c(cnc(n3)c4ccccc4)n(c2=O)CCC(F)F
R3,emap3_Bn-4OCF2CF3_CH2CF3,CCN(Cc1ccc(OC(F)C(F)(F)F)cc1)C(=O)Cn2c3c(cnc(n3)c4ccccc4)n(c2=O)C(F)(F)F
R3,emap3_Bn-4OCF2CF3_CH2CH2CF3,CCN(Cc1ccc(OC(F)C(F)(F)F)cc1)C(=O)Cn2c3c(cnc(n3)c4ccccc4)n(c2=O)CC(F)(F)F
R3,emap3_Bn-4OCF2CF3_CH2CH2CH2CF3,CCN(Cc1ccc(OC(F)C(F)(F)F)cc1)C(=O)Cn2c3c(cnc(n3)c4ccccc4)n(c2=O)CCC(F)(F)F
R3,emap3_Bn-4OCF2CF3_OCH2F,CCN(Cc1ccc(OC(F)C(F)(F)F)cc1)C(=O)Cn2c3c(cnc(n3)c4ccccc4)n(c2=O)COF
R3,emap3_Bn-4OCF2CF3_OCH2CHF2,CCN(Cc1ccc(OC(F)C(F)(F)F)cc1)C(=O)Cn2c3c(cnc(n3)c4ccccc4)n(c2=O)COC(F)F
R3,emap3_Bn-4OCF2CF3_OCH2CF3,CCN(Cc1ccc(OC(F)C(F)(F)F)cc1)C(=O)Cn2c3c(cnc(n3)c4ccccc4)n(c2=O)COC(F)(F)F
R3,emap3_Bn-4OCF2CF3_OCH2CH2F,CCN(Cc1ccc(OC(F)C(F)(F)F)cc1)C(=O)Cn2c3c(cnc(n3)c4ccccc4)n(c2=O)COCF
R3,emap3_Bn-4OCF2CF3_OCH2CH2CF3,CCN(Cc1ccc(OC(F)C(F)(F)F)cc1)C(=O)Cn2c3c(cnc(n3)c4ccccc4)n(c2=O)COCC(F)(F)F
R3,emap3_Bn-4OCF2CF3_OCH2CH2CHF2,CCN(Cc1ccc(OC(F)C(F)(F)F)cc1)C(=O)Cn2c3c(cnc(n3)c4ccccc4)n(c2=O)COCC(F)F
R3,emap3_Bn-4OCF2CF3_OCH2CH2CH2F,CCN(Cc1ccc(OC(F)C(F)(F)F)cc1)C(=O)Cn2c3c(cnc(n3)c4ccccc4)n(c2=O)COCCF
R3,emap3_Bn-4OCF2CF3_OCH2CH2CH2CF3,CCN(Cc1ccc(OC(F)C(F)(F)F)cc1)C(=O)Cn2c3c(cnc(n3)c4ccccc4)n(c2=O)COCCC(F)(F)F
R3,emap3_Bn-4OCF2CF3_CH2SiMe3,CCN(Cc1ccc(OC(F)C(F)(F)F)cc1)C(=O)Cn2c3c(cnc(n3)c4ccccc4)n(c2=O)C[Si](C)(C)C
R3,emap3_Bn-4OCF2CF3_CH2CH2SiMe3,CCN(Cc1ccc(OC(F)C(F)(F)F)cc1)C(=O)Cn2c3c(cnc(n3)c4ccccc4)n(c2=O)CC[Si](C)(C)C
R3,emap3_Bn-4OCF2CF3_OSiMe3,CCN(Cc1ccc(OC(F)C(F)(F)F)cc1)C(=O)Cn2c3c(cnc(n3)c4ccccc4)n(c2=O)O[Si](C)(C)C
R3,emap3_Bn-4OCF2CF3_CH2SiEt3,CCN(Cc1ccc(OC(F)C(F)(F)F)cc1)C(=O)Cn2c3c(cnc(n3)c4ccccc4)n(c2=O)C[Si](CC)(CC)CC
R3,emap3_Bn-4OCF2CF3_tBu,CCN(Cc1ccc(OC(F)C(F)(F)F)cc1)C(=O)Cn2c3c(cnc(n3)c4ccccc4)n(c2=O)C(C)(C)C
R3,emap3_Bn-4OCF2CF3_BnCH2,CCN(Cc1ccc(OC(F)C(F)(F)F)cc1)C(=O)Cn2c3c(cnc(n3)c4ccccc4)n(c2=O)Cc1ccccc1C
R3,emap3_Bn-4OCF2CF3_PhCH2F,CCN(Cc1ccc(OC(F)C(F)(F)F)cc1)C(=O)Cn2c3c(cnc(n3)c4ccccc4)n(c2=O)c1ccccc1CF
R3,emap3_Bn-4OCF2CF3_OCH2CF2H,CCN(Cc1ccc(OC(F)C(F)(F)F)cc1)C(=O)Cn2c3c(cnc(n3)c4ccccc4)n(c2=O)COC(F)F
R3,emap3_Bn-4OCF2CF3_OCH2CH2CF2H,CCN(Cc1ccc(OC(F)C(F)(F)F)cc1)C(=O)Cn2c3c(cnc(n3)c4ccccc4)n(c2=O)COCC(F)F
R3,emap3_Bn-4OCF2CF3_CH2CF2H,CCN(Cc1ccc(OC(F)C(F)(F)F)cc1)C(=O)Cn2c3c(cnc(n3)c4ccccc4)n(c2=O)C(F)F
R3,emap3_Bn-4OCF2CF3_CH2CH2CF2H,CCN(Cc1ccc(OC(F)C(F)(F)F)cc1)C(=O)Cn2c3c(cnc(n3)c4ccccc4)n(c2=O)CC(F)F
R3,emap3_Bn-4OCF2CF3_OCH2CH2CH2CHF2,CCN(Cc1ccc(OC(F)C(F)(F)F)cc1)C(=O)Cn2c3c(cnc(n3)c4ccccc4)n(c2=O)COCCC(F)F
R3,emap3_Bn-4OCF2CF3_CH2CH2CF2CF3,CCN(Cc1ccc(OC(F)C(F)(F)F)cc1)C(=O)Cn2c3c(cnc(n3)c4ccccc4)n(c2=O)CC(F)C(F)(F)F
R3,emap3_Bn-4OCF2CF3_CH2CF2CF3,CCN(Cc1ccc(OC(F)C(F)(F)F)cc1)C(=O)Cn2c3c(cnc(n3)c4ccccc4)n(c2=O)C(F)C(F)(F)F
R3,emap3_Bn-4OCF2CF3_CH2CH2CH2CF2CF3,CCN(Cc1ccc(OC(F)C(F)(F)F)cc1)C(=O)Cn2c3c(cnc(n3)c4ccccc4)n(c2=O)CCC(F)C(F)(F)F
R3,emap3_Bn-4OCF2CF3_CH2CH2CF2CH3,CCN(Cc1ccc(OC(F)C(F)(F)F)cc1)C(=O)Cn2c3c(cnc(n3)c4ccccc4)n(c2=O)CC(F)C
R3,emap3_Bn-4OCF2CF3_OCH2CF2CF3,CCN(Cc1ccc(OC(F)C(F)(F)F)cc1)C(=O)Cn2c3c(cnc(n3)c4ccccc4)n(c2=O)COC(F)C(F)(F)F
R3,emap3_Bn-4OCF2CF3_OCH2CF2CH3,CCN(Cc1ccc(OC(F)C(F)(F)F)cc1)C(=O)Cn2c3c(cnc(n3)c4ccccc4)n(c2=O)COC(F)C
R3,emap3_Bn-4OCF2CF3_OCH2CH2CF2CF3,CCN(Cc1ccc(OC(F)C(F)(F)F)cc1)C(=O)Cn2c3c(cnc(n3)c4ccccc4)n(c2=O)COCC(F)C(F)(F)F
R3,emap3_Bn-4OCF2CF3_CH2CF2CH2F,CCN(Cc1ccc(OC(F)C(F)(F)F)cc1)C(=O)Cn2c3c(cnc(n3)c4ccccc4)n(c2=O)C(F)CF
R3,emap3_Bn-4OCF2CF3_CH2CH2CF2CH2F,CCN(Cc1ccc(OC(F)C(F)(F)F)cc1)C(=O)Cn2c3c(cnc(n3)c4ccccc4)n(c2=O)CC(F)CF
R3,emap3_Bn-4OCF2CF3_OCH2CF2CH2F,CCN(Cc1ccc(OC(F)C(F)(F)F)cc1)C(=O)Cn2c3c(cnc(n3)c4ccccc4)n(c2=O)COC(F)CF
R3,emap3_Bn-4OCF2CF3_CH2CH2CF2CH2CHF2,CCN(Cc1ccc(OC(F)C(F)(F)F)cc1)C(=O)Cn2c3c(cnc(n3)c4ccccc4)n(c2=O)CC(F)C(F)F
R3,emap3_Bn-4OCF2CF3_CH2CH2CF2CH2CF3,CCN(Cc1ccc(OC(F)C(F)(F)F)cc1)C(=O)Cn2c3c(cnc(n3)c4ccccc4)n(c2=O)CC(F)C(F)(F)F
R3,emap3_Bn-4OCF2CF3_OCH2CH2CF2CH2F,CCN(Cc1ccc(OC(F)C(F)(F)F)cc1)C(=O)Cn2c3c(cnc(n3)c4ccccc4)n(c2=O)COCC(F)CF
R3,emap3_Bn-4OCF2CF3_CH2CH2CF2CH2CH2F,CCN(Cc1ccc(OC(F)C(F)(F)F)cc1)C(=O)Cn2c3c(cnc(n3)c4ccccc4)n(c2=O)CC(F)CCF
R3,emap3_Bn-4OCF2CF3_CH2CF2CH2CH2F,CCN(Cc1ccc(OC(F)C(F)(F)F)cc1)C(=O)Cn2c3c(cnc(n3)c4ccccc4)n(c2=O)C(F)CCF
R3,emap3_Bn-4OCF2CF3_CH2CF2CH2CHF2,CCN(Cc1ccc(OC(F)C(F)(F)F)cc1)C(=O)Cn2c3c(cnc(n3)c4ccccc4)n(c2=O)C(F)C(F)F
R3,emap3_Bn-4OCF2CF3_CH2CF2CH2CF3,CCN(Cc1ccc(OC(F)C(F)(F)F)cc1)C(=O)Cn2c3c(cnc(n3)c4ccccc4)n(c2=O)C(F)C(F)(F)F
R3,emap3_Bn-4OCF2CF3_OCH2CF2CH2CH2F,CCN(Cc1ccc(OC(F)C(F)(F)F)cc1)C(=O)Cn2c3c(cnc(n3)c4ccccc4)n(c2=O)COC(F)CCF
R3,emap3_Bn-4OCF2CF3_OCH2CH2CF2CH2CH2F,CCN(Cc1ccc(OC(F)C(F)(F)F)cc1)C(=O)Cn2c3c(cnc(n3)c4ccccc4)n(c2=O)COCC(F)CCF
R3,emap3_Bn-4OCF2CF3_CH2CH2CF2CH2CH2CHF2,CCN(Cc1ccc(OC(F)C(F)(F)F)cc1)C(=O)Cn2c3c(cnc(n3)c4ccccc4)n(c2=O)CC(F)CC(F)F
R3,emap3_Bn-4OCF2CF3_CH2CH2CF2CH2CH2CF3,CCN(Cc1ccc(OC(F)C(F)(F)F)cc1)C(=O)Cn2c3c(cnc(n3)c4ccccc4)n(c2=O)CC(F)CC(F)(F)F
R3,emap3_Bn-4OCF2Ph_Me,CCN(Cc1ccc(OC(F)c2ccccc2)cc1)C(=O)Cn2c3c(cnc(n3)c4ccccc4)n(c2=O)C
R3,emap3_Bn-4OCF2Ph_Et,CCN(Cc1ccc(OC(F)c2ccccc2)cc1)C(=O)Cn2c3c(cnc(n3)c4ccccc4)n(c2=O)CC
R3,emap3_Bn-4OCF2Ph_nPr,CCN(Cc1ccc(OC(F)c2ccccc2)cc1)C(=O)Cn2c3c(cnc(n3)c4ccccc4)n(c2=O)CCC
R3,emap3_Bn-4OCF2Ph_nBu,CCN(Cc1ccc(OC(F)c2ccccc2)cc1)C(=O)Cn2c3c(cnc(n3)c4ccccc4)n(c2=O)CCCC
R3,emap3_Bn-4OCF2Ph_CH2F,CCN(Cc1ccc(OC(F)c2ccccc2)cc1)C(=O)Cn2c3c(cnc(n3)c4ccccc4)n(c2=O)CF
R3,emap3_Bn-4OCF2Ph_CH2CH2F,CCN(Cc1ccc(OC(F)c2ccccc2)cc1)C(=O)Cn2c3c(cnc(n3)c4ccccc4)n(c2=O)CCF
R3,emap3_Bn-4OCF2Ph_CH2CH2CH2F,CCN(Cc1ccc(OC(F)c2ccccc2)cc1)C(=O)Cn2c3c(cnc(n3)c4ccccc4)n(c2=O)CCCF
R3,emap3_Bn-4OCF2Ph_CH2CHF2,CCN(Cc1ccc(OC(F)c2ccccc2)cc1)C(=O)Cn2c3c(cnc(n3)c4ccccc4)n(c2=O)C(F)F
R3,emap3_Bn-4OCF2Ph_CH2CH2CHF2,CCN(Cc1ccc(OC(F)c2ccccc2)cc1)C(=O)Cn2c3c(cnc(n3)c4ccccc4)n(c2=O)CC(F)F
R3,emap3_Bn-4OCF2Ph_CH2CH2CH2CHF2,CCN(Cc1ccc(OC(F)c2ccccc2)cc1)C(=O)Cn2c3c(cnc(n3)c4ccccc4)n(c2=O)CCC(F)F
R3,emap3_Bn-4OCF2Ph_CH2CF3,CCN(Cc1ccc(OC(F)c2ccccc2)cc1)C(=O)Cn2c3c(cnc(n3)c4ccccc4)n(c2=O)C(F)(F)F
R3,emap3_Bn-4OCF2Ph_CH2CH2CF3,CCN(Cc1ccc(OC(F)c2ccccc2)cc1)C(=O)Cn2c3c(cnc(n3)c4ccccc4)n(c2=O)CC(F)(F)F
R3,emap3_Bn-4OCF2Ph_CH2CH2CH2CF3,CCN(Cc1ccc(OC(F)c2ccccc2)cc1)C(=O)Cn2c3c(cnc(n3)c4ccccc4)n(c2=O)CCC(F)(F)F
R3,emap3_Bn-4OCF2Ph_OCH2F,CCN(Cc1ccc(OC(F)c2ccccc2)cc1)C(=O)Cn2c3c(cnc(n3)c4ccccc4)n(c2=O)COF
R3,emap3_Bn-4OCF2Ph_OCH2CHF2,CCN(Cc1ccc(OC(F)c2ccccc2)cc1)C(=O)Cn2c3c(cnc(n3)c4ccccc4)n(c2=O)COC(F)F
R3,emap3_Bn-4OCF2Ph_OCH2CF3,CCN(Cc1ccc(OC(F)c2ccccc2)cc1)C(=O)Cn2c3c(cnc(n3)c4ccccc4)n(c2=O)COC(F)(F)F
R3,emap3_Bn-4OCF2Ph_OCH2CH2F,CCN(Cc1ccc(OC(F)c2ccccc2)cc1)C(=O)Cn2c3c(cnc(n3)c4ccccc4)n(c2=O)COCF
R3,emap3_Bn-4OCF2Ph_OCH2CH2CF3,CCN(Cc1ccc(OC(F)c2ccccc2)cc1)C(=O)Cn2c3c(cnc(n3)c4ccccc4)n(c2=O)COCC(F)(F)F
R3,emap3_Bn-4OCF2Ph_OCH2CH2CHF2,CCN(Cc1ccc(OC(F)c2ccccc2)cc1)C(=O)Cn2c3c(cnc(n3)c4ccccc4)n(c2=O)COCC(F)F
R3,emap3_Bn-4OCF2Ph_OCH2CH2CH2F,CCN(Cc1ccc(OC(F)c2ccccc2)cc1)C(=O)Cn2c3c(cnc(n3)c4ccccc4)n(c2=O)COCCF
R3,emap3_Bn-4OCF2Ph_OCH2CH2CH2CF3,CCN(Cc1ccc(OC(F)c2ccccc2)cc1)C(=O)Cn2c3c(cnc(n3)c4ccccc4)n(c2=O)COCCC(F)(F)F
R3,emap3_Bn-4OCF2Ph_CH2SiMe3,CCN(Cc1ccc(OC(F)c2ccccc2)cc1)C(=O)Cn2c3c(cnc(n3)c4ccccc4)n(c2=O)C[Si](C)(C)C
R3,emap3_Bn-4OCF2Ph_CH2CH2SiMe3,CCN(Cc1ccc(OC(F)c2ccccc2)cc1)C(=O)Cn2c3c(cnc(n3)c4ccccc4)n(c2=O)CC[Si](C)(C)C
R3,emap3_Bn-4OCF2Ph_OSiMe3,CCN(Cc1ccc(OC(F)c2ccccc2)cc1)C(=O)Cn2c3c(cnc(n3)c4ccccc4)n(c2=O)O[Si](C)(C)C
R3,emap3_Bn-4OCF2Ph_CH2SiEt3,CCN(Cc1ccc(OC(F)c2ccccc2)cc1)C(=O)Cn2c3c(cnc(n3)c4ccccc4)n(c2=O)C[Si](CC)(CC)CC
R3,emap3_Bn-4OCF2Ph_tBu,CCN(Cc1ccc(OC(F)c2ccccc2)cc1)C(=O)Cn2c3c(cnc(n3)c4ccccc4)n(c2=O)C(C)(C)C
R3,emap3_Bn-4OCF2Ph_BnCH2,CCN(Cc1ccc(OC(F)c2ccccc2)cc1)C(=O)Cn2c3c(cnc(n3)c4ccccc4)n(c2=O)Cc1ccccc1C
R3,emap3_Bn-4OCF2Ph_PhCH2F,CCN(Cc1ccc(OC(F)c2ccccc2)cc1)C(=O)Cn2c3c(cnc(n3)c4ccccc4)n(c2=O)c1ccccc1CF
R3,emap3_Bn-4OCF2Ph_OCH2CF2H,CCN(Cc1ccc(OC(F)c2ccccc2)cc1)C(=O)Cn2c3c(cnc(n3)c4ccccc4)n(c2=O)COC(F)F
R3,emap3_Bn-4OCF2Ph_OCH2CH2CF2H,CCN(Cc1ccc(OC(F)c2ccccc2)cc1)C(=O)Cn2c3c(cnc(n3)c4ccccc4)n(c2=O)COCC(F)F
R3,emap3_Bn-4OCF2Ph_CH2CF2H,CCN(Cc1ccc(OC(F)c2ccccc2)cc1)C(=O)Cn2c3c(cnc(n3)c4ccccc4)n(c2=O)C(F)F
R3,emap3_Bn-4OCF2Ph_CH2CH2CF2H,CCN(Cc1ccc(OC(F)c2ccccc2)cc1)C(=O)Cn2c3c(cnc(n3)c4ccccc4)n(c2=O)CC(F)F
R3,emap3_Bn-4OCF2Ph_OCH2CH2CH2CHF2,CCN(Cc1ccc(OC(F)c2ccccc2)cc1)C(=O)Cn2c3c(cnc(n3)c4ccccc4)n(c2=O)COCCC(F)F
R3,emap3_Bn-4OCF2Ph_CH2CH2CF2CF3,CCN(Cc1ccc(OC(F)c2ccccc2)cc1)C(=O)Cn2c3c(cnc(n3)c4ccccc4)n(c2=O)CC(F)C(F)(F)F
R3,emap3_Bn-4OCF2Ph_CH2CF2CF3,CCN(Cc1ccc(OC(F)c2ccccc2)cc1)C(=O)Cn2c3c(cnc(n3)c4ccccc4)n(c2=O)C(F)C(F)(F)F
R3,emap3_Bn-4OCF2Ph_CH2CH2CH2CF2CF3,CCN(Cc1ccc(OC(F)c2ccccc2)cc1)C(=O)Cn2c3c(cnc(n3)c4ccccc4)n(c2=O)CCC(F)C(F)(F)F
R3,emap3_Bn-4OCF2Ph_CH2CH2CF2CH3,CCN(Cc1ccc(OC(F)c2ccccc2)cc1)C(=O)Cn2c3c(cnc(n3)c4ccccc4)n(c2=O)CC(F)C
R3,emap3_Bn-4OCF2Ph_OCH2CF2CF3,CCN(Cc1ccc(OC(F)c2ccccc2)cc1)C(=O)Cn2c3c(cnc(n3)c4ccccc4)n(c2=O)COC(F)C(F)(F)F
R3,emap3_Bn-4OCF2Ph_OCH2CF2CH3,CCN(Cc1ccc(OC(F)c2ccccc2)cc1)C(=O)Cn2c3c(cnc(n3)c4ccccc4)n(c2=O)COC(F)C
R3,emap3_Bn-4OCF2Ph_OCH2CH2CF2CF3,CCN(Cc1ccc(OC(F)c2ccccc2)cc1)C(=O)Cn2c3c(cnc(n3)c4ccccc4)n(c2=O)COCC(F)C(F)(F)F
R3,emap3_Bn-4OCF2Ph_CH2CF2CH2F,CCN(Cc1ccc(OC(F)c2ccccc2)cc1)C(=O)Cn2c3c(cnc(n3)c4ccccc4)n(c2=O)C(F)CF
R3,emap3_Bn-4OCF2Ph_CH2CH2CF2CH2F,CCN(Cc1ccc(OC(F)c2ccccc2)cc1)C(=O)Cn2c3c(cnc(n3)c4ccccc4)n(c2=O)CC(F)CF
R3,emap3_Bn-4OCF2Ph_OCH2CF2CH2F,CCN(Cc1ccc(OC(F)c2ccccc2)cc1)C(=O)Cn2c3c(cnc(n3)c4ccccc4)n(c2=O)COC(F)CF
R3,emap3_Bn-4OCF2Ph_CH2CH2CF2CH2CHF2,CCN(Cc1ccc(OC(F)c2ccccc2)cc1)C(=O)Cn2c3c(cnc(n3)c4ccccc4)n(c2=O)CC(F)C(F)F
R3,emap3_Bn-4OCF2Ph_CH2CH2CF2CH2CF3,CCN(Cc1ccc(OC(F)c2ccccc2)cc1)C(=O)Cn2c3c(cnc(n3)c4ccccc4)n(c2=O)CC(F)C(F)(F)F
R3,emap3_Bn-4OCF2Ph_OCH2CH2CF2CH2F,CCN(Cc1ccc(OC(F)c2ccccc2)cc1)C(=O)Cn2c3c(cnc(n3)c4ccccc4)n(c2=O)COCC(F)CF
R3,emap3_Bn-4OCF2Ph_CH2CH2CF2CH2CH2F,CCN(Cc1ccc(OC(F)c2ccccc2)cc1)C(=O)Cn2c3c(cnc(n3)c4ccccc4)n(c2=O)CC(F)CCF
R3,emap3_Bn-4OCF2Ph_CH2CF2CH2CH2F,CCN(Cc1ccc(OC(F)c2ccccc2)cc1)C(=O)Cn2c3c(cnc(n3)c4ccccc4)n(c2=O)C(F)CCF
R3,emap3_Bn-4OCF2Ph_CH2CF2CH2CHF2,CCN(Cc1ccc(OC(F)c2ccccc2)cc1)C(=O)Cn2c3c(cnc(n3)c4ccccc4)n(c2=O)C(F)C(F)F
R3,emap3_Bn-4OCF2Ph_CH2CF2CH2CF3,CCN(Cc1ccc(OC(F)c2ccccc2)cc1)C(=O)Cn2c3c(cnc(n3)c4ccccc4)n(c2=O)C(F)C(F)(F)F
R3,emap3_Bn-4OCF2Ph_OCH2CF2CH2CH2F,CCN(Cc1ccc(OC(F)c2ccccc2)cc1)C(=O)Cn2c3c(cnc(n3)c4ccccc4)n(c2=O)COC(F)CCF
R3,emap3_Bn-4OCF2Ph_OCH2CH2CF2CH2CH2F,CCN(Cc1ccc(OC(F)c2ccccc2)cc1)C(=O)Cn2c3c(cnc(n3)c4ccccc4)n(c2=O)COCC(F)CCF
R3,emap3_Bn-4OCF2Ph_CH2CH2CF2CH2CH2CHF2,CCN(Cc1ccc(OC(F)c2ccccc2)cc1)C(=O)Cn2c3c(cnc(n3)c4ccccc4)n(c2=O)CC(F)CC(F)F
R3,emap3_Bn-4OCF2Ph_CH2CH2CF2CH2CH2CF3,CCN(Cc1ccc(OC(F)c2ccccc2)cc1)C(=O)Cn2c3c(cnc(n3)c4ccccc4)n(c2=O)CC(F)CC(F)(F)F
R3,emap3_Bn-3OMe_4F_Me,CCN(Cc1c(OC)ccc(F)c1)C(=O)Cn2c3c(cnc(n3)c4ccccc4)n(c2=O)C
R3,emap3_Bn-3OMe_4F_Et,CCN(Cc1c(OC)ccc(F)c1)C(=O)Cn2c3c(cnc(n3)c4ccccc4)n(c2=O)CC
R3,emap3_Bn-3OMe_4F_nPr,CCN(Cc1c(OC)ccc(F)c1)C(=O)Cn2c3c(cnc(n3)c4ccccc4)n(c2=O)CCC
R3,emap3_Bn-3OMe_4F_nBu,CCN(Cc1c(OC)ccc(F)c1)C(=O)Cn2c3c(cnc(n3)c4ccccc4)n(c2=O)CCCC
R3,emap3_Bn-3OMe_4F_CH2F,CCN(Cc1c(OC)ccc(F)c1)C(=O)Cn2c3c(cnc(n3)c4ccccc4)n(c2=O)CF
R3,emap3_Bn-3OMe_4F_CH2CH2F,CCN(Cc1c(OC)ccc(F)c1)C(=O)Cn2c3c(cnc(n3)c4ccccc4)n(c2=O)CCF
R3,emap3_Bn-3OMe_4F_CH2CH2CH2F,CCN(Cc1c(OC)ccc(F)c1)C(=O)Cn2c3c(cnc(n3)c4ccccc4)n(c2=O)CCCF
R3,emap3_Bn-3OMe_4F_CH2CHF2,CCN(Cc1c(OC)ccc(F)c1)C(=O)Cn2c3c(cnc(n3)c4ccccc4)n(c2=O)C(F)F
R3,emap3_Bn-3OMe_4F_CH2CH2CHF2,CCN(Cc1c(OC)ccc(F)c1)C(=O)Cn2c3c(cnc(n3)c4ccccc4)n(c2=O)CC(F)F
R3,emap3_Bn-3OMe_4F_CH2CH2CH2CHF2,CCN(Cc1c(OC)ccc(F)c1)C(=O)Cn2c3c(cnc(n3)c4ccccc4)n(c2=O)CCC(F)F
R3,emap3_Bn-3OMe_4F_CH2CF3,CCN(Cc1c(OC)ccc(F)c1)C(=O)Cn2c3c(cnc(n3)c4ccccc4)n(c2=O)C(F)(F)F
R3,emap3_Bn-3OMe_4F_CH2CH2CF3,CCN(Cc1c(OC)ccc(F)c1)C(=O)Cn2c3c(cnc(n3)c4ccccc4)n(c2=O)CC(F)(F)F
R3,emap3_Bn-3OMe_4F_CH2CH2CH2CF3,CCN(Cc1c(OC)ccc(F)c1)C(=O)Cn2c3c(cnc(n3)c4ccccc4)n(c2=O)CCC(F)(F)F
R3,emap3_Bn-3OMe_4F_OCH2F,CCN(Cc1c(OC)ccc(F)c1)C(=O)Cn2c3c(cnc(n3)c4ccccc4)n(c2=O)COF
R3,emap3_Bn-3OMe_4F_OCH2CHF2,CCN(Cc1c(OC)ccc(F)c1)C(=O)Cn2c3c(cnc(n3)c4ccccc4)n(c2=O)COC(F)F
R3,emap3_Bn-3OMe_4F_OCH2CF3,CCN(Cc1c(OC)ccc(F)c1)C(=O)Cn2c3c(cnc(n3)c4ccccc4)n(c2=O)COC(F)(F)F
R3,emap3_Bn-3OMe_4F_OCH2CH2F,CCN(Cc1c(OC)ccc(F)c1)C(=O)Cn2c3c(cnc(n3)c4ccccc4)n(c2=O)COCF
R3,emap3_Bn-3OMe_4F_OCH2CH2CF3,CCN(Cc1c(OC)ccc(F)c1)C(=O)Cn2c3c(cnc(n3)c4ccccc4)n(c2=O)COCC(F)(F)F
R3,emap3_Bn-3OMe_4F_OCH2CH2CHF2,CCN(Cc1c(OC)ccc(F)c1)C(=O)Cn2c3c(cnc(n3)c4ccccc4)n(c2=O)COCC(F)F
R3,emap3_Bn-3OMe_4F_OCH2CH2CH2F,CCN(Cc1c(OC)ccc(F)c1)C(=O)Cn2c3c(cnc(n3)c4ccccc4)n(c2=O)COCCF
R3,emap3_Bn-3OMe_4F_OCH2CH2CH2CF3,CCN(Cc1c(OC)ccc(F)c1)C(=O)Cn2c3c(cnc(n3)c4ccccc4)n(c2=O)COCCC(F)(F)F
R3,emap3_Bn-3OMe_4F_CH2SiMe3,CCN(Cc1c(OC)ccc(F)c1)C(=O)Cn2c3c(cnc(n3)c4ccccc4)n(c2=O)C[Si](C)(C)C
R3,emap3_Bn-3OMe_4F_CH2CH2SiMe3,CCN(Cc1c(OC)ccc(F)c1)C(=O)Cn2c3c(cnc(n3)c4ccccc4)n(c2=O)CC[Si](C)(C)C
R3,emap3_Bn-3OMe_4F_OSiMe3,CCN(Cc1c(OC)ccc(F)c1)C(=O)Cn2c3c(cnc(n3)c4ccccc4)n(c2=O)O[Si](C)(C)C
R3,emap3_Bn-3OMe_4F_CH2SiEt3,CCN(Cc1c(OC)ccc(F)c1)C(=O)Cn2c3c(cnc(n3)c4ccccc4)n(c2=O)C[Si](CC)(CC)CC
R3,emap3_Bn-3OMe_4F_tBu,CCN(Cc1c(OC)ccc(F)c1)C(=O)Cn2c3c(cnc(n3)c4ccccc4)n(c2=O)C(C)(C)C
R3,emap3_Bn-3OMe_4F_BnCH2,CCN(Cc1c(OC)ccc(F)c1)C(=O)Cn2c3c(cnc(n3)c4ccccc4)n(c2=O)Cc1ccccc1C
R3,emap3_Bn-3OMe_4F_PhCH2F,CCN(Cc1c(OC)ccc(F)c1)C(=O)Cn2c3c(cnc(n3)c4ccccc4)n(c2=O)c1ccccc1CF
R3,emap3_Bn-3OMe_4F_OCH2CF2H,CCN(Cc1c(OC)ccc(F)c1)C(=O)Cn2c3c(cnc(n3)c4ccccc4)n(c2=O)COC(F)F
R3,emap3_Bn-3OMe_4F_OCH2CH2CF2H,CCN(Cc1c(OC)ccc(F)c1)C(=O)Cn2c3c(cnc(n3)c4ccccc4)n(c2=O)COCC(F)F
R3,emap3_Bn-3OMe_4F_CH2CF2H,CCN(Cc1c(OC)ccc(F)c1)C(=O)Cn2c3c(cnc(n3)c4ccccc4)n(c2=O)C(F)F
R3,emap3_Bn-3OMe_4F_CH2CH2CF2H,CCN(Cc1c(OC)ccc(F)c1)C(=O)Cn2c3c(cnc(n3)c4ccccc4)n(c2=O)CC(F)F
R3,emap3_Bn-3OMe_4F_OCH2CH2CH2CHF2,CCN(Cc1c(OC)ccc(F)c1)C(=O)Cn2c3c(cnc(n3)c4ccccc4)n(c2=O)COCCC(F)F
R3,emap3_Bn-3OMe_4F_CH2CH2CF2CF3,CCN(Cc1c(OC)ccc(F)c1)C(=O)Cn2c3c(cnc(n3)c4ccccc4)n(c2=O)CC(F)C(F)(F)F
R3,emap3_Bn-3OMe_4F_CH2CF2CF3,CCN(Cc1c(OC)ccc(F)c1)C(=O)Cn2c3c(cnc(n3)c4ccccc4)n(c2=O)C(F)C(F)(F)F
R3,emap3_Bn-3OMe_4F_CH2CH2CH2CF2CF3,CCN(Cc1c(OC)ccc(F)c1)C(=O)Cn2c3c(cnc(n3)c4ccccc4)n(c2=O)CCC(F)C(F)(F)F
R3,emap3_Bn-3OMe_4F_CH2CH2CF2CH3,CCN(Cc1c(OC)ccc(F)c1)C(=O)Cn2c3c(cnc(n3)c4ccccc4)n(c2=O)CC(F)C
R3,emap3_Bn-3OMe_4F_OCH2CF2CF3,CCN(Cc1c(OC)ccc(F)c1)C(=O)Cn2c3c(cnc(n3)c4ccccc4)n(c2=O)COC(F)C(F)(F)F
R3,emap3_Bn-3OMe_4F_OCH2CF2CH3,CCN(Cc1c(OC)ccc(F)c1)C(=O)Cn2c3c(cnc(n3)c4ccccc4)n(c2=O)COC(F)C
R3,emap3_Bn-3OMe_4F_OCH2CH2CF2CF3,CCN(Cc1c(OC)ccc(F)c1)C(=O)Cn2c3c(cnc(n3)c4ccccc4)n(c2=O)COCC(F)C(F)(F)F
R3,emap3_Bn-3OMe_4F_CH2CF2CH2F,CCN(Cc1c(OC)ccc(F)c1)C(=O)Cn2c3c(cnc(n3)c4ccccc4)n(c2=O)C(F)CF
R3,emap3_Bn-3OMe_4F_CH2CH2CF2CH2F,CCN(Cc1c(OC)ccc(F)c1)C(=O)Cn2c3c(cnc(n3)c4ccccc4)n(c2=O)CC(F)CF
R3,emap3_Bn-3OMe_4F_OCH2CF2CH2F,CCN(Cc1c(OC)ccc(F)c1)C(=O)Cn2c3c(cnc(n3)c4ccccc4)n(c2=O)COC(F)CF
R3,emap3_Bn-3OMe_4F_CH2CH2CF2CH2CHF2,CCN(Cc1c(OC)ccc(F)c1)C(=O)Cn2c3c(cnc(n3)c4ccccc4)n(c2=O)CC(F)C(F)F
R3,emap3_Bn-3OMe_4F_CH2CH2CF2CH2CF3,CCN(Cc1c(OC)ccc(F)c1)C(=O)Cn2c3c(cnc(n3)c4ccccc4)n(c2=O)CC(F)C(F)(F)F
R3,emap3_Bn-3OMe_4F_OCH2CH2CF2CH2F,CCN(Cc1c(OC)ccc(F)c1)C(=O)Cn2c3c(cnc(n3)c4ccccc4)n(c2=O)COCC(F)CF
R3,emap3_Bn-3OMe_4F_CH2CH2CF2CH2CH2F,CCN(Cc1c(OC)ccc(F)c1)C(=O)Cn2c3c(cnc(n3)c4ccccc4)n(c2=O)CC(F)CCF
R3,emap3_Bn-3OMe_4F_CH2CF2CH2CH2F,CCN(Cc1c(OC)ccc(F)c1)C(=O)Cn2c3c(cnc(n3)c4ccccc4)n(c2=O)C(F)CCF
R3,emap3_Bn-3OMe_4F_CH2CF2CH2CHF2,CCN(Cc1c(OC)ccc(F)c1)C(=O)Cn2c3c(cnc(n3)c4ccccc4)n(c2=O)C(F)C(F)F
R3,emap3_Bn-3OMe_4F_CH2CF2CH2CF3,CCN(Cc1c(OC)ccc(F)c1)C(=O)Cn2c3c(cnc(n3)c4ccccc4)n(c2=O)C(F)C(F)(F)F
R3,emap3_Bn-3OMe_4F_OCH2CF2CH2CH2F,CCN(Cc1c(OC)ccc(F)c1)C(=O)Cn2c3c(cnc(n3)c4ccccc4)n(c2=O)COC(F)CCF
R3,emap3_Bn-3OMe_4F_OCH2CH2CF2CH2CH2F,CCN(Cc1c(OC)ccc(F)c1)C(=O)Cn2c3c(cnc(n3)c4ccccc4)n(c2=O)COCC(F)CCF
R3,emap3_Bn-3OMe_4F_CH2CH2CF2CH2CH2CHF2,CCN(Cc1c(OC)ccc(F)c1)C(=O)Cn2c3c(cnc(n3)c4ccccc4)n(c2=O)CC(F)CC(F)F
R3,emap3_Bn-3OMe_4F_CH2CH2CF2CH2CH2CF3,CCN(Cc1c(OC)ccc(F)c1)C(=O)Cn2c3c(cnc(n3)c4ccccc4)n(c2=O)CC(F)CC(F)(F)F
R3,emap3_Bn-3F_4CF3_Me,CCN(Cc1c(F)ccc(C(F)(F)F)c1)C(=O)Cn2c3c(cnc(n3)c4ccccc4)n(c2=O)C
R3,emap3_Bn-3F_4CF3_Et,CCN(Cc1c(F)ccc(C(F)(F)F)c1)C(=O)Cn2c3c(cnc(n3)c4ccccc4)n(c2=O)CC
R3,emap3_Bn-3F_4CF3_nPr,CCN(Cc1c(F)ccc(C(F)(F)F)c1)C(=O)Cn2c3c(cnc(n3)c4ccccc4)n(c2=O)CCC
R3,emap3_Bn-3F_4CF3_nBu,CCN(Cc1c(F)ccc(C(F)(F)F)c1)C(=O)Cn2c3c(cnc(n3)c4ccccc4)n(c2=O)CCCC
R3,emap3_Bn-3F_4CF3_CH2F,CCN(Cc1c(F)ccc(C(F)(F)F)c1)C(=O)Cn2c3c(cnc(n3)c4ccccc4)n(c2=O)CF
R3,emap3_Bn-3F_4CF3_CH2CH2F,CCN(Cc1c(F)ccc(C(F)(F)F)c1)C(=O)Cn2c3c(cnc(n3)c4ccccc4)n(c2=O)CCF
R3,emap3_Bn-3F_4CF3_CH2CH2CH2F,CCN(Cc1c(F)ccc(C(F)(F)F)c1)C(=O)Cn2c3c(cnc(n3)c4ccccc4)n(c2=O)CCCF
R3,emap3_Bn-3F_4CF3_CH2CHF2,CCN(Cc1c(F)ccc(C(F)(F)F)c1)C(=O)Cn2c3c(cnc(n3)c4ccccc4)n(c2=O)C(F)F
R3,emap3_Bn-3F_4CF3_CH2CH2CHF2,CCN(Cc1c(F)ccc(C(F)(F)F)c1)C(=O)Cn2c3c(cnc(n3)c4ccccc4)n(c2=O)CC(F)F
R3,emap3_Bn-3F_4CF3_CH2CH2CH2CHF2,CCN(Cc1c(F)ccc(C(F)(F)F)c1)C(=O)Cn2c3c(cnc(n3)c4ccccc4)n(c2=O)CCC(F)F
R3,emap3_Bn-3F_4CF3_CH2CF3,CCN(Cc1c(F)ccc(C(F)(F)F)c1)C(=O)Cn2c3c(cnc(n3)c4ccccc4)n(c2=O)C(F)(F)F
R3,emap3_Bn-3F_4CF3_CH2CH2CF3,CCN(Cc1c(F)ccc(C(F)(F)F)c1)C(=O)Cn2c3c(cnc(n3)c4ccccc4)n(c2=O)CC(F)(F)F
R3,emap3_Bn-3F_4CF3_CH2CH2CH2CF3,CCN(Cc1c(F)ccc(C(F)(F)F)c1)C(=O)Cn2c3c(cnc(n3)c4ccccc4)n(c2=O)CCC(F)(F)F
R3,emap3_Bn-3F_4CF3_OCH2F,CCN(Cc1c(F)ccc(C(F)(F)F)c1)C(=O)Cn2c3c(cnc(n3)c4ccccc4)n(c2=O)COF
R3,emap3_Bn-3F_4CF3_OCH2CHF2,CCN(Cc1c(F)ccc(C(F)(F)F)c1)C(=O)Cn2c3c(cnc(n3)c4ccccc4)n(c2=O)COC(F)F
R3,emap3_Bn-3F_4CF3_OCH2CF3,CCN(Cc1c(F)ccc(C(F)(F)F)c1)C(=O)Cn2c3c(cnc(n3)c4ccccc4)n(c2=O)COC(F)(F)F
R3,emap3_Bn-3F_4CF3_OCH2CH2F,CCN(Cc1c(F)ccc(C(F)(F)F)c1)C(=O)Cn2c3c(cnc(n3)c4ccccc4)n(c2=O)COCF
R3,emap3_Bn-3F_4CF3_OCH2CH2CF3,CCN(Cc1c(F)ccc(C(F)(F)F)c1)C(=O)Cn2c3c(cnc(n3)c4ccccc4)n(c2=O)COCC(F)(F)F
R3,emap3_Bn-3F_4CF3_OCH2CH2CHF2,CCN(Cc1c(F)ccc(C(F)(F)F)c1)C(=O)Cn2c3c(cnc(n3)c4ccccc4)n(c2=O)COCC(F)F
R3,emap3_Bn-3F_4CF3_OCH2CH2CH2F,CCN(Cc1c(F)ccc(C(F)(F)F)c1)C(=O)Cn2c3c(cnc(n3)c4ccccc4)n(c2=O)COCCF
R3,emap3_Bn-3F_4CF3_OCH2CH2CH2CF3,CCN(Cc1c(F)ccc(C(F)(F)F)c1)C(=O)Cn2c3c(cnc(n3)c4ccccc4)n(c2=O)COCCC(F)(F)F
R3,emap3_Bn-3F_4CF3_CH2SiMe3,CCN(Cc1c(F)ccc(C(F)(F)F)c1)C(=O)Cn2c3c(cnc(n3)c4ccccc4)n(c2=O)C[Si](C)(C)C
R3,emap3_Bn-3F_4CF3_CH2CH2SiMe3,CCN(Cc1c(F)ccc(C(F)(F)F)c1)C(=O)Cn2c3c(cnc(n3)c4ccccc4)n(c2=O)CC[Si](C)(C)C
R3,emap3_Bn-3F_4CF3_OSiMe3,CCN(Cc1c(F)ccc(C(F)(F)F)c1)C(=O)Cn2c3c(cnc(n3)c4ccccc4)n(c2=O)O[Si](C)(C)C
R3,emap3_Bn-3F_4CF3_CH2SiEt3,CCN(Cc1c(F)ccc(C(F)(F)F)c1)C(=O)Cn2c3c(cnc(n3)c4ccccc4)n(c2=O)C[Si](CC)(CC)CC
R3,emap3_Bn-3F_4CF3_tBu,CCN(Cc1c(F)ccc(C(F)(F)F)c1)C(=O)Cn2c3c(cnc(n3)c4ccccc4)n(c2=O)C(C)(C)C
R3,emap3_Bn-3F_4CF3_BnCH2,CCN(Cc1c(F)ccc(C(F)(F)F)c1)C(=O)Cn2c3c(cnc(n3)c4ccccc4)n(c2=O)Cc1ccccc1C
R3,emap3_Bn-3F_4CF3_PhCH2F,CCN(Cc1c(F)ccc(C(F)(F)F)c1)C(=O)Cn2c3c(cnc(n3)c4ccccc4)n(c2=O)c1ccccc1CF
R3,emap3_Bn-3F_4CF3_OCH2CF2H,CCN(Cc1c(F)ccc(C(F)(F)F)c1)C(=O)Cn2c3c(cnc(n3)c4ccccc4)n(c2=O)COC(F)F
R3,emap3_Bn-3F_4CF3_OCH2CH2CF2H,CCN(Cc1c(F)ccc(C(F)(F)F)c1)C(=O)Cn2c3c(cnc(n3)c4ccccc4)n(c2=O)COCC(F)F
R3,emap3_Bn-3F_4CF3_CH2CF2H,CCN(Cc1c(F)ccc(C(F)(F)F)c1)C(=O)Cn2c3c(cnc(n3)c4ccccc4)n(c2=O)C(F)F
R3,emap3_Bn-3F_4CF3_CH2CH2CF2H,CCN(Cc1c(F)ccc(C(F)(F)F)c1)C(=O)Cn2c3c(cnc(n3)c4ccccc4)n(c2=O)CC(F)F
R3,emap3_Bn-3F_4CF3_OCH2CH2CH2CHF2,CCN(Cc1c(F)ccc(C(F)(F)F)c1)C(=O)Cn2c3c(cnc(n3)c4ccccc4)n(c2=O)COCCC(F)F
R3,emap3_Bn-3F_4CF3_CH2CH2CF2CF3,CCN(Cc1c(F)ccc(C(F)(F)F)c1)C(=O)Cn2c3c(cnc(n3)c4ccccc4)n(c2=O)CC(F)C(F)(F)F
R3,emap3_Bn-3F_4CF3_CH2CF2CF3,CCN(Cc1c(F)ccc(C(F)(F)F)c1)C(=O)Cn2c3c(cnc(n3)c4ccccc4)n(c2=O)C(F)C(F)(F)F
R3,emap3_Bn-3F_4CF3_CH2CH2CH2CF2CF3,CCN(Cc1c(F)ccc(C(F)(F)F)c1)C(=O)Cn2c3c(cnc(n3)c4ccccc4)n(c2=O)CCC(F)C(F)(F)F
R3,emap3_Bn-3F_4CF3_CH2CH2CF2CH3,CCN(Cc1c(F)ccc(C(F)(F)F)c1)C(=O)Cn2c3c(cnc(n3)c4ccccc4)n(c2=O)CC(F)C
R3,emap3_Bn-3F_4CF3_OCH2CF2CF3,CCN(Cc1c(F)ccc(C(F)(F)F)c1)C(=O)Cn2c3c(cnc(n3)c4ccccc4)n(c2=O)COC(F)C(F)(F)F
R3,emap3_Bn-3F_4CF3_OCH2CF2CH3,CCN(Cc1c(F)ccc(C(F)(F)F)c1)C(=O)Cn2c3c(cnc(n3)c4ccccc4)n(c2=O)COC(F)C
R3,emap3_Bn-3F_4CF3_OCH2CH2CF2CF3,CCN(Cc1c(F)ccc(C(F)(F)F)c1)C(=O)Cn2c3c(cnc(n3)c4ccccc4)n(c2=O)COCC(F)C(F)(F)F
R3,emap3_Bn-3F_4CF3_CH2CF2CH2F,CCN(Cc1c(F)ccc(C(F)(F)F)c1)C(=O)Cn2c3c(cnc(n3)c4ccccc4)n(c2=O)C(F)CF
R3,emap3_Bn-3F_4CF3_CH2CH2CF2CH2F,CCN(Cc1c(F)ccc(C(F)(F)F)c1)C(=O)Cn2c3c(cnc(n3)c4ccccc4)n(c2=O)CC(F)CF
R3,emap3_Bn-3F_4CF3_OCH2CF2CH2F,CCN(Cc1c(F)ccc(C(F)(F)F)c1)C(=O)Cn2c3c(cnc(n3)c4ccccc4)n(c2=O)COC(F)CF
R3,emap3_Bn-3F_4CF3_CH2CH2CF2CH2CHF2,CCN(Cc1c(F)ccc(C(F)(F)F)c1)C(=O)Cn2c3c(cnc(n3)c4ccccc4)n(c2=O)CC(F)C(F)F
R3,emap3_Bn-3F_4CF3_CH2CH2CF2CH2CF3,CCN(Cc1c(F)ccc(C(F)(F)F)c1)C(=O)Cn2c3c(cnc(n3)c4ccccc4)n(c2=O)CC(F)C(F)(F)F
R3,emap3_Bn-3F_4CF3_OCH2CH2CF2CH2F,CCN(Cc1c(F)ccc(C(F)(F)F)c1)C(=O)Cn2c3c(cnc(n3)c4ccccc4)n(c2=O)COCC(F)CF
R3,emap3_Bn-3F_4CF3_CH2CH2CF2CH2CH2F,CCN(Cc1c(F)ccc(C(F)(F)F)c1)C(=O)Cn2c3c(cnc(n3)c4ccccc4)n(c2=O)CC(F)CCF
R3,emap3_Bn-3F_4CF3_CH2CF2CH2CH2F,CCN(Cc1c(F)ccc(C(F)(F)F)c1)C(=O)Cn2c3c(cnc(n3)c4ccccc4)n(c2=O)C(F)CCF
R3,emap3_Bn-3F_4CF3_CH2CF2CH2CHF2,CCN(Cc1c(F)ccc(C(F)(F)F)c1)C(=O)Cn2c3c(cnc(n3)c4ccccc4)n(c2=O)C(F)C(F)F
R3,emap3_Bn-3F_4CF3_CH2CF2CH2CF3,CCN(Cc1c(F)ccc(C(F)(F)F)c1)C(=O)Cn2c3c(cnc(n3)c4ccccc4)n(c2=O)C(F)C(F)(F)F
R3,emap3_Bn-3F_4CF3_OCH2CF2CH2CH2F,CCN(Cc1c(F)ccc(C(F)(F)F)c1)C(=O)Cn2c3c(cnc(n3)c4ccccc4)n(c2=O)COC(F)CCF
R3,emap3_Bn-3F_4CF3_OCH2CH2CF2CH2CH2F,CCN(Cc1c(F)ccc(C(F)(F)F)c1)C(=O)Cn2c3c(cnc(n3)c4ccccc4)n(c2=O)COCC(F)CCF
R3,emap3_Bn-3F_4CF3_CH2CH2CF2CH2CH2CHF2,CCN(Cc1c(F)ccc(C(F)(F)F)c1)C(=O)Cn2c3c(cnc(n3)c4ccccc4)n(c2=O)CC(F)CC(F)F
R3,emap3_Bn-3F_4CF3_CH2CH2CF2CH2CH2CF3,CCN(Cc1c(F)ccc(C(F)(F)F)c1)C(=O)Cn2c3c(cnc(n3)c4ccccc4)n(c2=O)CC(F)CC(F)(F)F
R3,emap3_Bn-3Cl_4CF3_Me,CCN(Cc1c(Cl)ccc(C(F)(F)F)c1)C(=O)Cn2c3c(cnc(n3)c4ccccc4)n(c2=O)C
R3,emap3_Bn-3Cl_4CF3_Et,CCN(Cc1c(Cl)ccc(C(F)(F)F)c1)C(=O)Cn2c3c(cnc(n3)c4ccccc4)n(c2=O)CC
R3,emap3_Bn-3Cl_4CF3_nPr,CCN(Cc1c(Cl)ccc(C(F)(F)F)c1)C(=O)Cn2c3c(cnc(n3)c4ccccc4)n(c2=O)CCC
R3,emap3_Bn-3Cl_4CF3_nBu,CCN(Cc1c(Cl)ccc(C(F)(F)F)c1)C(=O)Cn2c3c(cnc(n3)c4ccccc4)n(c2=O)CCCC
R3,emap3_Bn-3Cl_4CF3_CH2F,CCN(Cc1c(Cl)ccc(C(F)(F)F)c1)C(=O)Cn2c3c(cnc(n3)c4ccccc4)n(c2=O)CF
R3,emap3_Bn-3Cl_4CF3_CH2CH2F,CCN(Cc1c(Cl)ccc(C(F)(F)F)c1)C(=O)Cn2c3c(cnc(n3)c4ccccc4)n(c2=O)CCF
R3,emap3_Bn-3Cl_4CF3_CH2CH2CH2F,CCN(Cc1c(Cl)ccc(C(F)(F)F)c1)C(=O)Cn2c3c(cnc(n3)c4ccccc4)n(c2=O)CCCF
R3,emap3_Bn-3Cl_4CF3_CH2CHF2,CCN(Cc1c(Cl)ccc(C(F)(F)F)c1)C(=O)Cn2c3c(cnc(n3)c4ccccc4)n(c2=O)C(F)F
R3,emap3_Bn-3Cl_4CF3_CH2CH2CHF2,CCN(Cc1c(Cl)ccc(C(F)(F)F)c1)C(=O)Cn2c3c(cnc(n3)c4ccccc4)n(c2=O)CC(F)F
R3,emap3_Bn-3Cl_4CF3_CH2CH2CH2CHF2,CCN(Cc1c(Cl)ccc(C(F)(F)F)c1)C(=O)Cn2c3c(cnc(n3)c4ccccc4)n(c2=O)CCC(F)F
R3,emap3_Bn-3Cl_4CF3_CH2CF3,CCN(Cc1c(Cl)ccc(C(F)(F)F)c1)C(=O)Cn2c3c(cnc(n3)c4ccccc4)n(c2=O)C(F)(F)F
R3,emap3_Bn-3Cl_4CF3_CH2CH2CF3,CCN(Cc1c(Cl)ccc(C(F)(F)F)c1)C(=O)Cn2c3c(cnc(n3)c4ccccc4)n(c2=O)CC(F)(F)F
R3,emap3_Bn-3Cl_4CF3_CH2CH2CH2CF3,CCN(Cc1c(Cl)ccc(C(F)(F)F)c1)C(=O)Cn2c3c(cnc(n3)c4ccccc4)n(c2=O)CCC(F)(F)F
R3,emap3_Bn-3Cl_4CF3_OCH2F,CCN(Cc1c(Cl)ccc(C(F)(F)F)c1)C(=O)Cn2c3c(cnc(n3)c4ccccc4)n(c2=O)COF
R3,emap3_Bn-3Cl_4CF3_OCH2CHF2,CCN(Cc1c(Cl)ccc(C(F)(F)F)c1)C(=O)Cn2c3c(cnc(n3)c4ccccc4)n(c2=O)COC(F)F
R3,emap3_Bn-3Cl_4CF3_OCH2CF3,CCN(Cc1c(Cl)ccc(C(F)(F)F)c1)C(=O)Cn2c3c(cnc(n3)c4ccccc4)n(c2=O)COC(F)(F)F
R3,emap3_Bn-3Cl_4CF3_OCH2CH2F,CCN(Cc1c(Cl)ccc(C(F)(F)F)c1)C(=O)Cn2c3c(cnc(n3)c4ccccc4)n(c2=O)COCF
R3,emap3_Bn-3Cl_4CF3_OCH2CH2CF3,CCN(Cc1c(Cl)ccc(C(F)(F)F)c1)C(=O)Cn2c3c(cnc(n3)c4ccccc4)n(c2=O)COCC(F)(F)F
R3,emap3_Bn-3Cl_4CF3_OCH2CH2CHF2,CCN(Cc1c(Cl)ccc(C(F)(F)F)c1)C(=O)Cn2c3c(cnc(n3)c4ccccc4)n(c2=O)COCC(F)F
R3,emap3_Bn-3Cl_4CF3_OCH2CH2CH2F,CCN(Cc1c(Cl)ccc(C(F)(F)F)c1)C(=O)Cn2c3c(cnc(n3)c4ccccc4)n(c2=O)COCCF
R3,emap3_Bn-3Cl_4CF3_OCH2CH2CH2CF3,CCN(Cc1c(Cl)ccc(C(F)(F)F)c1)C(=O)Cn2c3c(cnc(n3)c4ccccc4)n(c2=O)COCCC(F)(F)F
R3,emap3_Bn-3Cl_4CF3_CH2SiMe3,CCN(Cc1c(Cl)ccc(C(F)(F)F)c1)C(=O)Cn2c3c(cnc(n3)c4ccccc4)n(c2=O)C[Si](C)(C)C
R3,emap3_Bn-3Cl_4CF3_CH2CH2SiMe3,CCN(Cc1c(Cl)ccc(C(F)(F)F)c1)C(=O)Cn2c3c(cnc(n3)c4ccccc4)n(c2=O)CC[Si](C)(C)C
R3,emap3_Bn-3Cl_4CF3_OSiMe3,CCN(Cc1c(Cl)ccc(C(F)(F)F)c1)C(=O)Cn2c3c(cnc(n3)c4ccccc4)n(c2=O)O[Si](C)(C)C
R3,emap3_Bn-3Cl_4CF3_CH2SiEt3,CCN(Cc1c(Cl)ccc(C(F)(F)F)c1)C(=O)Cn2c3c(cnc(n3)c4ccccc4)n(c2=O)C[Si](CC)(CC)CC
R3,emap3_Bn-3Cl_4CF3_tBu,CCN(Cc1c(Cl)ccc(C(F)(F)F)c1)C(=O)Cn2c3c(cnc(n3)c4ccccc4)n(c2=O)C(C)(C)C
R3,emap3_Bn-3Cl_4CF3_BnCH2,CCN(Cc1c(Cl)ccc(C(F)(F)F)c1)C(=O)Cn2c3c(cnc(n3)c4ccccc4)n(c2=O)Cc1ccccc1C
R3,emap3_Bn-3Cl_4CF3_PhCH2F,CCN(Cc1c(Cl)ccc(C(F)(F)F)c1)C(=O)Cn2c3c(cnc(n3)c4ccccc4)n(c2=O)c1ccccc1CF
R3,emap3_Bn-3Cl_4CF3_OCH2CF2H,CCN(Cc1c(Cl)ccc(C(F)(F)F)c1)C(=O)Cn2c3c(cnc(n3)c4ccccc4)n(c2=O)COC(F)F
R3,emap3_Bn-3Cl_4CF3_OCH2CH2CF2H,CCN(Cc1c(Cl)ccc(C(F)(F)F)c1)C(=O)Cn2c3c(cnc(n3)c4ccccc4)n(c2=O)COCC(F)F
R3,emap3_Bn-3Cl_4CF3_CH2CF2H,CCN(Cc1c(Cl)ccc(C(F)(F)F)c1)C(=O)Cn2c3c(cnc(n3)c4ccccc4)n(c2=O)C(F)F
R3,emap3_Bn-3Cl_4CF3_CH2CH2CF2H,CCN(Cc1c(Cl)ccc(C(F)(F)F)c1)C(=O)Cn2c3c(cnc(n3)c4ccccc4)n(c2=O)CC(F)F
R3,emap3_Bn-3Cl_4CF3_OCH2CH2CH2CHF2,CCN(Cc1c(Cl)ccc(C(F)(F)F)c1)C(=O)Cn2c3c(cnc(n3)c4ccccc4)n(c2=O)COCCC(F)F
R3,emap3_Bn-3Cl_4CF3_CH2CH2CF2CF3,CCN(Cc1c(Cl)ccc(C(F)(F)F)c1)C(=O)Cn2c3c(cnc(n3)c4ccccc4)n(c2=O)CC(F)C(F)(F)F
R3,emap3_Bn-3Cl_4CF3_CH2CF2CF3,CCN(Cc1c(Cl)ccc(C(F)(F)F)c1)C(=O)Cn2c3c(cnc(n3)c4ccccc4)n(c2=O)C(F)C(F)(F)F
R3,emap3_Bn-3Cl_4CF3_CH2CH2CH2CF2CF3,CCN(Cc1c(Cl)ccc(C(F)(F)F)c1)C(=O)Cn2c3c(cnc(n3)c4ccccc4)n(c2=O)CCC(F)C(F)(F)F
R3,emap3_Bn-3Cl_4CF3_CH2CH2CF2CH3,CCN(Cc1c(Cl)ccc(C(F)(F)F)c1)C(=O)Cn2c3c(cnc(n3)c4ccccc4)n(c2=O)CC(F)C
R3,emap3_Bn-3Cl_4CF3_OCH2CF2CF3,CCN(Cc1c(Cl)ccc(C(F)(F)F)c1)C(=O)Cn2c3c(cnc(n3)c4ccccc4)n(c2=O)COC(F)C(F)(F)F
R3,emap3_Bn-3Cl_4CF3_OCH2CF2CH3,CCN(Cc1c(Cl)ccc(C(F)(F)F)c1)C(=O)Cn2c3c(cnc(n3)c4ccccc4)n(c2=O)COC(F)C
R3,emap3_Bn-3Cl_4CF3_OCH2CH2CF2CF3,CCN(Cc1c(Cl)ccc(C(F)(F)F)c1)C(=O)Cn2c3c(cnc(n3)c4ccccc4)n(c2=O)COCC(F)C(F)(F)F
R3,emap3_Bn-3Cl_4CF3_CH2CF2CH2F,CCN(Cc1c(Cl)ccc(C(F)(F)F)c1)C(=O)Cn2c3c(cnc(n3)c4ccccc4)n(c2=O)C(F)CF
R3,emap3_Bn-3Cl_4CF3_CH2CH2CF2CH2F,CCN(Cc1c(Cl)ccc(C(F)(F)F)c1)C(=O)Cn2c3c(cnc(n3)c4ccccc4)n(c2=O)CC(F)CF
R3,emap3_Bn-3Cl_4CF3_OCH2CF2CH2F,CCN(Cc1c(Cl)ccc(C(F)(F)F)c1)C(=O)Cn2c3c(cnc(n3)c4ccccc4)n(c2=O)COC(F)CF
R3,emap3_Bn-3Cl_4CF3_CH2CH2CF2CH2CHF2,CCN(Cc1c(Cl)ccc(C(F)(F)F)c1)C(=O)Cn2c3c(cnc(n3)c4ccccc4)n(c2=O)CC(F)C(F)F
R3,emap3_Bn-3Cl_4CF3_CH2CH2CF2CH2CF3,CCN(Cc1c(Cl)ccc(C(F)(F)F)c1)C(=O)Cn2c3c(cnc(n3)c4ccccc4)n(c2=O)CC(F)C(F)(F)F
R3,emap3_Bn-3Cl_4CF3_OCH2CH2CF2CH2F,CCN(Cc1c(Cl)ccc(C(F)(F)F)c1)C(=O)Cn2c3c(cnc(n3)c4ccccc4)n(c2=O)COCC(F)CF
R3,emap3_Bn-3Cl_4CF3_CH2CH2CF2CH2CH2F,CCN(Cc1c(Cl)ccc(C(F)(F)F)c1)C(=O)Cn2c3c(cnc(n3)c4ccccc4)n(c2=O)CC(F)CCF
R3,emap3_Bn-3Cl_4CF3_CH2CF2CH2CH2F,CCN(Cc1c(Cl)ccc(C(F)(F)F)c1)C(=O)Cn2c3c(cnc(n3)c4ccccc4)n(c2=O)C(F)CCF
R3,emap3_Bn-3Cl_4CF3_CH2CF2CH2CHF2,CCN(Cc1c(Cl)ccc(C(F)(F)F)c1)C(=O)Cn2c3c(cnc(n3)c4ccccc4)n(c2=O)C(F)C(F)F
R3,emap3_Bn-3Cl_4CF3_CH2CF2CH2CF3,CCN(Cc1c(Cl)ccc(C(F)(F)F)c1)C(=O)Cn2c3c(cnc(n3)c4ccccc4)n(c2=O)C(F)C(F)(F)F
R3,emap3_Bn-3Cl_4CF3_OCH2CF2CH2CH2F,CCN(Cc1c(Cl)ccc(C(F)(F)F)c1)C(=O)Cn2c3c(cnc(n3)c4ccccc4)n(c2=O)COC(F)CCF
R3,emap3_Bn-3Cl_4CF3_OCH2CH2CF2CH2CH2F,CCN(Cc1c(Cl)ccc(C(F)(F)F)c1)C(=O)Cn2c3c(cnc(n3)c4ccccc4)n(c2=O)COCC(F)CCF
R3,emap3_Bn-3Cl_4CF3_CH2CH2CF2CH2CH2CHF2,CCN(Cc1c(Cl)ccc(C(F)(F)F)c1)C(=O)Cn2c3c(cnc(n3)c4ccccc4)n(c2=O)CC(F)CC(F)F
R3,emap3_Bn-3Cl_4CF3_CH2CH2CF2CH2CH2CF3,CCN(Cc1c(Cl)ccc(C(F)(F)F)c1)C(=O)Cn2c3c(cnc(n3)c4ccccc4)n(c2=O)CC(F)CC(F)(F)F
R3,emap3_Bn-3F_4OMe_Me,CCN(Cc1c(F)ccc(OC)c1)C(=O)Cn2c3c(cnc(n3)c4ccccc4)n(c2=O)C
R3,emap3_Bn-3F_4OMe_Et,CCN(Cc1c(F)ccc(OC)c1)C(=O)Cn2c3c(cnc(n3)c4ccccc4)n(c2=O)CC
R3,emap3_Bn-3F_4OMe_nPr,CCN(Cc1c(F)ccc(OC)c1)C(=O)Cn2c3c(cnc(n3)c4ccccc4)n(c2=O)CCC
R3,emap3_Bn-3F_4OMe_nBu,CCN(Cc1c(F)ccc(OC)c1)C(=O)Cn2c3c(cnc(n3)c4ccccc4)n(c2=O)CCCC
R3,emap3_Bn-3F_4OMe_CH2F,CCN(Cc1c(F)ccc(OC)c1)C(=O)Cn2c3c(cnc(n3)c4ccccc4)n(c2=O)CF
R3,emap3_Bn-3F_4OMe_CH2CH2F,CCN(Cc1c(F)ccc(OC)c1)C(=O)Cn2c3c(cnc(n3)c4ccccc4)n(c2=O)CCF
R3,emap3_Bn-3F_4OMe_CH2CH2CH2F,CCN(Cc1c(F)ccc(OC)c1)C(=O)Cn2c3c(cnc(n3)c4ccccc4)n(c2=O)CCCF
R3,emap3_Bn-3F_4OMe_CH2CHF2,CCN(Cc1c(F)ccc(OC)c1)C(=O)Cn2c3c(cnc(n3)c4ccccc4)n(c2=O)C(F)F
R3,emap3_Bn-3F_4OMe_CH2CH2CHF2,CCN(Cc1c(F)ccc(OC)c1)C(=O)Cn2c3c(cnc(n3)c4ccccc4)n(c2=O)CC(F)F
R3,emap3_Bn-3F_4OMe_CH2CH2CH2CHF2,CCN(Cc1c(F)ccc(OC)c1)C(=O)Cn2c3c(cnc(n3)c4ccccc4)n(c2=O)CCC(F)F
R3,emap3_Bn-3F_4OMe_CH2CF3,CCN(Cc1c(F)ccc(OC)c1)C(=O)Cn2c3c(cnc(n3)c4ccccc4)n(c2=O)C(F)(F)F
R3,emap3_Bn-3F_4OMe_CH2CH2CF3,CCN(Cc1c(F)ccc(OC)c1)C(=O)Cn2c3c(cnc(n3)c4ccccc4)n(c2=O)CC(F)(F)F
R3,emap3_Bn-3F_4OMe_CH2CH2CH2CF3,CCN(Cc1c(F)ccc(OC)c1)C(=O)Cn2c3c(cnc(n3)c4ccccc4)n(c2=O)CCC(F)(F)F
R3,emap3_Bn-3F_4OMe_OCH2F,CCN(Cc1c(F)ccc(OC)c1)C(=O)Cn2c3c(cnc(n3)c4ccccc4)n(c2=O)COF
R3,emap3_Bn-3F_4OMe_OCH2CHF2,CCN(Cc1c(F)ccc(OC)c1)C(=O)Cn2c3c(cnc(n3)c4ccccc4)n(c2=O)COC(F)F
R3,emap3_Bn-3F_4OMe_OCH2CF3,CCN(Cc1c(F)ccc(OC)c1)C(=O)Cn2c3c(cnc(n3)c4ccccc4)n(c2=O)COC(F)(F)F
R3,emap3_Bn-3F_4OMe_OCH2CH2F,CCN(Cc1c(F)ccc(OC)c1)C(=O)Cn2c3c(cnc(n3)c4ccccc4)n(c2=O)COCF
R3,emap3_Bn-3F_4OMe_OCH2CH2CF3,CCN(Cc1c(F)ccc(OC)c1)C(=O)Cn2c3c(cnc(n3)c4ccccc4)n(c2=O)COCC(F)(F)F
R3,emap3_Bn-3F_4OMe_OCH2CH2CHF2,CCN(Cc1c(F)ccc(OC)c1)C(=O)Cn2c3c(cnc(n3)c4ccccc4)n(c2=O)COCC(F)F
R3,emap3_Bn-3F_4OMe_OCH2CH2CH2F,CCN(Cc1c(F)ccc(OC)c1)C(=O)Cn2c3c(cnc(n3)c4ccccc4)n(c2=O)COCCF
R3,emap3_Bn-3F_4OMe_OCH2CH2CH2CF3,CCN(Cc1c(F)ccc(OC)c1)C(=O)Cn2c3c(cnc(n3)c4ccccc4)n(c2=O)COCCC(F)(F)F
R3,emap3_Bn-3F_4OMe_CH2SiMe3,CCN(Cc1c(F)ccc(OC)c1)C(=O)Cn2c3c(cnc(n3)c4ccccc4)n(c2=O)C[Si](C)(C)C
R3,emap3_Bn-3F_4OMe_CH2CH2SiMe3,CCN(Cc1c(F)ccc(OC)c1)C(=O)Cn2c3c(cnc(n3)c4ccccc4)n(c2=O)CC[Si](C)(C)C
R3,emap3_Bn-3F_4OMe_OSiMe3,CCN(Cc1c(F)ccc(OC)c1)C(=O)Cn2c3c(cnc(n3)c4ccccc4)n(c2=O)O[Si](C)(C)C
R3,emap3_Bn-3F_4OMe_CH2SiEt3,CCN(Cc1c(F)ccc(OC)c1)C(=O)Cn2c3c(cnc(n3)c4ccccc4)n(c2=O)C[Si](CC)(CC)CC
R3,emap3_Bn-3F_4OMe_tBu,CCN(Cc1c(F)ccc(OC)c1)C(=O)Cn2c3c(cnc(n3)c4ccccc4)n(c2=O)C(C)(C)C
R3,emap3_Bn-3F_4OMe_BnCH2,CCN(Cc1c(F)ccc(OC)c1)C(=O)Cn2c3c(cnc(n3)c4ccccc4)n(c2=O)Cc1ccccc1C
R3,emap3_Bn-3F_4OMe_PhCH2F,CCN(Cc1c(F)ccc(OC)c1)C(=O)Cn2c3c(cnc(n3)c4ccccc4)n(c2=O)c1ccccc1CF
R3,emap3_Bn-3F_4OMe_OCH2CF2H,CCN(Cc1c(F)ccc(OC)c1)C(=O)Cn2c3c(cnc(n3)c4ccccc4)n(c2=O)COC(F)F
R3,emap3_Bn-3F_4OMe_OCH2CH2CF2H,CCN(Cc1c(F)ccc(OC)c1)C(=O)Cn2c3c(cnc(n3)c4ccccc4)n(c2=O)COCC(F)F
R3,emap3_Bn-3F_4OMe_CH2CF2H,CCN(Cc1c(F)ccc(OC)c1)C(=O)Cn2c3c(cnc(n3)c4ccccc4)n(c2=O)C(F)F
R3,emap3_Bn-3F_4OMe_CH2CH2CF2H,CCN(Cc1c(F)ccc(OC)c1)C(=O)Cn2c3c(cnc(n3)c4ccccc4)n(c2=O)CC(F)F
R3,emap3_Bn-3F_4OMe_OCH2CH2CH2CHF2,CCN(Cc1c(F)ccc(OC)c1)C(=O)Cn2c3c(cnc(n3)c4ccccc4)n(c2=O)COCCC(F)F
R3,emap3_Bn-3F_4OMe_CH2CH2CF2CF3,CCN(Cc1c(F)ccc(OC)c1)C(=O)Cn2c3c(cnc(n3)c4ccccc4)n(c2=O)CC(F)C(F)(F)F
R3,emap3_Bn-3F_4OMe_CH2CF2CF3,CCN(Cc1c(F)ccc(OC)c1)C(=O)Cn2c3c(cnc(n3)c4ccccc4)n(c2=O)C(F)C(F)(F)F
R3,emap3_Bn-3F_4OMe_CH2CH2CH2CF2CF3,CCN(Cc1c(F)ccc(OC)c1)C(=O)Cn2c3c(cnc(n3)c4ccccc4)n(c2=O)CCC(F)C(F)(F)F
R3,emap3_Bn-3F_4OMe_CH2CH2CF2CH3,CCN(Cc1c(F)ccc(OC)c1)C(=O)Cn2c3c(cnc(n3)c4ccccc4)n(c2=O)CC(F)C
R3,emap3_Bn-3F_4OMe_OCH2CF2CF3,CCN(Cc1c(F)ccc(OC)c1)C(=O)Cn2c3c(cnc(n3)c4ccccc4)n(c2=O)COC(F)C(F)(F)F
R3,emap3_Bn-3F_4OMe_OCH2CF2CH3,CCN(Cc1c(F)ccc(OC)c1)C(=O)Cn2c3c(cnc(n3)c4ccccc4)n(c2=O)COC(F)C
R3,emap3_Bn-3F_4OMe_OCH2CH2CF2CF3,CCN(Cc1c(F)ccc(OC)c1)C(=O)Cn2c3c(cnc(n3)c4ccccc4)n(c2=O)COCC(F)C(F)(F)F
R3,emap3_Bn-3F_4OMe_CH2CF2CH2F,CCN(Cc1c(F)ccc(OC)c1)C(=O)Cn2c3c(cnc(n3)c4ccccc4)n(c2=O)C(F)CF
R3,emap3_Bn-3F_4OMe_CH2CH2CF2CH2F,CCN(Cc1c(F)ccc(OC)c1)C(=O)Cn2c3c(cnc(n3)c4ccccc4)n(c2=O)CC(F)CF
R3,emap3_Bn-3F_4OMe_OCH2CF2CH2F,CCN(Cc1c(F)ccc(OC)c1)C(=O)Cn2c3c(cnc(n3)c4ccccc4)n(c2=O)COC(F)CF
R3,emap3_Bn-3F_4OMe_CH2CH2CF2CH2CHF2,CCN(Cc1c(F)ccc(OC)c1)C(=O)Cn2c3c(cnc(n3)c4ccccc4)n(c2=O)CC(F)C(F)F
R3,emap3_Bn-3F_4OMe_CH2CH2CF2CH2CF3,CCN(Cc1c(F)ccc(OC)c1)C(=O)Cn2c3c(cnc(n3)c4ccccc4)n(c2=O)CC(F)C(F)(F)F
R3,emap3_Bn-3F_4OMe_OCH2CH2CF2CH2F,CCN(Cc1c(F)ccc(OC)c1)C(=O)Cn2c3c(cnc(n3)c4ccccc4)n(c2=O)COCC(F)CF
R3,emap3_Bn-3F_4OMe_CH2CH2CF2CH2CH2F,CCN(Cc1c(F)ccc(OC)c1)C(=O)Cn2c3c(cnc(n3)c4ccccc4)n(c2=O)CC(F)CCF
R3,emap3_Bn-3F_4OMe_CH2CF2CH2CH2F,CCN(Cc1c(F)ccc(OC)c1)C(=O)Cn2c3c(cnc(n3)c4ccccc4)n(c2=O)C(F)CCF
R3,emap3_Bn-3F_4OMe_CH2CF2CH2CHF2,CCN(Cc1c(F)ccc(OC)c1)C(=O)Cn2c3c(cnc(n3)c4ccccc4)n(c2=O)C(F)C(F)F
R3,emap3_Bn-3F_4OMe_CH2CF2CH2CF3,CCN(Cc1c(F)ccc(OC)c1)C(=O)Cn2c3c(cnc(n3)c4ccccc4)n(c2=O)C(F)C(F)(F)F
R3,emap3_Bn-3F_4OMe_OCH2CF2CH2CH2F,CCN(Cc1c(F)ccc(OC)c1)C(=O)Cn2c3c(cnc(n3)c4ccccc4)n(c2=O)COC(F)CCF
R3,emap3_Bn-3F_4OMe_OCH2CH2CF2CH2CH2F,CCN(Cc1c(F)ccc(OC)c1)C(=O)Cn2c3c(cnc(n3)c4ccccc4)n(c2=O)COCC(F)CCF
R3,emap3_Bn-3F_4OMe_CH2CH2CF2CH2CH2CHF2,CCN(Cc1c(F)ccc(OC)c1)C(=O)Cn2c3c(cnc(n3)c4ccccc4)n(c2=O)CC(F)CC(F)F
R3,emap3_Bn-3F_4OMe_CH2CH2CF2CH2CH2CF3,CCN(Cc1c(F)ccc(OC)c1)C(=O)Cn2c3c(cnc(n3)c4ccccc4)n(c2=O)CC(F)CC(F)(F)F
R3,emap3_Bn-3CF3_4F_Me,CCN(Cc1c(C(F)(F)F)ccc(F)c1)C(=O)Cn2c3c(cnc(n3)c4ccccc4)n(c2=O)C
R3,emap3_Bn-3CF3_4F_Et,CCN(Cc1c(C(F)(F)F)ccc(F)c1)C(=O)Cn2c3c(cnc(n3)c4ccccc4)n(c2=O)CC
R3,emap3_Bn-3CF3_4F_nPr,CCN(Cc1c(C(F)(F)F)ccc(F)c1)C(=O)Cn2c3c(cnc(n3)c4ccccc4)n(c2=O)CCC
R3,emap3_Bn-3CF3_4F_nBu,CCN(Cc1c(C(F)(F)F)ccc(F)c1)C(=O)Cn2c3c(cnc(n3)c4ccccc4)n(c2=O)CCCC
R3,emap3_Bn-3CF3_4F_CH2F,CCN(Cc1c(C(F)(F)F)ccc(F)c1)C(=O)Cn2c3c(cnc(n3)c4ccccc4)n(c2=O)CF
R3,emap3_Bn-3CF3_4F_CH2CH2F,CCN(Cc1c(C(F)(F)F)ccc(F)c1)C(=O)Cn2c3c(cnc(n3)c4ccccc4)n(c2=O)CCF
R3,emap3_Bn-3CF3_4F_CH2CH2CH2F,CCN(Cc1c(C(F)(F)F)ccc(F)c1)C(=O)Cn2c3c(cnc(n3)c4ccccc4)n(c2=O)CCCF
R3,emap3_Bn-3CF3_4F_CH2CHF2,CCN(Cc1c(C(F)(F)F)ccc(F)c1)C(=O)Cn2c3c(cnc(n3)c4ccccc4)n(c2=O)C(F)F
R3,emap3_Bn-3CF3_4F_CH2CH2CHF2,CCN(Cc1c(C(F)(F)F)ccc(F)c1)C(=O)Cn2c3c(cnc(n3)c4ccccc4)n(c2=O)CC(F)F
R3,emap3_Bn-3CF3_4F_CH2CH2CH2CHF2,CCN(Cc1c(C(F)(F)F)ccc(F)c1)C(=O)Cn2c3c(cnc(n3)c4ccccc4)n(c2=O)CCC(F)F
R3,emap3_Bn-3CF3_4F_CH2CF3,CCN(Cc1c(C(F)(F)F)ccc(F)c1)C(=O)Cn2c3c(cnc(n3)c4ccccc4)n(c2=O)C(F)(F)F
R3,emap3_Bn-3CF3_4F_CH2CH2CF3,CCN(Cc1c(C(F)(F)F)ccc(F)c1)C(=O)Cn2c3c(cnc(n3)c4ccccc4)n(c2=O)CC(F)(F)F
R3,emap3_Bn-3CF3_4F_CH2CH2CH2CF3,CCN(Cc1c(C(F)(F)F)ccc(F)c1)C(=O)Cn2c3c(cnc(n3)c4ccccc4)n(c2=O)CCC(F)(F)F
R3,emap3_Bn-3CF3_4F_OCH2F,CCN(Cc1c(C(F)(F)F)ccc(F)c1)C(=O)Cn2c3c(cnc(n3)c4ccccc4)n(c2=O)COF
R3,emap3_Bn-3CF3_4F_OCH2CHF2,CCN(Cc1c(C(F)(F)F)ccc(F)c1)C(=O)Cn2c3c(cnc(n3)c4ccccc4)n(c2=O)COC(F)F
R3,emap3_Bn-3CF3_4F_OCH2CF3,CCN(Cc1c(C(F)(F)F)ccc(F)c1)C(=O)Cn2c3c(cnc(n3)c4ccccc4)n(c2=O)COC(F)(F)F
R3,emap3_Bn-3CF3_4F_OCH2CH2F,CCN(Cc1c(C(F)(F)F)ccc(F)c1)C(=O)Cn2c3c(cnc(n3)c4ccccc4)n(c2=O)COCF
R3,emap3_Bn-3CF3_4F_OCH2CH2CF3,CCN(Cc1c(C(F)(F)F)ccc(F)c1)C(=O)Cn2c3c(cnc(n3)c4ccccc4)n(c2=O)COCC(F)(F)F
R3,emap3_Bn-3CF3_4F_OCH2CH2CHF2,CCN(Cc1c(C(F)(F)F)ccc(F)c1)C(=O)Cn2c3c(cnc(n3)c4ccccc4)n(c2=O)COCC(F)F
R3,emap3_Bn-3CF3_4F_OCH2CH2CH2F,CCN(Cc1c(C(F)(F)F)ccc(F)c1)C(=O)Cn2c3c(cnc(n3)c4ccccc4)n(c2=O)COCCF
R3,emap3_Bn-3CF3_4F_OCH2CH2CH2CF3,CCN(Cc1c(C(F)(F)F)ccc(F)c1)C(=O)Cn2c3c(cnc(n3)c4ccccc4)n(c2=O)COCCC(F)(F)F
R3,emap3_Bn-3CF3_4F_CH2SiMe3,CCN(Cc1c(C(F)(F)F)ccc(F)c1)C(=O)Cn2c3c(cnc(n3)c4ccccc4)n(c2=O)C[Si](C)(C)C
R3,emap3_Bn-3CF3_4F_CH2CH2SiMe3,CCN(Cc1c(C(F)(F)F)ccc(F)c1)C(=O)Cn2c3c(cnc(n3)c4ccccc4)n(c2=O)CC[Si](C)(C)C
R3,emap3_Bn-3CF3_4F_OSiMe3,CCN(Cc1c(C(F)(F)F)ccc(F)c1)C(=O)Cn2c3c(cnc(n3)c4ccccc4)n(c2=O)O[Si](C)(C)C
R3,emap3_Bn-3CF3_4F_CH2SiEt3,CCN(Cc1c(C(F)(F)F)ccc(F)c1)C(=O)Cn2c3c(cnc(n3)c4ccccc4)n(c2=O)C[Si](CC)(CC)CC
R3,emap3_Bn-3CF3_4F_tBu,CCN(Cc1c(C(F)(F)F)ccc(F)c1)C(=O)Cn2c3c(cnc(n3)c4ccccc4)n(c2=O)C(C)(C)C
R3,emap3_Bn-3CF3_4F_BnCH2,CCN(Cc1c(C(F)(F)F)ccc(F)c1)C(=O)Cn2c3c(cnc(n3)c4ccccc4)n(c2=O)Cc1ccccc1C
R3,emap3_Bn-3CF3_4F_PhCH2F,CCN(Cc1c(C(F)(F)F)ccc(F)c1)C(=O)Cn2c3c(cnc(n3)c4ccccc4)n(c2=O)c1ccccc1CF
R3,emap3_Bn-3CF3_4F_OCH2CF2H,CCN(Cc1c(C(F)(F)F)ccc(F)c1)C(=O)Cn2c3c(cnc(n3)c4ccccc4)n(c2=O)COC(F)F
R3,emap3_Bn-3CF3_4F_OCH2CH2CF2H,CCN(Cc1c(C(F)(F)F)ccc(F)c1)C(=O)Cn2c3c(cnc(n3)c4ccccc4)n(c2=O)COCC(F)F
R3,emap3_Bn-3CF3_4F_CH2CF2H,CCN(Cc1c(C(F)(F)F)ccc(F)c1)C(=O)Cn2c3c(cnc(n3)c4ccccc4)n(c2=O)C(F)F
R3,emap3_Bn-3CF3_4F_CH2CH2CF2H,CCN(Cc1c(C(F)(F)F)ccc(F)c1)C(=O)Cn2c3c(cnc(n3)c4ccccc4)n(c2=O)CC(F)F
R3,emap3_Bn-3CF3_4F_OCH2CH2CH2CHF2,CCN(Cc1c(C(F)(F)F)ccc(F)c1)C(=O)Cn2c3c(cnc(n3)c4ccccc4)n(c2=O)COCCC(F)F
R3,emap3_Bn-3CF3_4F_CH2CH2CF2CF3,CCN(Cc1c(C(F)(F)F)ccc(F)c1)C(=O)Cn2c3c(cnc(n3)c4ccccc4)n(c2=O)CC(F)C(F)(F)F
R3,emap3_Bn-3CF3_4F_CH2CF2CF3,CCN(Cc1c(C(F)(F)F)ccc(F)c1)C(=O)Cn2c3c(cnc(n3)c4ccccc4)n(c2=O)C(F)C(F)(F)F
R3,emap3_Bn-3CF3_4F_CH2CH2CH2CF2CF3,CCN(Cc1c(C(F)(F)F)ccc(F)c1)C(=O)Cn2c3c(cnc(n3)c4ccccc4)n(c2=O)CCC(F)C(F)(F)F
R3,emap3_Bn-3CF3_4F_CH2CH2CF2CH3,CCN(Cc1c(C(F)(F)F)ccc(F)c1)C(=O)Cn2c3c(cnc(n3)c4ccccc4)n(c2=O)CC(F)C
R3,emap3_Bn-3CF3_4F_OCH2CF2CF3,CCN(Cc1c(C(F)(F)F)ccc(F)c1)C(=O)Cn2c3c(cnc(n3)c4ccccc4)n(c2=O)COC(F)C(F)(F)F
R3,emap3_Bn-3CF3_4F_OCH2CF2CH3,CCN(Cc1c(C(F)(F)F)ccc(F)c1)C(=O)Cn2c3c(cnc(n3)c4ccccc4)n(c2=O)COC(F)C
R3,emap3_Bn-3CF3_4F_OCH2CH2CF2CF3,CCN(Cc1c(C(F)(F)F)ccc(F)c1)C(=O)Cn2c3c(cnc(n3)c4ccccc4)n(c2=O)COCC(F)C(F)(F)F
R3,emap3_Bn-3CF3_4F_CH2CF2CH2F,CCN(Cc1c(C(F)(F)F)ccc(F)c1)C(=O)Cn2c3c(cnc(n3)c4ccccc4)n(c2=O)C(F)CF
R3,emap3_Bn-3CF3_4F_CH2CH2CF2CH2F,CCN(Cc1c(C(F)(F)F)ccc(F)c1)C(=O)Cn2c3c(cnc(n3)c4ccccc4)n(c2=O)CC(F)CF
R3,emap3_Bn-3CF3_4F_OCH2CF2CH2F,CCN(Cc1c(C(F)(F)F)ccc(F)c1)C(=O)Cn2c3c(cnc(n3)c4ccccc4)n(c2=O)COC(F)CF
R3,emap3_Bn-3CF3_4F_CH2CH2CF2CH2CHF2,CCN(Cc1c(C(F)(F)F)ccc(F)c1)C(=O)Cn2c3c(cnc(n3)c4ccccc4)n(c2=O)CC(F)C(F)F
R3,emap3_Bn-3CF3_4F_CH2CH2CF2CH2CF3,CCN(Cc1c(C(F)(F)F)ccc(F)c1)C(=O)Cn2c3c(cnc(n3)c4ccccc4)n(c2=O)CC(F)C(F)(F)F
R3,emap3_Bn-3CF3_4F_OCH2CH2CF2CH2F,CCN(Cc1c(C(F)(F)F)ccc(F)c1)C(=O)Cn2c3c(cnc(n3)c4ccccc4)n(c2=O)COCC(F)CF
R3,emap3_Bn-3CF3_4F_CH2CH2CF2CH2CH2F,CCN(Cc1c(C(F)(F)F)ccc(F)c1)C(=O)Cn2c3c(cnc(n3)c4ccccc4)n(c2=O)CC(F)CCF
R3,emap3_Bn-3CF3_4F_CH2CF2CH2CH2F,CCN(Cc1c(C(F)(F)F)ccc(F)c1)C(=O)Cn2c3c(cnc(n3)c4ccccc4)n(c2=O)C(F)CCF
R3,emap3_Bn-3CF3_4F_CH2CF2CH2CHF2,CCN(Cc1c(C(F)(F)F)ccc(F)c1)C(=O)Cn2c3c(cnc(n3)c4ccccc4)n(c2=O)C(F)C(F)F
R3,emap3_Bn-3CF3_4F_CH2CF2CH2CF3,CCN(Cc1c(C(F)(F)F)ccc(F)c1)C(=O)Cn2c3c(cnc(n3)c4ccccc4)n(c2=O)C(F)C(F)(F)F
R3,emap3_Bn-3CF3_4F_OCH2CF2CH2CH2F,CCN(Cc1c(C(F)(F)F)ccc(F)c1)C(=O)Cn2c3c(cnc(n3)c4ccccc4)n(c2=O)COC(F)CCF
R3,emap3_Bn-3CF3_4F_OCH2CH2CF2CH2CH2F,CCN(Cc1c(C(F)(F)F)ccc(F)c1)C(=O)Cn2c3c(cnc(n3)c4ccccc4)n(c2=O)COCC(F)CCF
R3,emap3_Bn-3CF3_4F_CH2CH2CF2CH2CH2CHF2,CCN(Cc1c(C(F)(F)F)ccc(F)c1)C(=O)Cn2c3c(cnc(n3)c4ccccc4)n(c2=O)CC(F)CC(F)F
R3,emap3_Bn-3CF3_4F_CH2CH2CF2CH2CH2CF3,CCN(Cc1c(C(F)(F)F)ccc(F)c1)C(=O)Cn2c3c(cnc(n3)c4ccccc4)n(c2=O)CC(F)CC(F)(F)F
R3,emap3_Bn-3F_4SF5_Me,CCN(Cc1c(F)ccc(S(F)(F)(F)(F)F)c1)C(=O)Cn2c3c(cnc(n3)c4ccccc4)n(c2=O)C
R3,emap3_Bn-3F_4SF5_Et,CCN(Cc1c(F)ccc(S(F)(F)(F)(F)F)c1)C(=O)Cn2c3c(cnc(n3)c4ccccc4)n(c2=O)CC
R3,emap3_Bn-3F_4SF5_nPr,CCN(Cc1c(F)ccc(S(F)(F)(F)(F)F)c1)C(=O)Cn2c3c(cnc(n3)c4ccccc4)n(c2=O)CCC
R3,emap3_Bn-3F_4SF5_nBu,CCN(Cc1c(F)ccc(S(F)(F)(F)(F)F)c1)C(=O)Cn2c3c(cnc(n3)c4ccccc4)n(c2=O)CCCC
R3,emap3_Bn-3F_4SF5_CH2F,CCN(Cc1c(F)ccc(S(F)(F)(F)(F)F)c1)C(=O)Cn2c3c(cnc(n3)c4ccccc4)n(c2=O)CF
R3,emap3_Bn-3F_4SF5_CH2CH2F,CCN(Cc1c(F)ccc(S(F)(F)(F)(F)F)c1)C(=O)Cn2c3c(cnc(n3)c4ccccc4)n(c2=O)CCF
R3,emap3_Bn-3F_4SF5_CH2CH2CH2F,CCN(Cc1c(F)ccc(S(F)(F)(F)(F)F)c1)C(=O)Cn2c3c(cnc(n3)c4ccccc4)n(c2=O)CCCF
R3,emap3_Bn-3F_4SF5_CH2CHF2,CCN(Cc1c(F)ccc(S(F)(F)(F)(F)F)c1)C(=O)Cn2c3c(cnc(n3)c4ccccc4)n(c2=O)C(F)F
R3,emap3_Bn-3F_4SF5_CH2CH2CHF2,CCN(Cc1c(F)ccc(S(F)(F)(F)(F)F)c1)C(=O)Cn2c3c(cnc(n3)c4ccccc4)n(c2=O)CC(F)F
R3,emap3_Bn-3F_4SF5_CH2CH2CH2CHF2,CCN(Cc1c(F)ccc(S(F)(F)(F)(F)F)c1)C(=O)Cn2c3c(cnc(n3)c4ccccc4)n(c2=O)CCC(F)F
R3,emap3_Bn-3F_4SF5_CH2CF3,CCN(Cc1c(F)ccc(S(F)(F)(F)(F)F)c1)C(=O)Cn2c3c(cnc(n3)c4ccccc4)n(c2=O)C(F)(F)F
R3,emap3_Bn-3F_4SF5_CH2CH2CF3,CCN(Cc1c(F)ccc(S(F)(F)(F)(F)F)c1)C(=O)Cn2c3c(cnc(n3)c4ccccc4)n(c2=O)CC(F)(F)F
R3,emap3_Bn-3F_4SF5_CH2CH2CH2CF3,CCN(Cc1c(F)ccc(S(F)(F)(F)(F)F)c1)C(=O)Cn2c3c(cnc(n3)c4ccccc4)n(c2=O)CCC(F)(F)F
R3,emap3_Bn-3F_4SF5_OCH2F,CCN(Cc1c(F)ccc(S(F)(F)(F)(F)F)c1)C(=O)Cn2c3c(cnc(n3)c4ccccc4)n(c2=O)COF
R3,emap3_Bn-3F_4SF5_OCH2CHF2,CCN(Cc1c(F)ccc(S(F)(F)(F)(F)F)c1)C(=O)Cn2c3c(cnc(n3)c4ccccc4)n(c2=O)COC(F)F
R3,emap3_Bn-3F_4SF5_OCH2CF3,CCN(Cc1c(F)ccc(S(F)(F)(F)(F)F)c1)C(=O)Cn2c3c(cnc(n3)c4ccccc4)n(c2=O)COC(F)(F)F
R3,emap3_Bn-3F_4SF5_OCH2CH2F,CCN(Cc1c(F)ccc(S(F)(F)(F)(F)F)c1)C(=O)Cn2c3c(cnc(n3)c4ccccc4)n(c2=O)COCF
R3,emap3_Bn-3F_4SF5_OCH2CH2CF3,CCN(Cc1c(F)ccc(S(F)(F)(F)(F)F)c1)C(=O)Cn2c3c(cnc(n3)c4ccccc4)n(c2=O)COCC(F)(F)F
R3,emap3_Bn-3F_4SF5_OCH2CH2CHF2,CCN(Cc1c(F)ccc(S(F)(F)(F)(F)F)c1)C(=O)Cn2c3c(cnc(n3)c4ccccc4)n(c2=O)COCC(F)F
R3,emap3_Bn-3F_4SF5_OCH2CH2CH2F,CCN(Cc1c(F)ccc(S(F)(F)(F)(F)F)c1)C(=O)Cn2c3c(cnc(n3)c4ccccc4)n(c2=O)COCCF
R3,emap3_Bn-3F_4SF5_OCH2CH2CH2CF3,CCN(Cc1c(F)ccc(S(F)(F)(F)(F)F)c1)C(=O)Cn2c3c(cnc(n3)c4ccccc4)n(c2=O)COCCC(F)(F)F
R3,emap3_Bn-3F_4SF5_CH2SiMe3,CCN(Cc1c(F)ccc(S(F)(F)(F)(F)F)c1)C(=O)Cn2c3c(cnc(n3)c4ccccc4)n(c2=O)C[Si](C)(C)C
R3,emap3_Bn-3F_4SF5_CH2CH2SiMe3,CCN(Cc1c(F)ccc(S(F)(F)(F)(F)F)c1)C(=O)Cn2c3c(cnc(n3)c4ccccc4)n(c2=O)CC[Si](C)(C)C
R3,emap3_Bn-3F_4SF5_OSiMe3,CCN(Cc1c(F)ccc(S(F)(F)(F)(F)F)c1)C(=O)Cn2c3c(cnc(n3)c4ccccc4)n(c2=O)O[Si](C)(C)C
R3,emap3_Bn-3F_4SF5_CH2SiEt3,CCN(Cc1c(F)ccc(S(F)(F)(F)(F)F)c1)C(=O)Cn2c3c(cnc(n3)c4ccccc4)n(c2=O)C[Si](CC)(CC)CC
R3,emap3_Bn-3F_4SF5_tBu,CCN(Cc1c(F)ccc(S(F)(F)(F)(F)F)c1)C(=O)Cn2c3c(cnc(n3)c4ccccc4)n(c2=O)C(C)(C)C
R3,emap3_Bn-3F_4SF5_BnCH2,CCN(Cc1c(F)ccc(S(F)(F)(F)(F)F)c1)C(=O)Cn2c3c(cnc(n3)c4ccccc4)n(c2=O)Cc1ccccc1C
R3,emap3_Bn-3F_4SF5_PhCH2F,CCN(Cc1c(F)ccc(S(F)(F)(F)(F)F)c1)C(=O)Cn2c3c(cnc(n3)c4ccccc4)n(c2=O)c1ccccc1CF
R3,emap3_Bn-3F_4SF5_OCH2CF2H,CCN(Cc1c(F)ccc(S(F)(F)(F)(F)F)c1)C(=O)Cn2c3c(cnc(n3)c4ccccc4)n(c2=O)COC(F)F
R3,emap3_Bn-3F_4SF5_OCH2CH2CF2H,CCN(Cc1c(F)ccc(S(F)(F)(F)(F)F)c1)C(=O)Cn2c3c(cnc(n3)c4ccccc4)n(c2=O)COCC(F)F
R3,emap3_Bn-3F_4SF5_CH2CF2H,CCN(Cc1c(F)ccc(S(F)(F)(F)(F)F)c1)C(=O)Cn2c3c(cnc(n3)c4ccccc4)n(c2=O)C(F)F
R3,emap3_Bn-3F_4SF5_CH2CH2CF2H,CCN(Cc1c(F)ccc(S(F)(F)(F)(F)F)c1)C(=O)Cn2c3c(cnc(n3)c4ccccc4)n(c2=O)CC(F)F
R3,emap3_Bn-3F_4SF5_OCH2CH2CH2CHF2,CCN(Cc1c(F)ccc(S(F)(F)(F)(F)F)c1)C(=O)Cn2c3c(cnc(n3)c4ccccc4)n(c2=O)COCCC(F)F
R3,emap3_Bn-3F_4SF5_CH2CH2CF2CF3,CCN(Cc1c(F)ccc(S(F)(F)(F)(F)F)c1)C(=O)Cn2c3c(cnc(n3)c4ccccc4)n(c2=O)CC(F)C(F)(F)F
R3,emap3_Bn-3F_4SF5_CH2CF2CF3,CCN(Cc1c(F)ccc(S(F)(F)(F)(F)F)c1)C(=O)Cn2c3c(cnc(n3)c4ccccc4)n(c2=O)C(F)C(F)(F)F
R3,emap3_Bn-3F_4SF5_CH2CH2CH2CF2CF3,CCN(Cc1c(F)ccc(S(F)(F)(F)(F)F)c1)C(=O)Cn2c3c(cnc(n3)c4ccccc4)n(c2=O)CCC(F)C(F)(F)F
R3,emap3_Bn-3F_4SF5_CH2CH2CF2CH3,CCN(Cc1c(F)ccc(S(F)(F)(F)(F)F)c1)C(=O)Cn2c3c(cnc(n3)c4ccccc4)n(c2=O)CC(F)C
R3,emap3_Bn-3F_4SF5_OCH2CF2CF3,CCN(Cc1c(F)ccc(S(F)(F)(F)(F)F)c1)C(=O)Cn2c3c(cnc(n3)c4ccccc4)n(c2=O)COC(F)C(F)(F)F
R3,emap3_Bn-3F_4SF5_OCH2CF2CH3,CCN(Cc1c(F)ccc(S(F)(F)(F)(F)F)c1)C(=O)Cn2c3c(cnc(n3)c4ccccc4)n(c2=O)COC(F)C
R3,emap3_Bn-3F_4SF5_OCH2CH2CF2CF3,CCN(Cc1c(F)ccc(S(F)(F)(F)(F)F)c1)C(=O)Cn2c3c(cnc(n3)c4ccccc4)n(c2=O)COCC(F)C(F)(F)F
R3,emap3_Bn-3F_4SF5_CH2CF2CH2F,CCN(Cc1c(F)ccc(S(F)(F)(F)(F)F)c1)C(=O)Cn2c3c(cnc(n3)c4ccccc4)n(c2=O)C(F)CF
R3,emap3_Bn-3F_4SF5_CH2CH2CF2CH2F,CCN(Cc1c(F)ccc(S(F)(F)(F)(F)F)c1)C(=O)Cn2c3c(cnc(n3)c4ccccc4)n(c2=O)CC(F)CF
R3,emap3_Bn-3F_4SF5_OCH2CF2CH2F,CCN(Cc1c(F)ccc(S(F)(F)(F)(F)F)c1)C(=O)Cn2c3c(cnc(n3)c4ccccc4)n(c2=O)COC(F)CF
R3,emap3_Bn-3F_4SF5_CH2CH2CF2CH2CHF2,CCN(Cc1c(F)ccc(S(F)(F)(F)(F)F)c1)C(=O)Cn2c3c(cnc(n3)c4ccccc4)n(c2=O)CC(F)C(F)F
R3,emap3_Bn-3F_4SF5_CH2CH2CF2CH2CF3,CCN(Cc1c(F)ccc(S(F)(F)(F)(F)F)c1)C(=O)Cn2c3c(cnc(n3)c4ccccc4)n(c2=O)CC(F)C(F)(F)F
R3,emap3_Bn-3F_4SF5_OCH2CH2CF2CH2F,CCN(Cc1c(F)ccc(S(F)(F)(F)(F)F)c1)C(=O)Cn2c3c(cnc(n3)c4ccccc4)n(c2=O)COCC(F)CF
R3,emap3_Bn-3F_4SF5_CH2CH2CF2CH2CH2F,CCN(Cc1c(F)ccc(S(F)(F)(F)(F)F)c1)C(=O)Cn2c3c(cnc(n3)c4ccccc4)n(c2=O)CC(F)CCF
R3,emap3_Bn-3F_4SF5_CH2CF2CH2CH2F,CCN(Cc1c(F)ccc(S(F)(F)(F)(F)F)c1)C(=O)Cn2c3c(cnc(n3)c4ccccc4)n(c2=O)C(F)CCF
R3,emap3_Bn-3F_4SF5_CH2CF2CH2CHF2,CCN(Cc1c(F)ccc(S(F)(F)(F)(F)F)c1)C(=O)Cn2c3c(cnc(n3)c4ccccc4)n(c2=O)C(F)C(F)F
R3,emap3_Bn-3F_4SF5_CH2CF2CH2CF3,CCN(Cc1c(F)ccc(S(F)(F)(F)(F)F)c1)C(=O)Cn2c3c(cnc(n3)c4ccccc4)n(c2=O)C(F)C(F)(F)F
R3,emap3_Bn-3F_4SF5_OCH2CF2CH2CH2F,CCN(Cc1c(F)ccc(S(F)(F)(F)(F)F)c1)C(=O)Cn2c3c(cnc(n3)c4ccccc4)n(c2=O)COC(F)CCF
R3,emap3_Bn-3F_4SF5_OCH2CH2CF2CH2CH2F,CCN(Cc1c(F)ccc(S(F)(F)(F)(F)F)c1)C(=O)Cn2c3c(cnc(n3)c4ccccc4)n(c2=O)COCC(F)CCF
R3,emap3_Bn-3F_4SF5_CH2CH2CF2CH2CH2CHF2,CCN(Cc1c(F)ccc(S(F)(F)(F)(F)F)c1)C(=O)Cn2c3c(cnc(n3)c4ccccc4)n(c2=O)CC(F)CC(F)F
R3,emap3_Bn-3F_4SF5_CH2CH2CF2CH2CH2CF3,CCN(Cc1c(F)ccc(S(F)(F)(F)(F)F)c1)C(=O)Cn2c3c(cnc(n3)c4ccccc4)n(c2=O)CC(F)CC(F)(F)F
R3,emap3_Bn-3OMe_4CF3_Me,CCN(Cc1c(OC)ccc(C(F)(F)F)c1)C(=O)Cn2c3c(cnc(n3)c4ccccc4)n(c2=O)C
R3,emap3_Bn-3OMe_4CF3_Et,CCN(Cc1c(OC)ccc(C(F)(F)F)c1)C(=O)Cn2c3c(cnc(n3)c4ccccc4)n(c2=O)CC
R3,emap3_Bn-3OMe_4CF3_nPr,CCN(Cc1c(OC)ccc(C(F)(F)F)c1)C(=O)Cn2c3c(cnc(n3)c4ccccc4)n(c2=O)CCC
R3,emap3_Bn-3OMe_4CF3_nBu,CCN(Cc1c(OC)ccc(C(F)(F)F)c1)C(=O)Cn2c3c(cnc(n3)c4ccccc4)n(c2=O)CCCC
R3,emap3_Bn-3OMe_4CF3_CH2F,CCN(Cc1c(OC)ccc(C(F)(F)F)c1)C(=O)Cn2c3c(cnc(n3)c4ccccc4)n(c2=O)CF
R3,emap3_Bn-3OMe_4CF3_CH2CH2F,CCN(Cc1c(OC)ccc(C(F)(F)F)c1)C(=O)Cn2c3c(cnc(n3)c4ccccc4)n(c2=O)CCF
R3,emap3_Bn-3OMe_4CF3_CH2CH2CH2F,CCN(Cc1c(OC)ccc(C(F)(F)F)c1)C(=O)Cn2c3c(cnc(n3)c4ccccc4)n(c2=O)CCCF
R3,emap3_Bn-3OMe_4CF3_CH2CHF2,CCN(Cc1c(OC)ccc(C(F)(F)F)c1)C(=O)Cn2c3c(cnc(n3)c4ccccc4)n(c2=O)C(F)F
R3,emap3_Bn-3OMe_4CF3_CH2CH2CHF2,CCN(Cc1c(OC)ccc(C(F)(F)F)c1)C(=O)Cn2c3c(cnc(n3)c4ccccc4)n(c2=O)CC(F)F
R3,emap3_Bn-3OMe_4CF3_CH2CH2CH2CHF2,CCN(Cc1c(OC)ccc(C(F)(F)F)c1)C(=O)Cn2c3c(cnc(n3)c4ccccc4)n(c2=O)CCC(F)F
R3,emap3_Bn-3OMe_4CF3_CH2CF3,CCN(Cc1c(OC)ccc(C(F)(F)F)c1)C(=O)Cn2c3c(cnc(n3)c4ccccc4)n(c2=O)C(F)(F)F
R3,emap3_Bn-3OMe_4CF3_CH2CH2CF3,CCN(Cc1c(OC)ccc(C(F)(F)F)c1)C(=O)Cn2c3c(cnc(n3)c4ccccc4)n(c2=O)CC(F)(F)F
R3,emap3_Bn-3OMe_4CF3_CH2CH2CH2CF3,CCN(Cc1c(OC)ccc(C(F)(F)F)c1)C(=O)Cn2c3c(cnc(n3)c4ccccc4)n(c2=O)CCC(F)(F)F
R3,emap3_Bn-3OMe_4CF3_OCH2F,CCN(Cc1c(OC)ccc(C(F)(F)F)c1)C(=O)Cn2c3c(cnc(n3)c4ccccc4)n(c2=O)COF
R3,emap3_Bn-3OMe_4CF3_OCH2CHF2,CCN(Cc1c(OC)ccc(C(F)(F)F)c1)C(=O)Cn2c3c(cnc(n3)c4ccccc4)n(c2=O)COC(F)F
R3,emap3_Bn-3OMe_4CF3_OCH2CF3,CCN(Cc1c(OC)ccc(C(F)(F)F)c1)C(=O)Cn2c3c(cnc(n3)c4ccccc4)n(c2=O)COC(F)(F)F
R3,emap3_Bn-3OMe_4CF3_OCH2CH2F,CCN(Cc1c(OC)ccc(C(F)(F)F)c1)C(=O)Cn2c3c(cnc(n3)c4ccccc4)n(c2=O)COCF
R3,emap3_Bn-3OMe_4CF3_OCH2CH2CF3,CCN(Cc1c(OC)ccc(C(F)(F)F)c1)C(=O)Cn2c3c(cnc(n3)c4ccccc4)n(c2=O)COCC(F)(F)F
R3,emap3_Bn-3OMe_4CF3_OCH2CH2CHF2,CCN(Cc1c(OC)ccc(C(F)(F)F)c1)C(=O)Cn2c3c(cnc(n3)c4ccccc4)n(c2=O)COCC(F)F
R3,emap3_Bn-3OMe_4CF3_OCH2CH2CH2F,CCN(Cc1c(OC)ccc(C(F)(F)F)c1)C(=O)Cn2c3c(cnc(n3)c4ccccc4)n(c2=O)COCCF
R3,emap3_Bn-3OMe_4CF3_OCH2CH2CH2CF3,CCN(Cc1c(OC)ccc(C(F)(F)F)c1)C(=O)Cn2c3c(cnc(n3)c4ccccc4)n(c2=O)COCCC(F)(F)F
R3,emap3_Bn-3OMe_4CF3_CH2SiMe3,CCN(Cc1c(OC)ccc(C(F)(F)F)c1)C(=O)Cn2c3c(cnc(n3)c4ccccc4)n(c2=O)C[Si](C)(C)C
R3,emap3_Bn-3OMe_4CF3_CH2CH2SiMe3,CCN(Cc1c(OC)ccc(C(F)(F)F)c1)C(=O)Cn2c3c(cnc(n3)c4ccccc4)n(c2=O)CC[Si](C)(C)C
R3,emap3_Bn-3OMe_4CF3_OSiMe3,CCN(Cc1c(OC)ccc(C(F)(F)F)c1)C(=O)Cn2c3c(cnc(n3)c4ccccc4)n(c2=O)O[Si](C)(C)C
R3,emap3_Bn-3OMe_4CF3_CH2SiEt3,CCN(Cc1c(OC)ccc(C(F)(F)F)c1)C(=O)Cn2c3c(cnc(n3)c4ccccc4)n(c2=O)C[Si](CC)(CC)CC
R3,emap3_Bn-3OMe_4CF3_tBu,CCN(Cc1c(OC)ccc(C(F)(F)F)c1)C(=O)Cn2c3c(cnc(n3)c4ccccc4)n(c2=O)C(C)(C)C
R3,emap3_Bn-3OMe_4CF3_BnCH2,CCN(Cc1c(OC)ccc(C(F)(F)F)c1)C(=O)Cn2c3c(cnc(n3)c4ccccc4)n(c2=O)Cc1ccccc1C
R3,emap3_Bn-3OMe_4CF3_PhCH2F,CCN(Cc1c(OC)ccc(C(F)(F)F)c1)C(=O)Cn2c3c(cnc(n3)c4ccccc4)n(c2=O)c1ccccc1CF
R3,emap3_Bn-3OMe_4CF3_OCH2CF2H,CCN(Cc1c(OC)ccc(C(F)(F)F)c1)C(=O)Cn2c3c(cnc(n3)c4ccccc4)n(c2=O)COC(F)F
R3,emap3_Bn-3OMe_4CF3_OCH2CH2CF2H,CCN(Cc1c(OC)ccc(C(F)(F)F)c1)C(=O)Cn2c3c(cnc(n3)c4ccccc4)n(c2=O)COCC(F)F
R3,emap3_Bn-3OMe_4CF3_CH2CF2H,CCN(Cc1c(OC)ccc(C(F)(F)F)c1)C(=O)Cn2c3c(cnc(n3)c4ccccc4)n(c2=O)C(F)F
R3,emap3_Bn-3OMe_4CF3_CH2CH2CF2H,CCN(Cc1c(OC)ccc(C(F)(F)F)c1)C(=O)Cn2c3c(cnc(n3)c4ccccc4)n(c2=O)CC(F)F
R3,emap3_Bn-3OMe_4CF3_OCH2CH2CH2CHF2,CCN(Cc1c(OC)ccc(C(F)(F)F)c1)C(=O)Cn2c3c(cnc(n3)c4ccccc4)n(c2=O)COCCC(F)F
R3,emap3_Bn-3OMe_4CF3_CH2CH2CF2CF3,CCN(Cc1c(OC)ccc(C(F)(F)F)c1)C(=O)Cn2c3c(cnc(n3)c4ccccc4)n(c2=O)CC(F)C(F)(F)F
R3,emap3_Bn-3OMe_4CF3_CH2CF2CF3,CCN(Cc1c(OC)ccc(C(F)(F)F)c1)C(=O)Cn2c3c(cnc(n3)c4ccccc4)n(c2=O)C(F)C(F)(F)F
R3,emap3_Bn-3OMe_4CF3_CH2CH2CH2CF2CF3,CCN(Cc1c(OC)ccc(C(F)(F)F)c1)C(=O)Cn2c3c(cnc(n3)c4ccccc4)n(c2=O)CCC(F)C(F)(F)F
R3,emap3_Bn-3OMe_4CF3_CH2CH2CF2CH3,CCN(Cc1c(OC)ccc(C(F)(F)F)c1)C(=O)Cn2c3c(cnc(n3)c4ccccc4)n(c2=O)CC(F)C
R3,emap3_Bn-3OMe_4CF3_OCH2CF2CF3,CCN(Cc1c(OC)ccc(C(F)(F)F)c1)C(=O)Cn2c3c(cnc(n3)c4ccccc4)n(c2=O)COC(F)C(F)(F)F
R3,emap3_Bn-3OMe_4CF3_OCH2CF2CH3,CCN(Cc1c(OC)ccc(C(F)(F)F)c1)C(=O)Cn2c3c(cnc(n3)c4ccccc4)n(c2=O)COC(F)C
R3,emap3_Bn-3OMe_4CF3_OCH2CH2CF2CF3,CCN(Cc1c(OC)ccc(C(F)(F)F)c1)C(=O)Cn2c3c(cnc(n3)c4ccccc4)n(c2=O)COCC(F)C(F)(F)F
R3,emap3_Bn-3OMe_4CF3_CH2CF2CH2F,CCN(Cc1c(OC)ccc(C(F)(F)F)c1)C(=O)Cn2c3c(cnc(n3)c4ccccc4)n(c2=O)C(F)CF
R3,emap3_Bn-3OMe_4CF3_CH2CH2CF2CH2F,CCN(Cc1c(OC)ccc(C(F)(F)F)c1)C(=O)Cn2c3c(cnc(n3)c4ccccc4)n(c2=O)CC(F)CF
R3,emap3_Bn-3OMe_4CF3_OCH2CF2CH2F,CCN(Cc1c(OC)ccc(C(F)(F)F)c1)C(=O)Cn2c3c(cnc(n3)c4ccccc4)n(c2=O)COC(F)CF
R3,emap3_Bn-3OMe_4CF3_CH2CH2CF2CH2CHF2,CCN(Cc1c(OC)ccc(C(F)(F)F)c1)C(=O)Cn2c3c(cnc(n3)c4ccccc4)n(c2=O)CC(F)C(F)F
R3,emap3_Bn-3OMe_4CF3_CH2CH2CF2CH2CF3,CCN(Cc1c(OC)ccc(C(F)(F)F)c1)C(=O)Cn2c3c(cnc(n3)c4ccccc4)n(c2=O)CC(F)C(F)(F)F
R3,emap3_Bn-3OMe_4CF3_OCH2CH2CF2CH2F,CCN(Cc1c(OC)ccc(C(F)(F)F)c1)C(=O)Cn2c3c(cnc(n3)c4ccccc4)n(c2=O)COCC(F)CF
R3,emap3_Bn-3OMe_4CF3_CH2CH2CF2CH2CH2F,CCN(Cc1c(OC)ccc(C(F)(F)F)c1)C(=O)Cn2c3c(cnc(n3)c4ccccc4)n(c2=O)CC(F)CCF
R3,emap3_Bn-3OMe_4CF3_CH2CF2CH2CH2F,CCN(Cc1c(OC)ccc(C(F)(F)F)c1)C(=O)Cn2c3c(cnc(n3)c4ccccc4)n(c2=O)C(F)CCF
R3,emap3_Bn-3OMe_4CF3_CH2CF2CH2CHF2,CCN(Cc1c(OC)ccc(C(F)(F)F)c1)C(=O)Cn2c3c(cnc(n3)c4ccccc4)n(c2=O)C(F)C(F)F
R3,emap3_Bn-3OMe_4CF3_CH2CF2CH2CF3,CCN(Cc1c(OC)ccc(C(F)(F)F)c1)C(=O)Cn2c3c(cnc(n3)c4ccccc4)n(c2=O)C(F)C(F)(F)F
R3,emap3_Bn-3OMe_4CF3_OCH2CF2CH2CH2F,CCN(Cc1c(OC)ccc(C(F)(F)F)c1)C(=O)Cn2c3c(cnc(n3)c4ccccc4)n(c2=O)COC(F)CCF
R3,emap3_Bn-3OMe_4CF3_OCH2CH2CF2CH2CH2F,CCN(Cc1c(OC)ccc(C(F)(F)F)c1)C(=O)Cn2c3c(cnc(n3)c4ccccc4)n(c2=O)COCC(F)CCF
R3,emap3_Bn-3OMe_4CF3_CH2CH2CF2CH2CH2CHF2,CCN(Cc1c(OC)ccc(C(F)(F)F)c1)C(=O)Cn2c3c(cnc(n3)c4ccccc4)n(c2=O)CC(F)CC(F)F
R3,emap3_Bn-3OMe_4CF3_CH2CH2CF2CH2CH2CF3,CCN(Cc1c(OC)ccc(C(F)(F)F)c1)C(=O)Cn2c3c(cnc(n3)c4ccccc4)n(c2=O)CC(F)CC(F)(F)F