round,ligand_id,smiles,MW,cLogP,logD7.4,logD7.4_est,TPSA,HBD,HBA,RotB,logS_ESOL_est,efflux_risk_0to2,E_dock,CNS_MPO_TE2052,Ki_note
R1,emap_Bn_Me,CCN(Cc1ccccc1)C(=O)Cn1c(=O)n(C)c2cnc(-c3ccccc3)nc21,401.470,2.846,,2.237,73.020,0,4,6,-3.726,0,-5.638,5.400,
R1,emap_Bn_Et,CCN(Cc1ccccc1)C(=O)Cn1c(=O)n(CC)c2cnc(-c3ccccc3)nc21,415.497,3.329,,2.720,73.020,0,4,7,-4.051,0,-5.470,5.400,
R1,emap_Bn_CH2F,CCN(Cc1ccccc1)C(=O)Cn1c(=O)n(CF)c2cnc(-c3ccccc3)nc21,419.460,3.236,,2.627,73.020,0,4,7,-4.017,0,-5.548,5.400,
R1,emap_Bn_CH2CH2F,CCN(Cc1ccccc1)C(=O)Cn1c(=O)n(CCF)c2cnc(-c3ccccc3)nc21,433.487,3.278,,2.670,73.020,0,4,8,-4.065,0,-5.354,5.400,
R1,emap_Bn-4F_Me,CCN(Cc1ccc(F)cc1)C(=O)Cn1c(=O)n(C)c2cnc(-c3ccccc3)nc21,419.460,2.985,,2.376,73.020,0,4,6,-3.925,0,-5.763,5.400,
R1,emap_Bn-4F_Et,CCN(Cc1ccc(F)cc1)C(=O)Cn1c(=O)n(CC)c2cnc(-c3ccccc3)nc21,433.487,3.468,,2.859,73.020,0,4,7,-4.250,0,-5.337,5.400,
R1,emap_Bn-4F_CH2F,CCN(Cc1ccc(F)cc1)C(=O)Cn1c(=O)n(CF)c2cnc(-c3ccccc3)nc21,437.450,3.375,,2.766,73.020,0,4,7,-4.216,0,-6.373,5.400,
R1,emap_Bn-4F_CH2CH2F,CCN(Cc1ccc(F)cc1)C(=O)Cn1c(=O)n(CCF)c2cnc(-c3ccccc3)nc21,451.477,3.417,,2.809,73.020,0,4,8,-4.264,0,-5.437,5.400,
R1,"emap_Bn-3,5diF_Me",CCN(Cc1ccc(F)cc1F)C(=O)Cn1c(=O)n(C)c2cnc(-c3ccccc3)nc21,437.450,3.124,,2.515,73.020,0,4,6,-4.124,0,,5.400,
R1,"emap_Bn-3,5diF_Et",CCN(Cc1ccc(F)cc1F)C(=O)Cn1c(=O)n(CC)c2cnc(-c3ccccc3)nc21,451.477,3.607,,2.998,73.020,0,4,7,-4.449,0,,5.400,
R1,"emap_Bn-3,5diF_CH2F",CCN(Cc1ccc(F)cc1F)C(=O)Cn1c(=O)n(CF)c2cnc(-c3ccccc3)nc21,455.440,3.514,,2.905,73.020,0,4,7,-4.415,0,,5.400,
R1,"emap_Bn-3,5diF_CH2CH2F",CCN(Cc1ccc(F)cc1F)C(=O)Cn1c(=O)n(CCF)c2cnc(-c3ccccc3)nc21,469.467,3.556,,2.948,73.020,0,4,8,-4.463,0,,5.400,
R1,emap_Bn-4CF3_Me,CCN(Cc1ccc(C(F)(F)F)cc1)C(=O)Cn1c(=O)n(C)c2cnc(-c3ccccc3)nc21,469.467,3.865,,3.256,73.020,0,4,6,-4.789,0,-5.947,5.400,
R1,emap_Bn-4CF3_Et,CCN(Cc1ccc(C(F)(F)F)cc1)C(=O)Cn1c(=O)n(CC)c2cnc(-c3ccccc3)nc21,483.494,4.347,,3.739,73.020,0,4,7,-5.115,0,-5.725,4.800,
R1,emap_Bn-4CF3_CH2F,CCN(Cc1ccc(C(F)(F)F)cc1)C(=O)Cn1c(=O)n(CF)c2cnc(-c3ccccc3)nc21,487.457,4.255,,3.646,73.020,0,4,7,-5.081,0,-5.378,4.800,
R1,emap_Bn-4CF3_CH2CH2F,CCN(Cc1ccc(C(F)(F)F)cc1)C(=O)Cn1c(=O)n(CCF)c2cnc(-c3ccccc3)nc21,501.484,4.297,,3.689,73.020,0,4,8,-5.128,1,-5.978,4.200,
R1,emap_Bn-4OCF3_Me,CCN(Cc1ccc(OC(F)(F)F)cc1)C(=O)Cn1c(=O)n(C)c2cnc(-c3ccccc3)nc21,485.466,3.744,,3.059,82.250,0,5,7,-4.747,0,-6.552,5.400,
R1,emap_Bn-4OCF3_Et,CCN(Cc1ccc(OC(F)(F)F)cc1)C(=O)Cn1c(=O)n(CC)c2cnc(-c3ccccc3)nc21,499.493,4.227,,3.542,82.250,0,5,8,-5.072,0,-6.384,4.800,
R1,emap_Bn-4OCF3_CH2F,CCN(Cc1ccc(OC(F)(F)F)cc1)C(=O)Cn1c(=O)n(CF)c2cnc(-c3ccccc3)nc21,503.456,4.134,,3.449,82.250,0,5,8,-5.038,1,-6.179,4.200,
R1,emap_Bn-4OCF3_CH2CH2F,CCN(Cc1ccc(OC(F)(F)F)cc1)C(=O)Cn1c(=O)n(CCF)c2cnc(-c3ccccc3)nc21,517.483,4.177,,3.491,82.250,0,5,9,-5.086,1,-6.326,4.200,
R1,emap_Bn-4OMe_Me,CCN(Cc1ccc(OC)cc1)C(=O)Cn1c(=O)n(C)c2cnc(-c3ccccc3)nc21,431.496,2.854,,2.169,82.250,0,5,7,-3.851,0,-6.225,5.400,
R1,emap_Bn-4OMe_Et,CCN(Cc1ccc(OC)cc1)C(=O)Cn1c(=O)n(CC)c2cnc(-c3ccccc3)nc21,445.523,3.337,,2.652,82.250,0,5,8,-4.177,0,-5.479,5.400,
R1,emap_Bn-4OMe_CH2F,CCN(Cc1ccc(OC)cc1)C(=O)Cn1c(=O)n(CF)c2cnc(-c3ccccc3)nc21,449.486,3.244,,2.559,82.250,0,5,8,-4.143,0,-5.956,5.400,
R1,emap_Bn-4OMe_CH2CH2F,CCN(Cc1ccc(OC)cc1)C(=O)Cn1c(=O)n(CCF)c2cnc(-c3ccccc3)nc21,463.513,3.287,,2.601,82.250,0,5,9,-4.190,0,-5.315,5.400,
R1,emap_Bn-4OCHF2_Me,CCN(Cc1ccc(OC(F)F)cc1)C(=O)Cn1c(=O)n(C)c2cnc(-c3ccccc3)nc21,467.476,3.447,,2.762,82.250,0,5,8,-4.382,0,-6.544,5.400,
R1,emap_Bn-4OCHF2_Et,CCN(Cc1ccc(OC(F)F)cc1)C(=O)Cn1c(=O)n(CC)c2cnc(-c3ccccc3)nc21,481.503,3.930,,3.245,82.250,0,5,9,-4.707,0,-6.189,5.400,
R1,emap_Bn-4OCHF2_CH2F,CCN(Cc1ccc(OC(F)F)cc1)C(=O)Cn1c(=O)n(CF)c2cnc(-c3ccccc3)nc21,485.466,3.837,,3.152,82.250,0,5,9,-4.673,0,-6.071,5.400,
R1,emap_Bn-4OCHF2_CH2CH2F,CCN(Cc1ccc(OC(F)F)cc1)C(=O)Cn1c(=O)n(CCF)c2cnc(-c3ccccc3)nc21,499.493,3.880,,3.194,82.250,0,5,10,-4.721,0,-6.289,5.400,
R1,emap_Bn-4CN_Me,CCN(Cc1ccc(C#N)cc1)C(=O)Cn1c(=O)n(C)c2cnc(-c3ccccc3)nc21,426.480,2.717,,1.911,96.810,0,5,6,-3.800,1,-5.387,4.800,
R1,emap_Bn-4CN_Et,CCN(Cc1ccc(C#N)cc1)C(=O)Cn1c(=O)n(CC)c2cnc(-c3ccccc3)nc21,440.507,3.200,,2.394,96.810,0,5,7,-4.125,1,-5.546,4.800,
R1,emap_Bn-4CN_CH2F,CCN(Cc1ccc(C#N)cc1)C(=O)Cn1c(=O)n(CF)c2cnc(-c3ccccc3)nc21,444.470,3.107,,2.301,96.810,0,5,7,-4.091,1,-2.474,4.800,
R1,emap_Bn-4CN_CH2CH2F,CCN(Cc1ccc(C#N)cc1)C(=O)Cn1c(=O)n(CCF)c2cnc(-c3ccccc3)nc21,458.497,3.150,,2.343,96.810,0,5,8,-4.139,1,-5.370,4.800,
R2,emap2_Bn_Me,CCN(Cc1ccccc1)C(=O)Cn1c(=O)n(C)c2cnc(-c3ccccc3)nc21,401.470,2.846,,2.237,73.020,0,4,6,-3.726,0,-5.220,5.400,
R2,emap2_Bn_Et,CCN(Cc1ccccc1)C(=O)Cn1c(=O)n(CC)c2cnc(-c3ccccc3)nc21,415.497,3.329,,2.720,73.020,0,4,7,-4.051,0,-5.465,5.400,
R2,emap2_Bn_iPr,CCN(Cc1ccccc1)C(=O)Cn1c(=O)n(C(C)C)c2cnc(-c3ccccc3)nc21,429.524,3.890,,3.281,73.020,0,4,7,-4.491,0,-5.627,5.400,
R2,emap2_Bn_cPr,CCN(Cc1ccccc1)C(=O)Cn1c(=O)n(C2CC2)c2cnc(-c3ccccc3)nc21,427.508,3.644,,3.035,73.020,0,4,7,-4.324,0,-5.457,5.400,
R2,emap2_Bn_CH2F,CCN(Cc1ccccc1)C(=O)Cn1c(=O)n(CF)c2cnc(-c3ccccc3)nc21,419.460,3.236,,2.627,73.020,0,4,7,-4.017,0,-5.421,5.400,
R2,emap2_Bn_CHF2,CCN(Cc1ccccc1)C(=O)Cn1c(=O)n(C(F)F)c2cnc(-c3ccccc3)nc21,437.450,3.704,,3.095,73.020,0,4,7,-4.424,0,-1.471,5.400,
R2,emap2_Bn_CH2CH2F,CCN(Cc1ccccc1)C(=O)Cn1c(=O)n(CCF)c2cnc(-c3ccccc3)nc21,433.487,3.278,,2.670,73.020,0,4,8,-4.065,0,-5.268,5.400,
R2,emap2_Bn_CH2CF3,CCN(Cc1ccccc1)C(=O)Cn1c(=O)n(CC(F)(F)F)c2cnc(-c3ccccc3)nc21,469.467,3.871,,3.263,73.020,0,4,7,-4.727,0,-6.664,5.400,
R2,emap2_Bn-4F_Me,CCN(Cc1ccc(F)cc1)C(=O)Cn1c(=O)n(C)c2cnc(-c3ccccc3)nc21,419.460,2.985,,2.376,73.020,0,4,6,-3.925,0,-6.520,5.400,
R2,emap2_Bn-4F_Et,CCN(Cc1ccc(F)cc1)C(=O)Cn1c(=O)n(CC)c2cnc(-c3ccccc3)nc21,433.487,3.468,,2.859,73.020,0,4,7,-4.250,0,-5.466,5.400,
R2,emap2_Bn-4F_iPr,CCN(Cc1ccc(F)cc1)C(=O)Cn1c(=O)n(C(C)C)c2cnc(-c3ccccc3)nc21,447.514,4.029,,3.420,73.020,0,4,7,-4.691,0,-5.632,4.800,
R2,emap2_Bn-4F_cPr,CCN(Cc1ccc(F)cc1)C(=O)Cn1c(=O)n(C2CC2)c2cnc(-c3ccccc3)nc21,445.498,3.783,,3.174,73.020,0,4,7,-4.523,0,-6.338,5.400,
R2,emap2_Bn-4F_CH2F,CCN(Cc1ccc(F)cc1)C(=O)Cn1c(=O)n(CF)c2cnc(-c3ccccc3)nc21,437.450,3.375,,2.766,73.020,0,4,7,-4.216,0,-5.706,5.400,
R2,emap2_Bn-4F_CHF2,CCN(Cc1ccc(F)cc1)C(=O)Cn1c(=O)n(C(F)F)c2cnc(-c3ccccc3)nc21,455.440,3.843,,3.234,73.020,0,4,7,-4.623,0,-5.732,5.400,
R2,emap2_Bn-4F_CH2CH2F,CCN(Cc1ccc(F)cc1)C(=O)Cn1c(=O)n(CCF)c2cnc(-c3ccccc3)nc21,451.477,3.417,,2.809,73.020,0,4,8,-4.264,0,-5.573,5.400,
R2,emap2_Bn-4F_CH2CF3,CCN(Cc1ccc(F)cc1)C(=O)Cn1c(=O)n(CC(F)(F)F)c2cnc(-c3ccccc3)nc21,487.457,4.010,,3.402,73.020,0,4,7,-4.927,0,-5.761,4.800,
R2,"emap2_Bn-3,5diF_Me",CCN(Cc1ccc(F)cc1F)C(=O)Cn1c(=O)n(C)c2cnc(-c3ccccc3)nc21,437.450,3.124,,2.515,73.020,0,4,6,-4.124,0,-6.045,5.400,
R2,"emap2_Bn-3,5diF_Et",CCN(Cc1ccc(F)cc1F)C(=O)Cn1c(=O)n(CC)c2cnc(-c3ccccc3)nc21,451.477,3.607,,2.998,73.020,0,4,7,-4.449,0,-5.654,5.400,
R2,"emap2_Bn-3,5diF_iPr",CCN(Cc1ccc(F)cc1F)C(=O)Cn1c(=O)n(C(C)C)c2cnc(-c3ccccc3)nc21,465.504,4.168,,3.559,73.020,0,4,7,-4.890,0,-6.220,4.800,
R2,"emap2_Bn-3,5diF_cPr",CCN(Cc1ccc(F)cc1F)C(=O)Cn1c(=O)n(C2CC2)c2cnc(-c3ccccc3)nc21,463.488,3.922,,3.313,73.020,0,4,7,-4.722,0,-6.251,5.400,
R2,"emap2_Bn-3,5diF_CH2F",CCN(Cc1ccc(F)cc1F)C(=O)Cn1c(=O)n(CF)c2cnc(-c3ccccc3)nc21,455.440,3.514,,2.905,73.020,0,4,7,-4.415,0,-5.941,5.400,
R2,"emap2_Bn-3,5diF_CHF2",CCN(Cc1ccc(F)cc1F)C(=O)Cn1c(=O)n(C(F)F)c2cnc(-c3ccccc3)nc21,473.430,3.982,,3.374,73.020,0,4,7,-4.822,0,-5.883,5.400,
R2,"emap2_Bn-3,5diF_CH2CH2F",CCN(Cc1ccc(F)cc1F)C(=O)Cn1c(=O)n(CCF)c2cnc(-c3ccccc3)nc21,469.467,3.556,,2.948,73.020,0,4,8,-4.463,0,-6.656,5.400,
R2,"emap2_Bn-3,5diF_CH2CF3",CCN(Cc1ccc(F)cc1F)C(=O)Cn1c(=O)n(CC(F)(F)F)c2cnc(-c3ccccc3)nc21,505.447,4.149,,3.541,73.020,0,4,7,-5.126,1,-7.028,4.200,
R2,"emap2_Bn-3,4diF_Me",CCN(Cc1cc(F)ccc1F)C(=O)Cn1c(=O)n(C)c2cnc(-c3ccccc3)nc21,437.450,3.124,,2.515,73.020,0,4,6,-4.124,0,-6.517,5.400,
R2,"emap2_Bn-3,4diF_Et",CCN(Cc1cc(F)ccc1F)C(=O)Cn1c(=O)n(CC)c2cnc(-c3ccccc3)nc21,451.477,3.607,,2.998,73.020,0,4,7,-4.449,0,-6.336,5.400,
R2,"emap2_Bn-3,4diF_iPr",CCN(Cc1cc(F)ccc1F)C(=O)Cn1c(=O)n(C(C)C)c2cnc(-c3ccccc3)nc21,465.504,4.168,,3.559,73.020,0,4,7,-4.890,0,-6.406,4.800,
R2,"emap2_Bn-3,4diF_cPr",CCN(Cc1cc(F)ccc1F)C(=O)Cn1c(=O)n(C2CC2)c2cnc(-c3ccccc3)nc21,463.488,3.922,,3.313,73.020,0,4,7,-4.722,0,-6.188,5.400,
R2,"emap2_Bn-3,4diF_CH2F",CCN(Cc1cc(F)ccc1F)C(=O)Cn1c(=O)n(CF)c2cnc(-c3ccccc3)nc21,455.440,3.514,,2.905,73.020,0,4,7,-4.415,0,-6.058,5.400,
R2,"emap2_Bn-3,4diF_CHF2",CCN(Cc1cc(F)ccc1F)C(=O)Cn1c(=O)n(C(F)F)c2cnc(-c3ccccc3)nc21,473.430,3.982,,3.374,73.020,0,4,7,-4.822,0,-6.533,5.400,
R2,"emap2_Bn-3,4diF_CH2CH2F",CCN(Cc1cc(F)ccc1F)C(=O)Cn1c(=O)n(CCF)c2cnc(-c3ccccc3)nc21,469.467,3.556,,2.948,73.020,0,4,8,-4.463,0,-5.535,5.400,
R2,"emap2_Bn-3,4diF_CH2CF3",CCN(Cc1cc(F)ccc1F)C(=O)Cn1c(=O)n(CC(F)(F)F)c2cnc(-c3ccccc3)nc21,505.447,4.149,,3.541,73.020,0,4,7,-5.126,1,-6.932,4.200,
R2,emap2_Bn-4Cl_Me,CCN(Cc1ccc(Cl)cc1)C(=O)Cn1c(=O)n(C)c2cnc(-c3ccccc3)nc21,435.915,3.499,,2.891,73.020,0,4,6,-4.351,0,-5.747,5.400,
R2,emap2_Bn-4Cl_Et,CCN(Cc1ccc(Cl)cc1)C(=O)Cn1c(=O)n(CC)c2cnc(-c3ccccc3)nc21,449.942,3.982,,3.374,73.020,0,4,7,-4.676,0,-5.646,5.400,
R2,emap2_Bn-4Cl_iPr,CCN(Cc1ccc(Cl)cc1)C(=O)Cn1c(=O)n(C(C)C)c2cnc(-c3ccccc3)nc21,463.969,4.543,,3.935,73.020,0,4,7,-5.117,0,-5.700,4.200,
R2,emap2_Bn-4Cl_cPr,CCN(Cc1ccc(Cl)cc1)C(=O)Cn1c(=O)n(C2CC2)c2cnc(-c3ccccc3)nc21,461.953,4.297,,3.689,73.020,0,4,7,-4.949,0,-5.577,4.800,
R2,emap2_Bn-4Cl_CH2F,CCN(Cc1ccc(Cl)cc1)C(=O)Cn1c(=O)n(CF)c2cnc(-c3ccccc3)nc21,453.905,3.889,,3.281,73.020,0,4,7,-4.642,0,-5.479,5.400,
R2,emap2_Bn-4Cl_CHF2,CCN(Cc1ccc(Cl)cc1)C(=O)Cn1c(=O)n(C(F)F)c2cnc(-c3ccccc3)nc21,471.895,4.357,,3.749,73.020,0,4,7,-5.049,0,-5.342,4.800,
R2,emap2_Bn-4Cl_CH2CH2F,CCN(Cc1ccc(Cl)cc1)C(=O)Cn1c(=O)n(CCF)c2cnc(-c3ccccc3)nc21,467.932,3.932,,3.323,73.020,0,4,8,-4.690,0,-5.462,5.400,
R2,emap2_Bn-4Cl_CH2CF3,CCN(Cc1ccc(Cl)cc1)C(=O)Cn1c(=O)n(CC(F)(F)F)c2cnc(-c3ccccc3)nc21,503.912,4.524,,3.916,73.020,0,4,7,-5.353,1,-5.795,3.600,
R2,"emap2_Bn-3,4diCl_Me",CCN(Cc1cc(Cl)ccc1Cl)C(=O)Cn1c(=O)n(C)c2cnc(-c3ccccc3)nc21,470.360,4.153,,3.544,73.020,0,4,6,-4.976,0,-6.608,4.800,
R2,"emap2_Bn-3,4diCl_Et",CCN(Cc1cc(Cl)ccc1Cl)C(=O)Cn1c(=O)n(CC)c2cnc(-c3ccccc3)nc21,484.387,4.635,,4.027,73.020,0,4,7,-5.302,1,-5.435,3.600,
R2,"emap2_Bn-3,4diCl_iPr",CCN(Cc1cc(Cl)ccc1Cl)C(=O)Cn1c(=O)n(C(C)C)c2cnc(-c3ccccc3)nc21,498.414,5.196,,4.588,73.020,0,4,7,-5.742,2,-5.654,3.000,
R2,"emap2_Bn-3,4diCl_cPr",CCN(Cc1cc(Cl)ccc1Cl)C(=O)Cn1c(=O)n(C2CC2)c2cnc(-c3ccccc3)nc21,496.398,4.950,,4.342,73.020,0,4,7,-5.574,1,-6.357,3.600,
R2,"emap2_Bn-3,4diCl_CH2F",CCN(Cc1cc(Cl)ccc1Cl)C(=O)Cn1c(=O)n(CF)c2cnc(-c3ccccc3)nc21,488.350,4.543,,3.934,73.020,0,4,7,-5.268,0,-6.334,4.200,
R2,"emap2_Bn-3,4diCl_CHF2",CCN(Cc1cc(Cl)ccc1Cl)C(=O)Cn1c(=O)n(C(F)F)c2cnc(-c3ccccc3)nc21,506.340,5.011,,4.402,73.020,0,4,7,-5.674,1,-5.641,3.000,
R2,"emap2_Bn-3,4diCl_CH2CH2F",CCN(Cc1cc(Cl)ccc1Cl)C(=O)Cn1c(=O)n(CCF)c2cnc(-c3ccccc3)nc21,502.377,4.585,,3.977,73.020,0,4,8,-5.315,1,-6.136,3.600,
R2,"emap2_Bn-3,4diCl_CH2CF3",CCN(Cc1cc(Cl)ccc1Cl)C(=O)Cn1c(=O)n(CC(F)(F)F)c2cnc(-c3ccccc3)nc21,538.357,5.178,,4.569,73.020,0,4,7,-5.978,2,-6.688,2.400,
R2,emap2_Bn-4Br_Me,CCN(Cc1ccc(Br)cc1)C(=O)Cn1c(=O)n(C)c2cnc(-c3ccccc3)nc21,480.366,3.608,,3.000,73.020,0,4,6,-4.695,0,-5.772,5.400,
R2,emap2_Bn-4Br_Et,CCN(Cc1ccc(Br)cc1)C(=O)Cn1c(=O)n(CC)c2cnc(-c3ccccc3)nc21,494.393,4.091,,3.483,73.020,0,4,7,-5.021,0,-5.623,4.800,
R2,emap2_Bn-4Br_iPr,CCN(Cc1ccc(Br)cc1)C(=O)Cn1c(=O)n(C(C)C)c2cnc(-c3ccccc3)nc21,508.420,4.652,,4.044,73.020,0,4,7,-5.461,1,-5.592,3.000,
R2,emap2_Bn-4Br_cPr,CCN(Cc1ccc(Br)cc1)C(=O)Cn1c(=O)n(C2CC2)c2cnc(-c3ccccc3)nc21,506.404,4.406,,3.798,73.020,0,4,7,-5.294,1,-5.574,4.200,
R2,emap2_Bn-4Br_CH2F,CCN(Cc1ccc(Br)cc1)C(=O)Cn1c(=O)n(CF)c2cnc(-c3ccccc3)nc21,498.356,3.998,,3.390,73.020,0,4,7,-4.987,0,-5.307,5.400,
R2,emap2_Bn-4Br_CHF2,CCN(Cc1ccc(Br)cc1)C(=O)Cn1c(=O)n(C(F)F)c2cnc(-c3ccccc3)nc21,516.346,4.466,,3.858,73.020,0,4,7,-5.393,1,-5.558,4.200,
R2,emap2_Bn-4Br_CH2CH2F,CCN(Cc1ccc(Br)cc1)C(=O)Cn1c(=O)n(CCF)c2cnc(-c3ccccc3)nc21,512.383,4.041,,3.432,73.020,0,4,8,-5.034,1,-5.375,4.200,
R2,emap2_Bn-4Br_CH2CF3,CCN(Cc1ccc(Br)cc1)C(=O)Cn1c(=O)n(CC(F)(F)F)c2cnc(-c3ccccc3)nc21,548.363,4.634,,4.025,73.020,0,4,7,-5.697,1,-6.740,3.000,
R2,emap2_Bn-4CF3_Me,CCN(Cc1ccc(C(F)(F)F)cc1)C(=O)Cn1c(=O)n(C)c2cnc(-c3ccccc3)nc21,469.467,3.865,,3.256,73.020,0,4,6,-4.789,0,-6.194,5.400,
R2,emap2_Bn-4CF3_Et,CCN(Cc1ccc(C(F)(F)F)cc1)C(=O)Cn1c(=O)n(CC)c2cnc(-c3ccccc3)nc21,483.494,4.347,,3.739,73.020,0,4,7,-5.115,0,-5.959,4.800,
R2,emap2_Bn-4CF3_iPr,CCN(Cc1ccc(C(F)(F)F)cc1)C(=O)Cn1c(=O)n(C(C)C)c2cnc(-c3ccccc3)nc21,497.521,4.908,,4.300,73.020,0,4,7,-5.555,1,-6.947,3.600,
R2,emap2_Bn-4CF3_cPr,CCN(Cc1ccc(C(F)(F)F)cc1)C(=O)Cn1c(=O)n(C2CC2)c2cnc(-c3ccccc3)nc21,495.505,4.662,,4.054,73.020,0,4,7,-5.387,1,-5.305,3.600,
R2,emap2_Bn-4CF3_CH2F,CCN(Cc1ccc(C(F)(F)F)cc1)C(=O)Cn1c(=O)n(CF)c2cnc(-c3ccccc3)nc21,487.457,4.255,,3.646,73.020,0,4,7,-5.081,0,-6.924,4.800,
R2,emap2_Bn-4CF3_CHF2,CCN(Cc1ccc(C(F)(F)F)cc1)C(=O)Cn1c(=O)n(C(F)F)c2cnc(-c3ccccc3)nc21,505.447,4.723,,4.114,73.020,0,4,7,-5.487,1,-6.127,3.000,
R2,emap2_Bn-4CF3_CH2CH2F,CCN(Cc1ccc(C(F)(F)F)cc1)C(=O)Cn1c(=O)n(CCF)c2cnc(-c3ccccc3)nc21,501.484,4.297,,3.689,73.020,0,4,8,-5.128,1,-5.586,4.200,
R2,emap2_Bn-4CF3_CH2CF3,CCN(Cc1ccc(C(F)(F)F)cc1)C(=O)Cn1c(=O)n(CC(F)(F)F)c2cnc(-c3ccccc3)nc21,537.464,4.890,,4.281,73.020,0,4,7,-5.791,1,-6.147,3.000,
R2,emap2_Bn-4OCF3_Me,CCN(Cc1ccc(OC(F)(F)F)cc1)C(=O)Cn1c(=O)n(C)c2cnc(-c3ccccc3)nc21,485.466,3.744,,3.059,82.250,0,5,7,-4.747,0,-6.662,5.400,
R2,emap2_Bn-4OCF3_Et,CCN(Cc1ccc(OC(F)(F)F)cc1)C(=O)Cn1c(=O)n(CC)c2cnc(-c3ccccc3)nc21,499.493,4.227,,3.542,82.250,0,5,8,-5.072,0,-6.444,4.800,
R2,emap2_Bn-4OCF3_iPr,CCN(Cc1ccc(OC(F)(F)F)cc1)C(=O)Cn1c(=O)n(C(C)C)c2cnc(-c3ccccc3)nc21,513.520,4.788,,4.103,82.250,0,5,8,-5.512,1,-6.629,3.000,
R2,emap2_Bn-4OCF3_cPr,CCN(Cc1ccc(OC(F)(F)F)cc1)C(=O)Cn1c(=O)n(C2CC2)c2cnc(-c3ccccc3)nc21,511.504,4.542,,3.857,82.250,0,5,8,-5.345,1,-5.883,3.600,
R2,emap2_Bn-4OCF3_CH2F,CCN(Cc1ccc(OC(F)(F)F)cc1)C(=O)Cn1c(=O)n(CF)c2cnc(-c3ccccc3)nc21,503.456,4.134,,3.449,82.250,0,5,8,-5.038,1,-6.465,4.200,
R2,emap2_Bn-4OCF3_CHF2,CCN(Cc1ccc(OC(F)(F)F)cc1)C(=O)Cn1c(=O)n(C(F)F)c2cnc(-c3ccccc3)nc21,521.446,4.602,,3.917,82.250,0,5,8,-5.444,1,-6.001,3.600,
R2,emap2_Bn-4OCF3_CH2CH2F,CCN(Cc1ccc(OC(F)(F)F)cc1)C(=O)Cn1c(=O)n(CCF)c2cnc(-c3ccccc3)nc21,517.483,4.177,,3.491,82.250,0,5,9,-5.086,1,-6.431,4.200,
R2,emap2_Bn-4OCF3_CH2CF3,CCN(Cc1ccc(OC(F)(F)F)cc1)C(=O)Cn1c(=O)n(CC(F)(F)F)c2cnc(-c3ccccc3)nc21,553.463,4.770,,4.084,82.250,0,5,8,-5.748,2,-6.657,2.400,
R2,emap2_Bn-4OCHF2_Me,CCN(Cc1ccc(OC(F)F)cc1)C(=O)Cn1c(=O)n(C)c2cnc(-c3ccccc3)nc21,467.476,3.447,,2.762,82.250,0,5,8,-4.382,0,-6.285,5.400,
R2,emap2_Bn-4OCHF2_Et,CCN(Cc1ccc(OC(F)F)cc1)C(=O)Cn1c(=O)n(CC)c2cnc(-c3ccccc3)nc21,481.503,3.930,,3.245,82.250,0,5,9,-4.707,0,-6.129,5.400,
R2,emap2_Bn-4OCHF2_iPr,CCN(Cc1ccc(OC(F)F)cc1)C(=O)Cn1c(=O)n(C(C)C)c2cnc(-c3ccccc3)nc21,495.530,4.491,,3.806,82.250,0,5,9,-5.148,0,-5.045,4.800,
R2,emap2_Bn-4OCHF2_cPr,CCN(Cc1ccc(OC(F)F)cc1)C(=O)Cn1c(=O)n(C2CC2)c2cnc(-c3ccccc3)nc21,493.514,4.245,,3.560,82.250,0,5,9,-4.980,0,-5.550,4.800,
R2,emap2_Bn-4OCHF2_CH2F,CCN(Cc1ccc(OC(F)F)cc1)C(=O)Cn1c(=O)n(CF)c2cnc(-c3ccccc3)nc21,485.466,3.837,,3.152,82.250,0,5,9,-4.673,0,-6.163,5.400,
R2,emap2_Bn-4OCHF2_CHF2,CCN(Cc1ccc(OC(F)F)cc1)C(=O)Cn1c(=O)n(C(F)F)c2cnc(-c3ccccc3)nc21,503.456,4.305,,3.620,82.250,0,5,9,-5.080,1,-5.082,4.200,
R2,emap2_Bn-4OCHF2_CH2CH2F,CCN(Cc1ccc(OC(F)F)cc1)C(=O)Cn1c(=O)n(CCF)c2cnc(-c3ccccc3)nc21,499.493,3.880,,3.194,82.250,0,5,10,-4.721,0,-6.261,5.400,
R2,emap2_Bn-4OCHF2_CH2CF3,CCN(Cc1ccc(OC(F)F)cc1)C(=O)Cn1c(=O)n(CC(F)(F)F)c2cnc(-c3ccccc3)nc21,535.473,4.472,,3.787,82.250,0,5,9,-5.384,1,-6.556,4.200,
R2,emap2_Bn-4OMe_Me,CCN(Cc1ccc(OC)cc1)C(=O)Cn1c(=O)n(C)c2cnc(-c3ccccc3)nc21,431.496,2.854,,2.169,82.250,0,5,7,-3.851,0,-6.076,5.400,
R2,emap2_Bn-4OMe_Et,CCN(Cc1ccc(OC)cc1)C(=O)Cn1c(=O)n(CC)c2cnc(-c3ccccc3)nc21,445.523,3.337,,2.652,82.250,0,5,8,-4.177,0,-5.393,5.400,
R2,emap2_Bn-4OMe_iPr,CCN(Cc1ccc(OC)cc1)C(=O)Cn1c(=O)n(C(C)C)c2cnc(-c3ccccc3)nc21,459.550,3.898,,3.213,82.250,0,5,8,-4.617,0,-6.338,5.400,
R2,emap2_Bn-4OMe_cPr,CCN(Cc1ccc(OC)cc1)C(=O)Cn1c(=O)n(C2CC2)c2cnc(-c3ccccc3)nc21,457.534,3.652,,2.967,82.250,0,5,8,-4.450,0,-5.585,5.400,
R2,emap2_Bn-4OMe_CH2F,CCN(Cc1ccc(OC)cc1)C(=O)Cn1c(=O)n(CF)c2cnc(-c3ccccc3)nc21,449.486,3.244,,2.559,82.250,0,5,8,-4.143,0,-5.387,5.400,
R2,emap2_Bn-4OMe_CHF2,CCN(Cc1ccc(OC)cc1)C(=O)Cn1c(=O)n(C(F)F)c2cnc(-c3ccccc3)nc21,467.476,3.712,,3.027,82.250,0,5,8,-4.549,0,-5.736,5.400,
R2,emap2_Bn-4OMe_CH2CH2F,CCN(Cc1ccc(OC)cc1)C(=O)Cn1c(=O)n(CCF)c2cnc(-c3ccccc3)nc21,463.513,3.287,,2.601,82.250,0,5,9,-4.190,0,-5.295,5.400,
R2,emap2_Bn-4OMe_CH2CF3,CCN(Cc1ccc(OC)cc1)C(=O)Cn1c(=O)n(CC(F)(F)F)c2cnc(-c3ccccc3)nc21,499.493,3.880,,3.194,82.250,0,5,8,-4.853,0,-6.577,5.400,
R2,emap2_Bn-4iPr_Me,CCN(Cc1ccc(C(C)C)cc1)C(=O)Cn1c(=O)n(C)c2cnc(-c3ccccc3)nc21,443.551,3.969,,3.361,73.020,0,4,7,-4.629,0,-5.899,5.400,
R2,emap2_Bn-4iPr_Et,CCN(Cc1ccc(C(C)C)cc1)C(=O)Cn1c(=O)n(CC)c2cnc(-c3ccccc3)nc21,457.578,4.452,,3.844,73.020,0,4,8,-4.954,0,-5.690,4.800,
R2,emap2_Bn-4iPr_iPr,CCN(Cc1ccc(C(C)C)cc1)C(=O)Cn1c(=O)n(C(C)C)c2cnc(-c3ccccc3)nc21,471.605,5.013,,4.405,73.020,0,4,8,-5.394,1,-5.739,3.600,
R2,emap2_Bn-4iPr_cPr,CCN(Cc1ccc(C(C)C)cc1)C(=O)Cn1c(=O)n(C2CC2)c2cnc(-c3ccccc3)nc21,469.589,4.767,,4.159,73.020,0,4,8,-5.227,1,-6.687,3.600,
R2,emap2_Bn-4iPr_CH2F,CCN(Cc1ccc(C(C)C)cc1)C(=O)Cn1c(=O)n(CF)c2cnc(-c3ccccc3)nc21,461.541,4.359,,3.751,73.020,0,4,8,-4.920,0,-4.966,4.800,
R2,emap2_Bn-4iPr_CHF2,CCN(Cc1ccc(C(C)C)cc1)C(=O)Cn1c(=O)n(C(F)F)c2cnc(-c3ccccc3)nc21,479.531,4.827,,4.219,73.020,0,4,8,-5.326,1,-5.556,3.600,
R2,emap2_Bn-4iPr_CH2CH2F,CCN(Cc1ccc(C(C)C)cc1)C(=O)Cn1c(=O)n(CCF)c2cnc(-c3ccccc3)nc21,475.568,4.402,,3.793,73.020,0,4,9,-4.968,0,-5.451,4.800,
R2,emap2_Bn-4iPr_CH2CF3,CCN(Cc1ccc(C(C)C)cc1)C(=O)Cn1c(=O)n(CC(F)(F)F)c2cnc(-c3ccccc3)nc21,511.548,4.994,,4.386,73.020,0,4,8,-5.630,1,-5.792,3.000,
R2,emap2_Bn-4CF2H_Me,CCN(Cc1ccc(C(F)F)cc1)C(=O)Cn1c(=O)n(C)c2cnc(-c3ccccc3)nc21,451.477,3.783,,3.175,73.020,0,4,7,-4.561,0,-5.196,5.400,
R2,emap2_Bn-4CF2H_Et,CCN(Cc1ccc(C(F)F)cc1)C(=O)Cn1c(=O)n(CC)c2cnc(-c3ccccc3)nc21,465.504,4.266,,3.658,73.020,0,4,8,-4.886,0,-5.576,4.800,
R2,emap2_Bn-4CF2H_iPr,CCN(Cc1ccc(C(F)F)cc1)C(=O)Cn1c(=O)n(C(C)C)c2cnc(-c3ccccc3)nc21,479.531,4.827,,4.219,73.020,0,4,8,-5.326,1,-5.865,3.600,
R2,emap2_Bn-4CF2H_cPr,CCN(Cc1ccc(C(F)F)cc1)C(=O)Cn1c(=O)n(C2CC2)c2cnc(-c3ccccc3)nc21,477.515,4.581,,3.973,73.020,0,4,8,-5.159,0,-5.900,4.200,
R2,emap2_Bn-4CF2H_CH2F,CCN(Cc1ccc(C(F)F)cc1)C(=O)Cn1c(=O)n(CF)c2cnc(-c3ccccc3)nc21,469.467,4.173,,3.565,73.020,0,4,8,-4.852,0,-6.289,4.800,
R2,emap2_Bn-4CF2H_CHF2,CCN(Cc1ccc(C(F)F)cc1)C(=O)Cn1c(=O)n(C(F)F)c2cnc(-c3ccccc3)nc21,487.457,4.641,,4.033,73.020,0,4,8,-5.258,1,-6.358,3.600,
R2,emap2_Bn-4CF2H_CH2CH2F,CCN(Cc1ccc(C(F)F)cc1)C(=O)Cn1c(=O)n(CCF)c2cnc(-c3ccccc3)nc21,483.494,4.216,,3.607,73.020,0,4,9,-4.900,0,-5.670,4.800,
R2,emap2_Bn-4CF2H_CH2CF3,CCN(Cc1ccc(C(F)F)cc1)C(=O)Cn1c(=O)n(CC(F)(F)F)c2cnc(-c3ccccc3)nc21,519.474,4.809,,4.200,73.020,0,4,8,-5.562,1,-6.828,3.000,
R2,emap2_Bn-4SF5_Me,CCN(Cc1ccc(S(F)(F)(F)(F)F)cc1)C(=O)Cn1c(=O)n(C)c2cnc(-c3ccccc3)nc21,527.519,5.503,,4.895,73.020,0,4,7,-6.116,2,-5.719,2.400,
R2,emap2_Bn-4SF5_Et,CCN(Cc1ccc(S(F)(F)(F)(F)F)cc1)C(=O)Cn1c(=O)n(CC)c2cnc(-c3ccccc3)nc21,541.546,5.986,,5.378,73.020,0,4,8,-6.441,2,-5.620,2.400,
R2,emap2_Bn-4SF5_iPr,CCN(Cc1ccc(S(F)(F)(F)(F)F)cc1)C(=O)Cn1c(=O)n(C(C)C)c2cnc(-c3ccccc3)nc21,555.573,6.547,,5.939,73.020,0,4,8,-6.881,2,-6.693,1.800,
R2,emap2_Bn-4SF5_cPr,CCN(Cc1ccc(S(F)(F)(F)(F)F)cc1)C(=O)Cn1c(=O)n(C2CC2)c2cnc(-c3ccccc3)nc21,553.557,6.301,,5.693,73.020,0,4,8,-6.714,2,-5.720,1.800,
R2,emap2_Bn-4SF5_CH2F,CCN(Cc1ccc(S(F)(F)(F)(F)F)cc1)C(=O)Cn1c(=O)n(CF)c2cnc(-c3ccccc3)nc21,545.509,5.893,,5.285,73.020,0,4,8,-6.407,2,-5.726,2.400,
R2,emap2_Bn-4SF5_CHF2,CCN(Cc1ccc(S(F)(F)(F)(F)F)cc1)C(=O)Cn1c(=O)n(C(F)F)c2cnc(-c3ccccc3)nc21,563.499,6.361,,5.753,73.020,0,4,8,-6.813,2,-6.901,1.800,
R2,emap2_Bn-4SF5_CH2CH2F,CCN(Cc1ccc(S(F)(F)(F)(F)F)cc1)C(=O)Cn1c(=O)n(CCF)c2cnc(-c3ccccc3)nc21,559.536,5.936,,5.327,73.020,0,4,9,-6.455,2,-6.565,1.800,
R2,emap2_Bn-4SF5_CH2CF3,CCN(Cc1ccc(S(F)(F)(F)(F)F)cc1)C(=O)Cn1c(=O)n(CC(F)(F)F)c2cnc(-c3ccccc3)nc21,595.516,6.528,,5.920,73.020,0,4,8,-7.117,2,-7.046,1.800,
R3,emap3_Bn_Me,CCN(Cc1ccccc1)C(=O)Cn2c3c(cnc(n3)c4ccccc4)n(c2=O)C,401.470,2.846,,2.237,73.020,0,4,6,-3.726,0,-6.307,5.400,
R3,emap3_Bn_Et,CCN(Cc1ccccc1)C(=O)Cn2c3c(cnc(n3)c4ccccc4)n(c2=O)CC,415.497,3.329,,2.720,73.020,0,4,7,-4.051,0,-4.910,5.400,
R3,emap3_Bn_nPr,CCN(Cc1ccccc1)C(=O)Cn2c3c(cnc(n3)c4ccccc4)n(c2=O)CCC,429.524,3.719,,3.110,73.020,0,4,8,-4.318,0,-5.994,5.400,
R3,emap3_Bn_nBu,CCN(Cc1ccccc1)C(=O)Cn2c3c(cnc(n3)c4ccccc4)n(c2=O)CCCC,443.551,4.109,,3.500,73.020,0,4,9,-4.585,0,-5.989,4.800,
R3,emap3_Bn_CH2F,CCN(Cc1ccccc1)C(=O)Cn2c3c(cnc(n3)c4ccccc4)n(c2=O)CF,419.460,3.236,,2.627,73.020,0,4,7,-4.017,0,-4.876,5.400,
R3,emap3_Bn_CH2CH2F,CCN(Cc1ccccc1)C(=O)Cn2c3c(cnc(n3)c4ccccc4)n(c2=O)CCF,433.487,3.278,,2.670,73.020,0,4,8,-4.065,0,-6.005,5.400,
R3,emap3_Bn_CH2CH2CH2F,CCN(Cc1ccccc1)C(=O)Cn2c3c(cnc(n3)c4ccccc4)n(c2=O)CCCF,447.514,3.668,,3.060,73.020,0,4,9,-4.332,0,-5.943,5.400,
R3,emap3_Bn_CH2CHF2,CCN(Cc1ccccc1)C(=O)Cn2c3c(cnc(n3)c4ccccc4)n(c2=O)C(F)F,437.450,3.704,,3.095,73.020,0,4,7,-4.424,0,-6.184,5.400,
R3,emap3_Bn_CH2CH2CHF2,CCN(Cc1ccccc1)C(=O)Cn2c3c(cnc(n3)c4ccccc4)n(c2=O)CC(F)F,451.477,3.574,,2.965,73.020,0,4,8,-4.363,0,-6.306,5.400,
R3,emap3_Bn_CH2CH2CH2CHF2,CCN(Cc1ccccc1)C(=O)Cn2c3c(cnc(n3)c4ccccc4)n(c2=O)CCC(F)F,465.504,3.964,,3.355,73.020,0,4,9,-4.629,0,-5.986,5.400,
R3,emap3_Bn_CH2CF3,CCN(Cc1ccccc1)C(=O)Cn2c3c(cnc(n3)c4ccccc4)n(c2=O)C(F)(F)F,455.440,3.785,,3.177,73.020,0,4,6,-4.652,0,-4.945,5.400,
R3,emap3_Bn_CH2CH2CF3,CCN(Cc1ccccc1)C(=O)Cn2c3c(cnc(n3)c4ccccc4)n(c2=O)CC(F)(F)F,469.467,3.871,,3.263,73.020,0,4,7,-4.727,0,-6.139,5.400,
R3,emap3_Bn_CH2CH2CH2CF3,CCN(Cc1ccccc1)C(=O)Cn2c3c(cnc(n3)c4ccccc4)n(c2=O)CCC(F)(F)F,483.494,4.261,,3.653,73.020,0,4,8,-4.994,0,-6.333,4.800,
R3,emap3_Bn_OCH2F,CCN(Cc1ccccc1)C(=O)Cn2c3c(cnc(n3)c4ccccc4)n(c2=O)COF,435.459,3.167,,2.482,82.250,0,5,8,-4.007,0,-5.849,5.400,
R3,emap3_Bn_OCH2CHF2,CCN(Cc1ccccc1)C(=O)Cn2c3c(cnc(n3)c4ccccc4)n(c2=O)COC(F)F,467.476,3.505,,2.820,82.250,0,5,9,-4.353,0,-5.961,5.400,
R3,emap3_Bn_OCH2CF3,CCN(Cc1ccccc1)C(=O)Cn2c3c(cnc(n3)c4ccccc4)n(c2=O)COC(F)(F)F,485.466,3.803,,3.117,82.250,0,5,8,-4.718,0,-6.627,5.400,
R3,emap3_Bn_OCH2CH2F,CCN(Cc1ccccc1)C(=O)Cn2c3c(cnc(n3)c4ccccc4)n(c2=O)COCF,449.486,3.210,,2.524,82.250,0,5,9,-4.055,0,-5.901,5.400,
R3,emap3_Bn_OCH2CH2CF3,CCN(Cc1ccccc1)C(=O)Cn2c3c(cnc(n3)c4ccccc4)n(c2=O)COCC(F)(F)F,499.493,3.845,,3.160,82.250,0,5,9,-4.765,0,-5.756,5.400,
R3,emap3_Bn_OCH2CH2CHF2,CCN(Cc1ccccc1)C(=O)Cn2c3c(cnc(n3)c4ccccc4)n(c2=O)COCC(F)F,481.503,3.548,,2.862,82.250,0,5,10,-4.400,0,-6.003,5.400,
R3,emap3_Bn_OCH2CH2CH2F,CCN(Cc1ccccc1)C(=O)Cn2c3c(cnc(n3)c4ccccc4)n(c2=O)COCCF,463.513,3.252,,2.567,82.250,0,5,10,-4.103,0,-6.128,5.400,
R3,emap3_Bn_OCH2CH2CH2CF3,CCN(Cc1ccccc1)C(=O)Cn2c3c(cnc(n3)c4ccccc4)n(c2=O)COCCC(F)(F)F,513.520,4.235,,3.550,82.250,0,5,10,-5.032,1,-6.020,4.200,
R3,emap3_Bn_CH2SiMe3,CCN(Cc1ccccc1)C(=O)Cn2c3c(cnc(n3)c4ccccc4)n(c2=O)C[Si](C)(C)C,473.653,4.186,,3.578,73.020,0,4,8,-4.886,0,-6.230,4.800,
R3,emap3_Bn_CH2CH2SiMe3,CCN(Cc1ccccc1)C(=O)Cn2c3c(cnc(n3)c4ccccc4)n(c2=O)CC[Si](C)(C)C,487.680,4.647,,4.038,73.020,0,4,9,-5.197,1,-6.292,3.600,
R3,emap3_Bn_OSiMe3,CCN(Cc1ccccc1)C(=O)Cn2c3c(cnc(n3)c4ccccc4)n(c2=O)O[Si](C)(C)C,475.625,3.572,,2.887,82.250,0,5,8,-4.511,0,-6.101,5.400,
R3,emap3_Bn_CH2SiEt3,CCN(Cc1ccccc1)C(=O)Cn2c3c(cnc(n3)c4ccccc4)n(c2=O)C[Si](CC)(CC)CC,515.734,5.356,,4.748,73.020,0,4,11,-5.686,2,-5.706,2.400,
R3,emap3_Bn_tBu,CCN(Cc1ccccc1)C(=O)Cn2c3c(cnc(n3)c4ccccc4)n(c2=O)C(C)(C)C,443.551,4.064,,3.455,73.020,0,4,6,-4.754,0,-6.194,4.800,
R3,emap3_Bn_BnCH2,CCN(Cc1ccccc1)C(=O)Cn2c3c(cnc(n3)c4ccccc4)n(c2=O)Cc1ccccc1C,491.595,4.665,,4.057,73.020,0,4,8,-5.299,1,-6.999,3.600,
R3,emap3_Bn_PhCH2F,CCN(Cc1ccccc1)C(=O)Cn2c3c(cnc(n3)c4ccccc4)n(c2=O)c1ccccc1CF,495.558,4.767,,4.159,73.020,0,4,8,-5.388,1,-6.490,3.600,
R3,emap3_Bn_OCH2CF2H,CCN(Cc1ccccc1)C(=O)Cn2c3c(cnc(n3)c4ccccc4)n(c2=O)COC(F)F,467.476,3.505,,2.820,82.250,0,5,9,-4.353,0,-6.091,5.400,
R3,emap3_Bn_OCH2CH2CF2H,CCN(Cc1ccccc1)C(=O)Cn2c3c(cnc(n3)c4ccccc4)n(c2=O)COCC(F)F,481.503,3.548,,2.862,82.250,0,5,10,-4.400,0,-6.210,5.400,
R3,emap3_Bn_CH2CF2H,CCN(Cc1ccccc1)C(=O)Cn2c3c(cnc(n3)c4ccccc4)n(c2=O)C(F)F,437.450,3.704,,3.095,73.020,0,4,7,-4.424,0,-5.978,5.400,
R3,emap3_Bn_CH2CH2CF2H,CCN(Cc1ccccc1)C(=O)Cn2c3c(cnc(n3)c4ccccc4)n(c2=O)CC(F)F,451.477,3.574,,2.965,73.020,0,4,8,-4.363,0,-6.315,5.400,
R3,emap3_Bn_OCH2CH2CH2CHF2,CCN(Cc1ccccc1)C(=O)Cn2c3c(cnc(n3)c4ccccc4)n(c2=O)COCCC(F)F,495.530,3.938,,3.253,82.250,0,5,11,-4.667,0,-5.730,5.400,
R3,emap3_Bn_CH2CH2CF2CF3,CCN(Cc1ccccc1)C(=O)Cn2c3c(cnc(n3)c4ccccc4)n(c2=O)CC(F)C(F)(F)F,501.484,4.209,,3.601,73.020,0,4,8,-5.073,1,-6.637,4.200,
R3,emap3_Bn_CH2CF2CF3,CCN(Cc1ccccc1)C(=O)Cn2c3c(cnc(n3)c4ccccc4)n(c2=O)C(F)C(F)(F)F,487.457,4.339,,3.731,73.020,0,4,7,-5.134,0,-6.633,4.800,
R3,emap3_Bn_CH2CH2CH2CF2CF3,CCN(Cc1ccccc1)C(=O)Cn2c3c(cnc(n3)c4ccccc4)n(c2=O)CCC(F)C(F)(F)F,515.511,4.599,,3.991,73.020,0,4,9,-5.340,1,-5.544,3.600,
R3,emap3_Bn_CH2CH2CF2CH3,CCN(Cc1ccccc1)C(=O)Cn2c3c(cnc(n3)c4ccccc4)n(c2=O)CC(F)C,447.514,3.667,,3.058,73.020,0,4,8,-4.397,0,-6.193,5.400,
R3,emap3_Bn_OCH2CF2CF3,CCN(Cc1ccccc1)C(=O)Cn2c3c(cnc(n3)c4ccccc4)n(c2=O)COC(F)C(F)(F)F,517.483,4.141,,3.455,82.250,0,5,9,-5.063,1,-5.517,4.200,
R3,emap3_Bn_OCH2CF2CH3,CCN(Cc1ccccc1)C(=O)Cn2c3c(cnc(n3)c4ccccc4)n(c2=O)COC(F)C,463.513,3.598,,2.913,82.250,0,5,9,-4.387,0,-6.039,5.400,
R3,emap3_Bn_OCH2CH2CF2CF3,CCN(Cc1ccccc1)C(=O)Cn2c3c(cnc(n3)c4ccccc4)n(c2=O)COCC(F)C(F)(F)F,531.510,4.183,,3.498,82.250,0,5,10,-5.111,1,-5.300,4.200,
R3,emap3_Bn_CH2CF2CH2F,CCN(Cc1ccccc1)C(=O)Cn2c3c(cnc(n3)c4ccccc4)n(c2=O)C(F)CF,451.477,3.746,,3.138,73.020,0,4,8,-4.471,0,-6.000,5.400,
R3,emap3_Bn_CH2CH2CF2CH2F,CCN(Cc1ccccc1)C(=O)Cn2c3c(cnc(n3)c4ccccc4)n(c2=O)CC(F)CF,465.504,3.616,,3.008,73.020,0,4,9,-4.410,0,-5.870,5.400,
R3,emap3_Bn_OCH2CF2CH2F,CCN(Cc1ccccc1)C(=O)Cn2c3c(cnc(n3)c4ccccc4)n(c2=O)COC(F)CF,481.503,3.548,,2.862,82.250,0,5,10,-4.400,0,-5.785,5.400,
R3,emap3_Bn_CH2CH2CF2CH2CHF2,CCN(Cc1ccccc1)C(=O)Cn2c3c(cnc(n3)c4ccccc4)n(c2=O)CC(F)C(F)F,483.494,3.912,,3.303,73.020,0,4,9,-4.708,0,-6.482,5.400,
R3,emap3_Bn_CH2CH2CF2CH2CF3,CCN(Cc1ccccc1)C(=O)Cn2c3c(cnc(n3)c4ccccc4)n(c2=O)CC(F)C(F)(F)F,501.484,4.209,,3.601,73.020,0,4,8,-5.073,1,-6.594,4.200,
R3,emap3_Bn_OCH2CH2CF2CH2F,CCN(Cc1ccccc1)C(=O)Cn2c3c(cnc(n3)c4ccccc4)n(c2=O)COCC(F)CF,495.530,3.590,,2.905,82.250,0,5,11,-4.448,0,-6.029,5.400,
R3,emap3_Bn_CH2CH2CF2CH2CH2F,CCN(Cc1ccccc1)C(=O)Cn2c3c(cnc(n3)c4ccccc4)n(c2=O)CC(F)CCF,479.531,4.006,,3.398,73.020,0,4,10,-4.677,0,-6.344,4.800,
R3,emap3_Bn_CH2CF2CH2CH2F,CCN(Cc1ccccc1)C(=O)Cn2c3c(cnc(n3)c4ccccc4)n(c2=O)C(F)CCF,465.504,4.136,,3.528,73.020,0,4,9,-4.738,0,-5.882,4.800,
R3,emap3_Bn_CH2CF2CH2CHF2,CCN(Cc1ccccc1)C(=O)Cn2c3c(cnc(n3)c4ccccc4)n(c2=O)C(F)C(F)F,469.467,4.042,,3.433,73.020,0,4,8,-4.769,0,-6.178,4.800,
R3,emap3_Bn_CH2CF2CH2CF3,CCN(Cc1ccccc1)C(=O)Cn2c3c(cnc(n3)c4ccccc4)n(c2=O)C(F)C(F)(F)F,487.457,4.339,,3.731,73.020,0,4,7,-5.134,0,-6.169,4.800,
R3,emap3_Bn_OCH2CF2CH2CH2F,CCN(Cc1ccccc1)C(=O)Cn2c3c(cnc(n3)c4ccccc4)n(c2=O)COC(F)CCF,495.530,3.938,,3.253,82.250,0,5,11,-4.667,0,-6.100,5.400,
R3,emap3_Bn_OCH2CH2CF2CH2CH2F,CCN(Cc1ccccc1)C(=O)Cn2c3c(cnc(n3)c4ccccc4)n(c2=O)COCC(F)CCF,509.557,3.981,,3.295,82.250,0,5,12,-4.715,1,-5.641,4.800,
R3,emap3_Bn_CH2CH2CF2CH2CH2CHF2,CCN(Cc1ccccc1)C(=O)Cn2c3c(cnc(n3)c4ccccc4)n(c2=O)CC(F)CC(F)F,497.521,4.302,,3.694,73.020,0,4,10,-4.975,0,-6.399,4.800,
R3,emap3_Bn_CH2CH2CF2CH2CH2CF3,CCN(Cc1ccccc1)C(=O)Cn2c3c(cnc(n3)c4ccccc4)n(c2=O)CC(F)CC(F)(F)F,515.511,4.599,,3.991,73.020,0,4,9,-5.340,1,-6.649,3.600,
R3,emap3_Bn-4F_Me,CCN(Cc1ccc(F)cc1)C(=O)Cn2c3c(cnc(n3)c4ccccc4)n(c2=O)C,419.460,2.985,,2.376,73.020,0,4,6,-3.925,0,-5.452,5.400,
R3,emap3_Bn-4F_Et,CCN(Cc1ccc(F)cc1)C(=O)Cn2c3c(cnc(n3)c4ccccc4)n(c2=O)CC,433.487,3.468,,2.859,73.020,0,4,7,-4.250,0,-6.200,5.400,
R3,emap3_Bn-4F_nPr,CCN(Cc1ccc(F)cc1)C(=O)Cn2c3c(cnc(n3)c4ccccc4)n(c2=O)CCC,447.514,3.858,,3.249,73.020,0,4,8,-4.517,0,-6.290,5.400,
R3,emap3_Bn-4F_nBu,CCN(Cc1ccc(F)cc1)C(=O)Cn2c3c(cnc(n3)c4ccccc4)n(c2=O)CCCC,461.541,4.248,,3.639,73.020,0,4,9,-4.784,0,-6.127,4.800,
R3,emap3_Bn-4F_CH2F,CCN(Cc1ccc(F)cc1)C(=O)Cn2c3c(cnc(n3)c4ccccc4)n(c2=O)CF,437.450,3.375,,2.766,73.020,0,4,7,-4.216,0,-6.133,5.400,
R3,emap3_Bn-4F_CH2CH2F,CCN(Cc1ccc(F)cc1)C(=O)Cn2c3c(cnc(n3)c4ccccc4)n(c2=O)CCF,451.477,3.417,,2.809,73.020,0,4,8,-4.264,0,-5.970,5.400,
R3,emap3_Bn-4F_CH2CH2CH2F,CCN(Cc1ccc(F)cc1)C(=O)Cn2c3c(cnc(n3)c4ccccc4)n(c2=O)CCCF,465.504,3.807,,3.199,73.020,0,4,9,-4.531,0,-6.097,5.400,
R3,emap3_Bn-4F_CH2CHF2,CCN(Cc1ccc(F)cc1)C(=O)Cn2c3c(cnc(n3)c4ccccc4)n(c2=O)C(F)F,455.440,3.843,,3.234,73.020,0,4,7,-4.623,0,-5.266,5.400,
R3,emap3_Bn-4F_CH2CH2CHF2,CCN(Cc1ccc(F)cc1)C(=O)Cn2c3c(cnc(n3)c4ccccc4)n(c2=O)CC(F)F,469.467,3.713,,3.104,73.020,0,4,8,-4.562,0,-6.258,5.400,
R3,emap3_Bn-4F_CH2CH2CH2CHF2,CCN(Cc1ccc(F)cc1)C(=O)Cn2c3c(cnc(n3)c4ccccc4)n(c2=O)CCC(F)F,483.494,4.103,,3.495,73.020,0,4,9,-4.829,0,-6.364,4.800,
R3,emap3_Bn-4F_CH2CF3,CCN(Cc1ccc(F)cc1)C(=O)Cn2c3c(cnc(n3)c4ccccc4)n(c2=O)C(F)(F)F,473.430,3.924,,3.316,73.020,0,4,6,-4.851,0,-6.176,5.400,
R3,emap3_Bn-4F_CH2CH2CF3,CCN(Cc1ccc(F)cc1)C(=O)Cn2c3c(cnc(n3)c4ccccc4)n(c2=O)CC(F)(F)F,487.457,4.010,,3.402,73.020,0,4,7,-4.927,0,-6.234,4.800,
R3,emap3_Bn-4F_CH2CH2CH2CF3,CCN(Cc1ccc(F)cc1)C(=O)Cn2c3c(cnc(n3)c4ccccc4)n(c2=O)CCC(F)(F)F,501.484,4.400,,3.792,73.020,0,4,8,-5.193,1,-6.490,4.200,
R3,emap3_Bn-4F_OCH2F,CCN(Cc1ccc(F)cc1)C(=O)Cn2c3c(cnc(n3)c4ccccc4)n(c2=O)COF,453.449,3.306,,2.621,82.250,0,5,8,-4.206,0,-5.949,5.400,
R3,emap3_Bn-4F_OCH2CHF2,CCN(Cc1ccc(F)cc1)C(=O)Cn2c3c(cnc(n3)c4ccccc4)n(c2=O)COC(F)F,485.466,3.645,,2.959,82.250,0,5,9,-4.552,0,-6.316,5.400,
R3,emap3_Bn-4F_OCH2CF3,CCN(Cc1ccc(F)cc1)C(=O)Cn2c3c(cnc(n3)c4ccccc4)n(c2=O)COC(F)(F)F,503.456,3.942,,3.256,82.250,0,5,8,-4.917,1,-6.370,4.800,
R3,emap3_Bn-4F_OCH2CH2F,CCN(Cc1ccc(F)cc1)C(=O)Cn2c3c(cnc(n3)c4ccccc4)n(c2=O)COCF,467.476,3.349,,2.663,82.250,0,5,9,-4.254,0,-6.169,5.400,
R3,emap3_Bn-4F_OCH2CH2CF3,CCN(Cc1ccc(F)cc1)C(=O)Cn2c3c(cnc(n3)c4ccccc4)n(c2=O)COCC(F)(F)F,517.483,3.984,,3.299,82.250,0,5,9,-4.964,1,-6.025,4.800,
R3,emap3_Bn-4F_OCH2CH2CHF2,CCN(Cc1ccc(F)cc1)C(=O)Cn2c3c(cnc(n3)c4ccccc4)n(c2=O)COCC(F)F,499.493,3.687,,3.002,82.250,0,5,10,-4.600,0,-5.796,5.400,
R3,emap3_Bn-4F_OCH2CH2CH2F,CCN(Cc1ccc(F)cc1)C(=O)Cn2c3c(cnc(n3)c4ccccc4)n(c2=O)COCCF,481.503,3.391,,2.706,82.250,0,5,10,-4.302,0,-6.035,5.400,
R3,emap3_Bn-4F_OCH2CH2CH2CF3,CCN(Cc1ccc(F)cc1)C(=O)Cn2c3c(cnc(n3)c4ccccc4)n(c2=O)COCCC(F)(F)F,531.510,4.374,,3.689,82.250,0,5,10,-5.231,1,-5.284,4.200,
R3,emap3_Bn-4F_CH2SiMe3,CCN(Cc1ccc(F)cc1)C(=O)Cn2c3c(cnc(n3)c4ccccc4)n(c2=O)C[Si](C)(C)C,491.643,4.325,,3.717,73.020,0,4,8,-5.085,0,-6.245,4.800,
R3,emap3_Bn-4F_CH2CH2SiMe3,CCN(Cc1ccc(F)cc1)C(=O)Cn2c3c(cnc(n3)c4ccccc4)n(c2=O)CC[Si](C)(C)C,505.670,4.786,,4.178,73.020,0,4,9,-5.396,1,-5.758,3.000,
R3,emap3_Bn-4F_OSiMe3,CCN(Cc1ccc(F)cc1)C(=O)Cn2c3c(cnc(n3)c4ccccc4)n(c2=O)O[Si](C)(C)C,493.615,3.711,,3.026,82.250,0,5,8,-4.711,0,-6.178,5.400,
R3,emap3_Bn-4F_CH2SiEt3,CCN(Cc1ccc(F)cc1)C(=O)Cn2c3c(cnc(n3)c4ccccc4)n(c2=O)C[Si](CC)(CC)CC,533.724,5.496,,4.887,73.020,0,4,11,-5.885,2,-5.890,2.400,
R3,emap3_Bn-4F_tBu,CCN(Cc1ccc(F)cc1)C(=O)Cn2c3c(cnc(n3)c4ccccc4)n(c2=O)C(C)(C)C,461.541,4.203,,3.594,73.020,0,4,6,-4.953,0,-6.211,4.800,
R3,emap3_Bn-4F_BnCH2,CCN(Cc1ccc(F)cc1)C(=O)Cn2c3c(cnc(n3)c4ccccc4)n(c2=O)Cc1ccccc1C,509.585,4.805,,4.196,73.020,0,4,8,-5.498,1,-5.826,3.000,
R3,emap3_Bn-4F_PhCH2F,CCN(Cc1ccc(F)cc1)C(=O)Cn2c3c(cnc(n3)c4ccccc4)n(c2=O)c1ccccc1CF,513.548,4.907,,4.298,73.020,0,4,8,-5.587,1,-5.960,3.000,
R3,emap3_Bn-4F_OCH2CF2H,CCN(Cc1ccc(F)cc1)C(=O)Cn2c3c(cnc(n3)c4ccccc4)n(c2=O)COC(F)F,485.466,3.645,,2.959,82.250,0,5,9,-4.552,0,-6.278,5.400,
R3,emap3_Bn-4F_OCH2CH2CF2H,CCN(Cc1ccc(F)cc1)C(=O)Cn2c3c(cnc(n3)c4ccccc4)n(c2=O)COCC(F)F,499.493,3.687,,3.002,82.250,0,5,10,-4.600,0,-5.788,5.400,
R3,emap3_Bn-4F_CH2CF2H,CCN(Cc1ccc(F)cc1)C(=O)Cn2c3c(cnc(n3)c4ccccc4)n(c2=O)C(F)F,455.440,3.843,,3.234,73.020,0,4,7,-4.623,0,-5.241,5.400,
R3,emap3_Bn-4F_CH2CH2CF2H,CCN(Cc1ccc(F)cc1)C(=O)Cn2c3c(cnc(n3)c4ccccc4)n(c2=O)CC(F)F,469.467,3.713,,3.104,73.020,0,4,8,-4.562,0,-6.274,5.400,
R3,emap3_Bn-4F_OCH2CH2CH2CHF2,CCN(Cc1ccc(F)cc1)C(=O)Cn2c3c(cnc(n3)c4ccccc4)n(c2=O)COCCC(F)F,513.520,4.077,,3.392,82.250,0,5,11,-4.866,1,-6.451,4.200,
R3,emap3_Bn-4F_CH2CH2CF2CF3,CCN(Cc1ccc(F)cc1)C(=O)Cn2c3c(cnc(n3)c4ccccc4)n(c2=O)CC(F)C(F)(F)F,519.474,4.348,,3.740,73.020,0,4,8,-5.272,1,-5.499,4.200,
R3,emap3_Bn-4F_CH2CF2CF3,CCN(Cc1ccc(F)cc1)C(=O)Cn2c3c(cnc(n3)c4ccccc4)n(c2=O)C(F)C(F)(F)F,505.447,4.478,,3.870,73.020,0,4,7,-5.333,1,-6.097,4.200,
R3,emap3_Bn-4F_CH2CH2CH2CF2CF3,CCN(Cc1ccc(F)cc1)C(=O)Cn2c3c(cnc(n3)c4ccccc4)n(c2=O)CCC(F)C(F)(F)F,533.501,4.738,,4.130,73.020,0,4,9,-5.539,1,-6.648,3.000,
R3,emap3_Bn-4F_CH2CH2CF2CH3,CCN(Cc1ccc(F)cc1)C(=O)Cn2c3c(cnc(n3)c4ccccc4)n(c2=O)CC(F)C,465.504,3.806,,3.197,73.020,0,4,8,-4.596,0,-6.280,5.400,
R3,emap3_Bn-4F_OCH2CF2CF3,CCN(Cc1ccc(F)cc1)C(=O)Cn2c3c(cnc(n3)c4ccccc4)n(c2=O)COC(F)C(F)(F)F,535.473,4.280,,3.594,82.250,0,5,9,-5.262,1,-6.026,4.200,
R3,emap3_Bn-4F_OCH2CF2CH3,CCN(Cc1ccc(F)cc1)C(=O)Cn2c3c(cnc(n3)c4ccccc4)n(c2=O)COC(F)C,481.503,3.737,,3.052,82.250,0,5,9,-4.586,0,-6.242,5.400,
R3,emap3_Bn-4F_OCH2CH2CF2CF3,CCN(Cc1ccc(F)cc1)C(=O)Cn2c3c(cnc(n3)c4ccccc4)n(c2=O)COCC(F)C(F)(F)F,549.500,4.322,,3.637,82.250,0,5,10,-5.310,1,-5.644,4.200,
R3,emap3_Bn-4F_CH2CF2CH2F,CCN(Cc1ccc(F)cc1)C(=O)Cn2c3c(cnc(n3)c4ccccc4)n(c2=O)C(F)CF,469.467,3.885,,3.277,73.020,0,4,8,-4.670,0,-6.196,5.400,
R3,emap3_Bn-4F_CH2CH2CF2CH2F,CCN(Cc1ccc(F)cc1)C(=O)Cn2c3c(cnc(n3)c4ccccc4)n(c2=O)CC(F)CF,483.494,3.755,,3.147,73.020,0,4,9,-4.610,0,-6.178,5.400,
R3,emap3_Bn-4F_OCH2CF2CH2F,CCN(Cc1ccc(F)cc1)C(=O)Cn2c3c(cnc(n3)c4ccccc4)n(c2=O)COC(F)CF,499.493,3.687,,3.002,82.250,0,5,10,-4.600,0,-6.253,5.400,
R3,emap3_Bn-4F_CH2CH2CF2CH2CHF2,CCN(Cc1ccc(F)cc1)C(=O)Cn2c3c(cnc(n3)c4ccccc4)n(c2=O)CC(F)C(F)F,501.484,4.051,,3.443,73.020,0,4,9,-4.907,1,-6.388,4.200,
R3,emap3_Bn-4F_CH2CH2CF2CH2CF3,CCN(Cc1ccc(F)cc1)C(=O)Cn2c3c(cnc(n3)c4ccccc4)n(c2=O)CC(F)C(F)(F)F,519.474,4.348,,3.740,73.020,0,4,8,-5.272,1,-5.811,4.200,
R3,emap3_Bn-4F_OCH2CH2CF2CH2F,CCN(Cc1ccc(F)cc1)C(=O)Cn2c3c(cnc(n3)c4ccccc4)n(c2=O)COCC(F)CF,513.520,3.730,,3.044,82.250,0,5,11,-4.647,1,-5.715,4.800,
R3,emap3_Bn-4F_CH2CH2CF2CH2CH2F,CCN(Cc1ccc(F)cc1)C(=O)Cn2c3c(cnc(n3)c4ccccc4)n(c2=O)CC(F)CCF,497.521,4.146,,3.537,73.020,0,4,10,-4.876,0,-6.272,4.800,
R3,emap3_Bn-4F_CH2CF2CH2CH2F,CCN(Cc1ccc(F)cc1)C(=O)Cn2c3c(cnc(n3)c4ccccc4)n(c2=O)C(F)CCF,483.494,4.276,,3.667,73.020,0,4,9,-4.937,0,-6.387,4.800,
R3,emap3_Bn-4F_CH2CF2CH2CHF2,CCN(Cc1ccc(F)cc1)C(=O)Cn2c3c(cnc(n3)c4ccccc4)n(c2=O)C(F)C(F)F,487.457,4.181,,3.573,73.020,0,4,8,-4.968,0,-6.059,4.800,
R3,emap3_Bn-4F_CH2CF2CH2CF3,CCN(Cc1ccc(F)cc1)C(=O)Cn2c3c(cnc(n3)c4ccccc4)n(c2=O)C(F)C(F)(F)F,505.447,4.478,,3.870,73.020,0,4,7,-5.333,1,-6.407,4.200,
R3,emap3_Bn-4F_OCH2CF2CH2CH2F,CCN(Cc1ccc(F)cc1)C(=O)Cn2c3c(cnc(n3)c4ccccc4)n(c2=O)COC(F)CCF,513.520,4.077,,3.392,82.250,0,5,11,-4.866,1,-5.964,4.200,
R3,emap3_Bn-4F_OCH2CH2CF2CH2CH2F,CCN(Cc1ccc(F)cc1)C(=O)Cn2c3c(cnc(n3)c4ccccc4)n(c2=O)COCC(F)CCF,527.547,4.120,,3.434,82.250,0,5,12,-4.914,1,-5.446,4.200,
R3,emap3_Bn-4F_CH2CH2CF2CH2CH2CHF2,CCN(Cc1ccc(F)cc1)C(=O)Cn2c3c(cnc(n3)c4ccccc4)n(c2=O)CC(F)CC(F)F,515.511,4.441,,3.833,73.020,0,4,10,-5.174,1,-5.991,4.200,
R3,emap3_Bn-4F_CH2CH2CF2CH2CH2CF3,CCN(Cc1ccc(F)cc1)C(=O)Cn2c3c(cnc(n3)c4ccccc4)n(c2=O)CC(F)CC(F)(F)F,533.501,4.738,,4.130,73.020,0,4,9,-5.539,1,-6.639,3.000,
R3,emap3_Bn-3F_Me,CCN(Cc1cc(F)ccc1)C(=O)Cn2c3c(cnc(n3)c4ccccc4)n(c2=O)C,419.460,2.985,,2.376,73.020,0,4,6,-3.925,0,-5.304,5.400,
R3,emap3_Bn-3F_Et,CCN(Cc1cc(F)ccc1)C(=O)Cn2c3c(cnc(n3)c4ccccc4)n(c2=O)CC,433.487,3.468,,2.859,73.020,0,4,7,-4.250,0,-5.143,5.400,
R3,emap3_Bn-3F_nPr,CCN(Cc1cc(F)ccc1)C(=O)Cn2c3c(cnc(n3)c4ccccc4)n(c2=O)CCC,447.514,3.858,,3.249,73.020,0,4,8,-4.517,0,-6.437,5.400,
R3,emap3_Bn-3F_nBu,CCN(Cc1cc(F)ccc1)C(=O)Cn2c3c(cnc(n3)c4ccccc4)n(c2=O)CCCC,461.541,4.248,,3.639,73.020,0,4,9,-4.784,0,-6.396,4.800,
R3,emap3_Bn-3F_CH2F,CCN(Cc1cc(F)ccc1)C(=O)Cn2c3c(cnc(n3)c4ccccc4)n(c2=O)CF,437.450,3.375,,2.766,73.020,0,4,7,-4.216,0,-6.024,5.400,
R3,emap3_Bn-3F_CH2CH2F,CCN(Cc1cc(F)ccc1)C(=O)Cn2c3c(cnc(n3)c4ccccc4)n(c2=O)CCF,451.477,3.417,,2.809,73.020,0,4,8,-4.264,0,-6.069,5.400,
R3,emap3_Bn-3F_CH2CH2CH2F,CCN(Cc1cc(F)ccc1)C(=O)Cn2c3c(cnc(n3)c4ccccc4)n(c2=O)CCCF,465.504,3.807,,3.199,73.020,0,4,9,-4.531,0,-6.220,5.400,
R3,emap3_Bn-3F_CH2CHF2,CCN(Cc1cc(F)ccc1)C(=O)Cn2c3c(cnc(n3)c4ccccc4)n(c2=O)C(F)F,455.440,3.843,,3.234,73.020,0,4,7,-4.623,0,-6.237,5.400,
R3,emap3_Bn-3F_CH2CH2CHF2,CCN(Cc1cc(F)ccc1)C(=O)Cn2c3c(cnc(n3)c4ccccc4)n(c2=O)CC(F)F,469.467,3.713,,3.104,73.020,0,4,8,-4.562,0,-6.242,5.400,
R3,emap3_Bn-3F_CH2CH2CH2CHF2,CCN(Cc1cc(F)ccc1)C(=O)Cn2c3c(cnc(n3)c4ccccc4)n(c2=O)CCC(F)F,483.494,4.103,,3.495,73.020,0,4,9,-4.829,0,-6.387,4.800,
R3,emap3_Bn-3F_CH2CF3,CCN(Cc1cc(F)ccc1)C(=O)Cn2c3c(cnc(n3)c4ccccc4)n(c2=O)C(F)(F)F,473.430,3.924,,3.316,73.020,0,4,6,-4.851,0,-6.035,5.400,
R3,emap3_Bn-3F_CH2CH2CF3,CCN(Cc1cc(F)ccc1)C(=O)Cn2c3c(cnc(n3)c4ccccc4)n(c2=O)CC(F)(F)F,487.457,4.010,,3.402,73.020,0,4,7,-4.927,0,-6.699,4.800,
R3,emap3_Bn-3F_CH2CH2CH2CF3,CCN(Cc1cc(F)ccc1)C(=O)Cn2c3c(cnc(n3)c4ccccc4)n(c2=O)CCC(F)(F)F,501.484,4.400,,3.792,73.020,0,4,8,-5.193,1,-6.457,4.200,
R3,emap3_Bn-3F_OCH2F,CCN(Cc1cc(F)ccc1)C(=O)Cn2c3c(cnc(n3)c4ccccc4)n(c2=O)COF,453.449,3.306,,2.621,82.250,0,5,8,-4.206,0,-6.002,5.400,
R3,emap3_Bn-3F_OCH2CHF2,CCN(Cc1cc(F)ccc1)C(=O)Cn2c3c(cnc(n3)c4ccccc4)n(c2=O)COC(F)F,485.466,3.645,,2.959,82.250,0,5,9,-4.552,0,-6.230,5.400,
R3,emap3_Bn-3F_OCH2CF3,CCN(Cc1cc(F)ccc1)C(=O)Cn2c3c(cnc(n3)c4ccccc4)n(c2=O)COC(F)(F)F,503.456,3.942,,3.256,82.250,0,5,8,-4.917,1,-6.472,4.800,
R3,emap3_Bn-3F_OCH2CH2F,CCN(Cc1cc(F)ccc1)C(=O)Cn2c3c(cnc(n3)c4ccccc4)n(c2=O)COCF,467.476,3.349,,2.663,82.250,0,5,9,-4.254,0,-6.103,5.400,
R3,emap3_Bn-3F_OCH2CH2CF3,CCN(Cc1cc(F)ccc1)C(=O)Cn2c3c(cnc(n3)c4ccccc4)n(c2=O)COCC(F)(F)F,517.483,3.984,,3.299,82.250,0,5,9,-4.964,1,-6.333,4.800,
R3,emap3_Bn-3F_OCH2CH2CHF2,CCN(Cc1cc(F)ccc1)C(=O)Cn2c3c(cnc(n3)c4ccccc4)n(c2=O)COCC(F)F,499.493,3.687,,3.002,82.250,0,5,10,-4.600,0,-6.185,5.400,
R3,emap3_Bn-3F_OCH2CH2CH2F,CCN(Cc1cc(F)ccc1)C(=O)Cn2c3c(cnc(n3)c4ccccc4)n(c2=O)COCCF,481.503,3.391,,2.706,82.250,0,5,10,-4.302,0,-5.971,5.400,
R3,emap3_Bn-3F_OCH2CH2CH2CF3,CCN(Cc1cc(F)ccc1)C(=O)Cn2c3c(cnc(n3)c4ccccc4)n(c2=O)COCCC(F)(F)F,531.510,4.374,,3.689,82.250,0,5,10,-5.231,1,-6.754,4.200,
R3,emap3_Bn-3F_CH2SiMe3,CCN(Cc1cc(F)ccc1)C(=O)Cn2c3c(cnc(n3)c4ccccc4)n(c2=O)C[Si](C)(C)C,491.643,4.325,,3.717,73.020,0,4,8,-5.085,0,-6.423,4.800,
R3,emap3_Bn-3F_CH2CH2SiMe3,CCN(Cc1cc(F)ccc1)C(=O)Cn2c3c(cnc(n3)c4ccccc4)n(c2=O)CC[Si](C)(C)C,505.670,4.786,,4.178,73.020,0,4,9,-5.396,1,-6.163,3.000,
R3,emap3_Bn-3F_OSiMe3,CCN(Cc1cc(F)ccc1)C(=O)Cn2c3c(cnc(n3)c4ccccc4)n(c2=O)O[Si](C)(C)C,493.615,3.711,,3.026,82.250,0,5,8,-4.711,0,-6.344,5.400,
R3,emap3_Bn-3F_CH2SiEt3,CCN(Cc1cc(F)ccc1)C(=O)Cn2c3c(cnc(n3)c4ccccc4)n(c2=O)C[Si](CC)(CC)CC,533.724,5.496,,4.887,73.020,0,4,11,-5.885,2,-5.706,2.400,
R3,emap3_Bn-3F_tBu,CCN(Cc1cc(F)ccc1)C(=O)Cn2c3c(cnc(n3)c4ccccc4)n(c2=O)C(C)(C)C,461.541,4.203,,3.594,73.020,0,4,6,-4.953,0,-6.270,4.800,
R3,emap3_Bn-3F_BnCH2,CCN(Cc1cc(F)ccc1)C(=O)Cn2c3c(cnc(n3)c4ccccc4)n(c2=O)Cc1ccccc1C,509.585,4.805,,4.196,73.020,0,4,8,-5.498,1,-6.996,3.000,
R3,emap3_Bn-3F_PhCH2F,CCN(Cc1cc(F)ccc1)C(=O)Cn2c3c(cnc(n3)c4ccccc4)n(c2=O)c1ccccc1CF,513.548,4.907,,4.298,73.020,0,4,8,-5.587,1,-6.524,3.000,
R3,emap3_Bn-3F_OCH2CF2H,CCN(Cc1cc(F)ccc1)C(=O)Cn2c3c(cnc(n3)c4ccccc4)n(c2=O)COC(F)F,485.466,3.645,,2.959,82.250,0,5,9,-4.552,0,-6.179,5.400,
R3,emap3_Bn-3F_OCH2CH2CF2H,CCN(Cc1cc(F)ccc1)C(=O)Cn2c3c(cnc(n3)c4ccccc4)n(c2=O)COCC(F)F,499.493,3.687,,3.002,82.250,0,5,10,-4.600,0,-6.256,5.400,
R3,emap3_Bn-3F_CH2CF2H,CCN(Cc1cc(F)ccc1)C(=O)Cn2c3c(cnc(n3)c4ccccc4)n(c2=O)C(F)F,455.440,3.843,,3.234,73.020,0,4,7,-4.623,0,-4.997,5.400,
R3,emap3_Bn-3F_CH2CH2CF2H,CCN(Cc1cc(F)ccc1)C(=O)Cn2c3c(cnc(n3)c4ccccc4)n(c2=O)CC(F)F,469.467,3.713,,3.104,73.020,0,4,8,-4.562,0,-6.244,5.400,
R3,emap3_Bn-3F_OCH2CH2CH2CHF2,CCN(Cc1cc(F)ccc1)C(=O)Cn2c3c(cnc(n3)c4ccccc4)n(c2=O)COCCC(F)F,513.520,4.077,,3.392,82.250,0,5,11,-4.866,1,-5.591,4.200,
R3,emap3_Bn-3F_CH2CH2CF2CF3,CCN(Cc1cc(F)ccc1)C(=O)Cn2c3c(cnc(n3)c4ccccc4)n(c2=O)CC(F)C(F)(F)F,519.474,4.348,,3.740,73.020,0,4,8,-5.272,1,-6.334,4.200,
R3,emap3_Bn-3F_CH2CF2CF3,CCN(Cc1cc(F)ccc1)C(=O)Cn2c3c(cnc(n3)c4ccccc4)n(c2=O)C(F)C(F)(F)F,505.447,4.478,,3.870,73.020,0,4,7,-5.333,1,-6.510,4.200,
R3,emap3_Bn-3F_CH2CH2CH2CF2CF3,CCN(Cc1cc(F)ccc1)C(=O)Cn2c3c(cnc(n3)c4ccccc4)n(c2=O)CCC(F)C(F)(F)F,533.501,4.738,,4.130,73.020,0,4,9,-5.539,1,-6.536,3.000,
R3,emap3_Bn-3F_CH2CH2CF2CH3,CCN(Cc1cc(F)ccc1)C(=O)Cn2c3c(cnc(n3)c4ccccc4)n(c2=O)CC(F)C,465.504,3.806,,3.197,73.020,0,4,8,-4.596,0,-6.386,5.400,
R3,emap3_Bn-3F_OCH2CF2CF3,CCN(Cc1cc(F)ccc1)C(=O)Cn2c3c(cnc(n3)c4ccccc4)n(c2=O)COC(F)C(F)(F)F,535.473,4.280,,3.594,82.250,0,5,9,-5.262,1,-6.725,4.200,
R3,emap3_Bn-3F_OCH2CF2CH3,CCN(Cc1cc(F)ccc1)C(=O)Cn2c3c(cnc(n3)c4ccccc4)n(c2=O)COC(F)C,481.503,3.737,,3.052,82.250,0,5,9,-4.586,0,-6.195,5.400,
R3,emap3_Bn-3F_OCH2CH2CF2CF3,CCN(Cc1cc(F)ccc1)C(=O)Cn2c3c(cnc(n3)c4ccccc4)n(c2=O)COCC(F)C(F)(F)F,549.500,4.322,,3.637,82.250,0,5,10,-5.310,1,-5.528,4.200,
R3,emap3_Bn-3F_CH2CF2CH2F,CCN(Cc1cc(F)ccc1)C(=O)Cn2c3c(cnc(n3)c4ccccc4)n(c2=O)C(F)CF,469.467,3.885,,3.277,73.020,0,4,8,-4.670,0,-6.225,5.400,
R3,emap3_Bn-3F_CH2CH2CF2CH2F,CCN(Cc1cc(F)ccc1)C(=O)Cn2c3c(cnc(n3)c4ccccc4)n(c2=O)CC(F)CF,483.494,3.755,,3.147,73.020,0,4,9,-4.610,0,-6.173,5.400,
R3,emap3_Bn-3F_OCH2CF2CH2F,CCN(Cc1cc(F)ccc1)C(=O)Cn2c3c(cnc(n3)c4ccccc4)n(c2=O)COC(F)CF,499.493,3.687,,3.002,82.250,0,5,10,-4.600,0,-6.137,5.400,
R3,emap3_Bn-3F_CH2CH2CF2CH2CHF2,CCN(Cc1cc(F)ccc1)C(=O)Cn2c3c(cnc(n3)c4ccccc4)n(c2=O)CC(F)C(F)F,501.484,4.051,,3.443,73.020,0,4,9,-4.907,1,-6.257,4.200,
R3,emap3_Bn-3F_CH2CH2CF2CH2CF3,CCN(Cc1cc(F)ccc1)C(=O)Cn2c3c(cnc(n3)c4ccccc4)n(c2=O)CC(F)C(F)(F)F,519.474,4.348,,3.740,73.020,0,4,8,-5.272,1,-5.886,4.200,
R3,emap3_Bn-3F_OCH2CH2CF2CH2F,CCN(Cc1cc(F)ccc1)C(=O)Cn2c3c(cnc(n3)c4ccccc4)n(c2=O)COCC(F)CF,513.520,3.730,,3.044,82.250,0,5,11,-4.647,1,-5.657,4.800,
R3,emap3_Bn-3F_CH2CH2CF2CH2CH2F,CCN(Cc1cc(F)ccc1)C(=O)Cn2c3c(cnc(n3)c4ccccc4)n(c2=O)CC(F)CCF,497.521,4.146,,3.537,73.020,0,4,10,-4.876,0,-0.273,4.800,
R3,emap3_Bn-3F_CH2CF2CH2CH2F,CCN(Cc1cc(F)ccc1)C(=O)Cn2c3c(cnc(n3)c4ccccc4)n(c2=O)C(F)CCF,483.494,4.276,,3.667,73.020,0,4,9,-4.937,0,-6.126,4.800,
R3,emap3_Bn-3F_CH2CF2CH2CHF2,CCN(Cc1cc(F)ccc1)C(=O)Cn2c3c(cnc(n3)c4ccccc4)n(c2=O)C(F)C(F)F,487.457,4.181,,3.573,73.020,0,4,8,-4.968,0,-6.320,4.800,
R3,emap3_Bn-3F_CH2CF2CH2CF3,CCN(Cc1cc(F)ccc1)C(=O)Cn2c3c(cnc(n3)c4ccccc4)n(c2=O)C(F)C(F)(F)F,505.447,4.478,,3.870,73.020,0,4,7,-5.333,1,-6.555,4.200,
R3,emap3_Bn-3F_OCH2CF2CH2CH2F,CCN(Cc1cc(F)ccc1)C(=O)Cn2c3c(cnc(n3)c4ccccc4)n(c2=O)COC(F)CCF,513.520,4.077,,3.392,82.250,0,5,11,-4.866,1,-6.406,4.200,
R3,emap3_Bn-3F_OCH2CH2CF2CH2CH2F,CCN(Cc1cc(F)ccc1)C(=O)Cn2c3c(cnc(n3)c4ccccc4)n(c2=O)COCC(F)CCF,527.547,4.120,,3.434,82.250,0,5,12,-4.914,1,-5.920,4.200,
R3,emap3_Bn-3F_CH2CH2CF2CH2CH2CHF2,CCN(Cc1cc(F)ccc1)C(=O)Cn2c3c(cnc(n3)c4ccccc4)n(c2=O)CC(F)CC(F)F,515.511,4.441,,3.833,73.020,0,4,10,-5.174,1,-6.499,4.200,
R3,emap3_Bn-3F_CH2CH2CF2CH2CH2CF3,CCN(Cc1cc(F)ccc1)C(=O)Cn2c3c(cnc(n3)c4ccccc4)n(c2=O)CC(F)CC(F)(F)F,533.501,4.738,,4.130,73.020,0,4,9,-5.539,1,-6.639,3.000,
R3,emap3_Bn-2F_Me,CCN(Cc1c(F)cccc1)C(=O)Cn2c3c(cnc(n3)c4ccccc4)n(c2=O)C,419.460,2.985,,2.376,73.020,0,4,6,-3.925,0,-6.385,5.400,
R3,emap3_Bn-2F_Et,CCN(Cc1c(F)cccc1)C(=O)Cn2c3c(cnc(n3)c4ccccc4)n(c2=O)CC,433.487,3.468,,2.859,73.020,0,4,7,-4.250,0,-6.110,5.400,
R3,emap3_Bn-2F_nPr,CCN(Cc1c(F)cccc1)C(=O)Cn2c3c(cnc(n3)c4ccccc4)n(c2=O)CCC,447.514,3.858,,3.249,73.020,0,4,8,-4.517,0,-6.333,5.400,
R3,emap3_Bn-2F_nBu,CCN(Cc1c(F)cccc1)C(=O)Cn2c3c(cnc(n3)c4ccccc4)n(c2=O)CCCC,461.541,4.248,,3.639,73.020,0,4,9,-4.784,0,-6.357,4.800,
R3,emap3_Bn-2F_CH2F,CCN(Cc1c(F)cccc1)C(=O)Cn2c3c(cnc(n3)c4ccccc4)n(c2=O)CF,437.450,3.375,,2.766,73.020,0,4,7,-4.216,0,-5.150,5.400,
R3,emap3_Bn-2F_CH2CH2F,CCN(Cc1c(F)cccc1)C(=O)Cn2c3c(cnc(n3)c4ccccc4)n(c2=O)CCF,451.477,3.417,,2.809,73.020,0,4,8,-4.264,0,-6.100,5.400,
R3,emap3_Bn-2F_CH2CH2CH2F,CCN(Cc1c(F)cccc1)C(=O)Cn2c3c(cnc(n3)c4ccccc4)n(c2=O)CCCF,465.504,3.807,,3.199,73.020,0,4,9,-4.531,0,-6.191,5.400,
R3,emap3_Bn-2F_CH2CHF2,CCN(Cc1c(F)cccc1)C(=O)Cn2c3c(cnc(n3)c4ccccc4)n(c2=O)C(F)F,455.440,3.843,,3.234,73.020,0,4,7,-4.623,0,-6.183,5.400,
R3,emap3_Bn-2F_CH2CH2CHF2,CCN(Cc1c(F)cccc1)C(=O)Cn2c3c(cnc(n3)c4ccccc4)n(c2=O)CC(F)F,469.467,3.713,,3.104,73.020,0,4,8,-4.562,0,-6.359,5.400,
R3,emap3_Bn-2F_CH2CH2CH2CHF2,CCN(Cc1c(F)cccc1)C(=O)Cn2c3c(cnc(n3)c4ccccc4)n(c2=O)CCC(F)F,483.494,4.103,,3.495,73.020,0,4,9,-4.829,0,-6.462,4.800,
R3,emap3_Bn-2F_CH2CF3,CCN(Cc1c(F)cccc1)C(=O)Cn2c3c(cnc(n3)c4ccccc4)n(c2=O)C(F)(F)F,473.430,3.924,,3.316,73.020,0,4,6,-4.851,0,-6.289,5.400,
R3,emap3_Bn-2F_CH2CH2CF3,CCN(Cc1c(F)cccc1)C(=O)Cn2c3c(cnc(n3)c4ccccc4)n(c2=O)CC(F)(F)F,487.457,4.010,,3.402,73.020,0,4,7,-4.927,0,-6.163,4.800,
R3,emap3_Bn-2F_CH2CH2CH2CF3,CCN(Cc1c(F)cccc1)C(=O)Cn2c3c(cnc(n3)c4ccccc4)n(c2=O)CCC(F)(F)F,501.484,4.400,,3.792,73.020,0,4,8,-5.193,1,-6.294,4.200,
R3,emap3_Bn-2F_OCH2F,CCN(Cc1c(F)cccc1)C(=O)Cn2c3c(cnc(n3)c4ccccc4)n(c2=O)COF,453.449,3.306,,2.621,82.250,0,5,8,-4.206,0,-5.186,5.400,
R3,emap3_Bn-2F_OCH2CHF2,CCN(Cc1c(F)cccc1)C(=O)Cn2c3c(cnc(n3)c4ccccc4)n(c2=O)COC(F)F,485.466,3.645,,2.959,82.250,0,5,9,-4.552,0,-6.440,5.400,
R3,emap3_Bn-2F_OCH2CF3,CCN(Cc1c(F)cccc1)C(=O)Cn2c3c(cnc(n3)c4ccccc4)n(c2=O)COC(F)(F)F,503.456,3.942,,3.256,82.250,0,5,8,-4.917,1,-6.370,4.800,
R3,emap3_Bn-2F_OCH2CH2F,CCN(Cc1c(F)cccc1)C(=O)Cn2c3c(cnc(n3)c4ccccc4)n(c2=O)COCF,467.476,3.349,,2.663,82.250,0,5,9,-4.254,0,-6.125,5.400,
R3,emap3_Bn-2F_OCH2CH2CF3,CCN(Cc1c(F)cccc1)C(=O)Cn2c3c(cnc(n3)c4ccccc4)n(c2=O)COCC(F)(F)F,517.483,3.984,,3.299,82.250,0,5,9,-4.964,1,-6.221,4.800,
R3,emap3_Bn-2F_OCH2CH2CHF2,CCN(Cc1c(F)cccc1)C(=O)Cn2c3c(cnc(n3)c4ccccc4)n(c2=O)COCC(F)F,499.493,3.687,,3.002,82.250,0,5,10,-4.600,0,-6.049,5.400,
R3,emap3_Bn-2F_OCH2CH2CH2F,CCN(Cc1c(F)cccc1)C(=O)Cn2c3c(cnc(n3)c4ccccc4)n(c2=O)COCCF,481.503,3.391,,2.706,82.250,0,5,10,-4.302,0,-6.139,5.400,
R3,emap3_Bn-2F_OCH2CH2CH2CF3,CCN(Cc1c(F)cccc1)C(=O)Cn2c3c(cnc(n3)c4ccccc4)n(c2=O)COCCC(F)(F)F,531.510,4.374,,3.689,82.250,0,5,10,-5.231,1,-5.704,4.200,
R3,emap3_Bn-2F_CH2SiMe3,CCN(Cc1c(F)cccc1)C(=O)Cn2c3c(cnc(n3)c4ccccc4)n(c2=O)C[Si](C)(C)C,491.643,4.325,,3.717,73.020,0,4,8,-5.085,0,-6.072,4.800,
R3,emap3_Bn-2F_CH2CH2SiMe3,CCN(Cc1c(F)cccc1)C(=O)Cn2c3c(cnc(n3)c4ccccc4)n(c2=O)CC[Si](C)(C)C,505.670,4.786,,4.178,73.020,0,4,9,-5.396,1,-5.508,3.000,
R3,emap3_Bn-2F_OSiMe3,CCN(Cc1c(F)cccc1)C(=O)Cn2c3c(cnc(n3)c4ccccc4)n(c2=O)O[Si](C)(C)C,493.615,3.711,,3.026,82.250,0,5,8,-4.711,0,-6.002,5.400,
R3,emap3_Bn-2F_CH2SiEt3,CCN(Cc1c(F)cccc1)C(=O)Cn2c3c(cnc(n3)c4ccccc4)n(c2=O)C[Si](CC)(CC)CC,533.724,5.496,,4.887,73.020,0,4,11,-5.885,2,-5.912,2.400,
R3,emap3_Bn-2F_tBu,CCN(Cc1c(F)cccc1)C(=O)Cn2c3c(cnc(n3)c4ccccc4)n(c2=O)C(C)(C)C,461.541,4.203,,3.594,73.020,0,4,6,-4.953,0,-6.335,4.800,
R3,emap3_Bn-2F_BnCH2,CCN(Cc1c(F)cccc1)C(=O)Cn2c3c(cnc(n3)c4ccccc4)n(c2=O)Cc1ccccc1C,509.585,4.805,,4.196,73.020,0,4,8,-5.498,1,-6.876,3.000,
R3,emap3_Bn-2F_PhCH2F,CCN(Cc1c(F)cccc1)C(=O)Cn2c3c(cnc(n3)c4ccccc4)n(c2=O)c1ccccc1CF,513.548,4.907,,4.298,73.020,0,4,8,-5.587,1,-6.491,3.000,
R3,emap3_Bn-2F_OCH2CF2H,CCN(Cc1c(F)cccc1)C(=O)Cn2c3c(cnc(n3)c4ccccc4)n(c2=O)COC(F)F,485.466,3.645,,2.959,82.250,0,5,9,-4.552,0,-6.371,5.400,
R3,emap3_Bn-2F_OCH2CH2CF2H,CCN(Cc1c(F)cccc1)C(=O)Cn2c3c(cnc(n3)c4ccccc4)n(c2=O)COCC(F)F,499.493,3.687,,3.002,82.250,0,5,10,-4.600,0,-6.133,5.400,
R3,emap3_Bn-2F_CH2CF2H,CCN(Cc1c(F)cccc1)C(=O)Cn2c3c(cnc(n3)c4ccccc4)n(c2=O)C(F)F,455.440,3.843,,3.234,73.020,0,4,7,-4.623,0,-6.195,5.400,
R3,emap3_Bn-2F_CH2CH2CF2H,CCN(Cc1c(F)cccc1)C(=O)Cn2c3c(cnc(n3)c4ccccc4)n(c2=O)CC(F)F,469.467,3.713,,3.104,73.020,0,4,8,-4.562,0,-6.371,5.400,
R3,emap3_Bn-2F_OCH2CH2CH2CHF2,CCN(Cc1c(F)cccc1)C(=O)Cn2c3c(cnc(n3)c4ccccc4)n(c2=O)COCCC(F)F,513.520,4.077,,3.392,82.250,0,5,11,-4.866,1,-6.360,4.200,
R3,emap3_Bn-2F_CH2CH2CF2CF3,CCN(Cc1c(F)cccc1)C(=O)Cn2c3c(cnc(n3)c4ccccc4)n(c2=O)CC(F)C(F)(F)F,519.474,4.348,,3.740,73.020,0,4,8,-5.272,1,-7.100,4.200,
R3,emap3_Bn-2F_CH2CF2CF3,CCN(Cc1c(F)cccc1)C(=O)Cn2c3c(cnc(n3)c4ccccc4)n(c2=O)C(F)C(F)(F)F,505.447,4.478,,3.870,73.020,0,4,7,-5.333,1,-6.437,4.200,
R3,emap3_Bn-2F_CH2CH2CH2CF2CF3,CCN(Cc1c(F)cccc1)C(=O)Cn2c3c(cnc(n3)c4ccccc4)n(c2=O)CCC(F)C(F)(F)F,533.501,4.738,,4.130,73.020,0,4,9,-5.539,1,-6.570,3.000,
R3,emap3_Bn-2F_CH2CH2CF2CH3,CCN(Cc1c(F)cccc1)C(=O)Cn2c3c(cnc(n3)c4ccccc4)n(c2=O)CC(F)C,465.504,3.806,,3.197,73.020,0,4,8,-4.596,0,-6.477,5.400,
R3,emap3_Bn-2F_OCH2CF2CF3,CCN(Cc1c(F)cccc1)C(=O)Cn2c3c(cnc(n3)c4ccccc4)n(c2=O)COC(F)C(F)(F)F,535.473,4.280,,3.594,82.250,0,5,9,-5.262,1,-6.440,4.200,
R3,emap3_Bn-2F_OCH2CF2CH3,CCN(Cc1c(F)cccc1)C(=O)Cn2c3c(cnc(n3)c4ccccc4)n(c2=O)COC(F)C,481.503,3.737,,3.052,82.250,0,5,9,-4.586,0,-6.332,5.400,
R3,emap3_Bn-2F_OCH2CH2CF2CF3,CCN(Cc1c(F)cccc1)C(=O)Cn2c3c(cnc(n3)c4ccccc4)n(c2=O)COCC(F)C(F)(F)F,549.500,4.322,,3.637,82.250,0,5,10,-5.310,1,-5.753,4.200,
R3,emap3_Bn-2F_CH2CF2CH2F,CCN(Cc1c(F)cccc1)C(=O)Cn2c3c(cnc(n3)c4ccccc4)n(c2=O)C(F)CF,469.467,3.885,,3.277,73.020,0,4,8,-4.670,0,-6.319,5.400,
R3,emap3_Bn-2F_CH2CH2CF2CH2F,CCN(Cc1c(F)cccc1)C(=O)Cn2c3c(cnc(n3)c4ccccc4)n(c2=O)CC(F)CF,483.494,3.755,,3.147,73.020,0,4,9,-4.610,0,-6.181,5.400,
R3,emap3_Bn-2F_OCH2CF2CH2F,CCN(Cc1c(F)cccc1)C(=O)Cn2c3c(cnc(n3)c4ccccc4)n(c2=O)COC(F)CF,499.493,3.687,,3.002,82.250,0,5,10,-4.600,0,-6.269,5.400,
R3,emap3_Bn-2F_CH2CH2CF2CH2CHF2,CCN(Cc1c(F)cccc1)C(=O)Cn2c3c(cnc(n3)c4ccccc4)n(c2=O)CC(F)C(F)F,501.484,4.051,,3.443,73.020,0,4,9,-4.907,1,-5.707,4.200,
R3,emap3_Bn-2F_CH2CH2CF2CH2CF3,CCN(Cc1c(F)cccc1)C(=O)Cn2c3c(cnc(n3)c4ccccc4)n(c2=O)CC(F)C(F)(F)F,519.474,4.348,,3.740,73.020,0,4,8,-5.272,1,-6.414,4.200,
R3,emap3_Bn-2F_OCH2CH2CF2CH2F,CCN(Cc1c(F)cccc1)C(=O)Cn2c3c(cnc(n3)c4ccccc4)n(c2=O)COCC(F)CF,513.520,3.730,,3.044,82.250,0,5,11,-4.647,1,-6.165,4.800,
R3,emap3_Bn-2F_CH2CH2CF2CH2CH2F,CCN(Cc1c(F)cccc1)C(=O)Cn2c3c(cnc(n3)c4ccccc4)n(c2=O)CC(F)CCF,497.521,4.146,,3.537,73.020,0,4,10,-4.876,0,-5.599,4.800,
R3,emap3_Bn-2F_CH2CF2CH2CH2F,CCN(Cc1c(F)cccc1)C(=O)Cn2c3c(cnc(n3)c4ccccc4)n(c2=O)C(F)CCF,483.494,4.276,,3.667,73.020,0,4,9,-4.937,0,-6.154,4.800,
R3,emap3_Bn-2F_CH2CF2CH2CHF2,CCN(Cc1c(F)cccc1)C(=O)Cn2c3c(cnc(n3)c4ccccc4)n(c2=O)C(F)C(F)F,487.457,4.181,,3.573,73.020,0,4,8,-4.968,0,-6.273,4.800,
R3,emap3_Bn-2F_CH2CF2CH2CF3,CCN(Cc1c(F)cccc1)C(=O)Cn2c3c(cnc(n3)c4ccccc4)n(c2=O)C(F)C(F)(F)F,505.447,4.478,,3.870,73.020,0,4,7,-5.333,1,-6.427,4.200,
R3,emap3_Bn-2F_OCH2CF2CH2CH2F,CCN(Cc1c(F)cccc1)C(=O)Cn2c3c(cnc(n3)c4ccccc4)n(c2=O)COC(F)CCF,513.520,4.077,,3.392,82.250,0,5,11,-4.866,1,-5.944,4.200,
R3,emap3_Bn-2F_OCH2CH2CF2CH2CH2F,CCN(Cc1c(F)cccc1)C(=O)Cn2c3c(cnc(n3)c4ccccc4)n(c2=O)COCC(F)CCF,527.547,4.120,,3.434,82.250,0,5,12,-4.914,1,-5.915,4.200,
R3,emap3_Bn-2F_CH2CH2CF2CH2CH2CHF2,CCN(Cc1c(F)cccc1)C(=O)Cn2c3c(cnc(n3)c4ccccc4)n(c2=O)CC(F)CC(F)F,515.511,4.441,,3.833,73.020,0,4,10,-5.174,1,-6.777,4.200,
R3,emap3_Bn-2F_CH2CH2CF2CH2CH2CF3,CCN(Cc1c(F)cccc1)C(=O)Cn2c3c(cnc(n3)c4ccccc4)n(c2=O)CC(F)CC(F)(F)F,533.501,4.738,,4.130,73.020,0,4,9,-5.539,1,-6.566,3.000,
R3,emap3_Bn-4Cl_Me,CCN(Cc1ccc(Cl)cc1)C(=O)Cn2c3c(cnc(n3)c4ccccc4)n(c2=O)C,435.915,3.499,,2.891,73.020,0,4,6,-4.351,0,-5.522,5.400,
R3,emap3_Bn-4Cl_Et,CCN(Cc1ccc(Cl)cc1)C(=O)Cn2c3c(cnc(n3)c4ccccc4)n(c2=O)CC,449.942,3.982,,3.374,73.020,0,4,7,-4.676,0,-6.243,5.400,
R3,emap3_Bn-4Cl_nPr,CCN(Cc1ccc(Cl)cc1)C(=O)Cn2c3c(cnc(n3)c4ccccc4)n(c2=O)CCC,463.969,4.372,,3.764,73.020,0,4,8,-4.943,0,-6.247,4.800,
R3,emap3_Bn-4Cl_nBu,CCN(Cc1ccc(Cl)cc1)C(=O)Cn2c3c(cnc(n3)c4ccccc4)n(c2=O)CCCC,477.996,4.762,,4.154,73.020,0,4,9,-5.210,1,-6.142,3.600,
R3,emap3_Bn-4Cl_CH2F,CCN(Cc1ccc(Cl)cc1)C(=O)Cn2c3c(cnc(n3)c4ccccc4)n(c2=O)CF,453.905,3.889,,3.281,73.020,0,4,7,-4.642,0,-6.204,5.400,
R3,emap3_Bn-4Cl_CH2CH2F,CCN(Cc1ccc(Cl)cc1)C(=O)Cn2c3c(cnc(n3)c4ccccc4)n(c2=O)CCF,467.932,3.932,,3.323,73.020,0,4,8,-4.690,0,-5.951,5.400,
R3,emap3_Bn-4Cl_CH2CH2CH2F,CCN(Cc1ccc(Cl)cc1)C(=O)Cn2c3c(cnc(n3)c4ccccc4)n(c2=O)CCCF,481.959,4.322,,3.713,73.020,0,4,9,-4.957,0,-6.126,4.800,
R3,emap3_Bn-4Cl_CH2CHF2,CCN(Cc1ccc(Cl)cc1)C(=O)Cn2c3c(cnc(n3)c4ccccc4)n(c2=O)C(F)F,471.895,4.357,,3.749,73.020,0,4,7,-5.049,0,-6.117,4.800,
R3,emap3_Bn-4Cl_CH2CH2CHF2,CCN(Cc1ccc(Cl)cc1)C(=O)Cn2c3c(cnc(n3)c4ccccc4)n(c2=O)CC(F)F,485.922,4.227,,3.619,73.020,0,4,8,-4.988,0,-6.258,4.800,
R3,emap3_Bn-4Cl_CH2CH2CH2CHF2,CCN(Cc1ccc(Cl)cc1)C(=O)Cn2c3c(cnc(n3)c4ccccc4)n(c2=O)CCC(F)F,499.949,4.617,,4.009,73.020,0,4,9,-5.255,1,-5.144,3.600,
R3,emap3_Bn-4Cl_CH2CF3,CCN(Cc1ccc(Cl)cc1)C(=O)Cn2c3c(cnc(n3)c4ccccc4)n(c2=O)C(F)(F)F,489.885,4.438,,3.830,73.020,0,4,6,-5.277,0,-6.223,4.800,
R3,emap3_Bn-4Cl_CH2CH2CF3,CCN(Cc1ccc(Cl)cc1)C(=O)Cn2c3c(cnc(n3)c4ccccc4)n(c2=O)CC(F)(F)F,503.912,4.524,,3.916,73.020,0,4,7,-5.353,1,-6.550,3.600,
R3,emap3_Bn-4Cl_CH2CH2CH2CF3,CCN(Cc1ccc(Cl)cc1)C(=O)Cn2c3c(cnc(n3)c4ccccc4)n(c2=O)CCC(F)(F)F,517.939,4.915,,4.306,73.020,0,4,8,-5.619,1,-6.287,3.000,
R3,emap3_Bn-4Cl_OCH2F,CCN(Cc1ccc(Cl)cc1)C(=O)Cn2c3c(cnc(n3)c4ccccc4)n(c2=O)COF,469.904,3.821,,3.135,82.250,0,5,8,-4.632,0,-6.154,5.400,
R3,emap3_Bn-4Cl_OCH2CHF2,CCN(Cc1ccc(Cl)cc1)C(=O)Cn2c3c(cnc(n3)c4ccccc4)n(c2=O)COC(F)F,501.921,4.159,,3.473,82.250,0,5,9,-4.978,1,-6.380,4.200,
R3,emap3_Bn-4Cl_OCH2CF3,CCN(Cc1ccc(Cl)cc1)C(=O)Cn2c3c(cnc(n3)c4ccccc4)n(c2=O)COC(F)(F)F,519.911,4.456,,3.771,82.250,0,5,8,-5.343,1,-6.370,4.200,
R3,emap3_Bn-4Cl_OCH2CH2F,CCN(Cc1ccc(Cl)cc1)C(=O)Cn2c3c(cnc(n3)c4ccccc4)n(c2=O)COCF,483.931,3.863,,3.178,82.250,0,5,9,-4.680,0,-6.218,5.400,
R3,emap3_Bn-4Cl_OCH2CH2CF3,CCN(Cc1ccc(Cl)cc1)C(=O)Cn2c3c(cnc(n3)c4ccccc4)n(c2=O)COCC(F)(F)F,533.938,4.499,,3.813,82.250,0,5,9,-5.390,1,-5.695,4.200,
R3,emap3_Bn-4Cl_OCH2CH2CHF2,CCN(Cc1ccc(Cl)cc1)C(=O)Cn2c3c(cnc(n3)c4ccccc4)n(c2=O)COCC(F)F,515.948,4.201,,3.516,82.250,0,5,10,-5.026,1,-5.794,4.200,
R3,emap3_Bn-4Cl_OCH2CH2CH2F,CCN(Cc1ccc(Cl)cc1)C(=O)Cn2c3c(cnc(n3)c4ccccc4)n(c2=O)COCCF,497.958,3.906,,3.220,82.250,0,5,10,-4.728,0,-5.987,5.400,
R3,emap3_Bn-4Cl_OCH2CH2CH2CF3,CCN(Cc1ccc(Cl)cc1)C(=O)Cn2c3c(cnc(n3)c4ccccc4)n(c2=O)COCCC(F)(F)F,547.965,4.889,,4.203,82.250,0,5,10,-5.657,1,-5.414,3.000,
R3,emap3_Bn-4Cl_CH2SiMe3,CCN(Cc1ccc(Cl)cc1)C(=O)Cn2c3c(cnc(n3)c4ccccc4)n(c2=O)C[Si](C)(C)C,508.098,4.840,,4.231,73.020,0,4,8,-5.511,1,-6.200,3.000,
R3,emap3_Bn-4Cl_CH2CH2SiMe3,CCN(Cc1ccc(Cl)cc1)C(=O)Cn2c3c(cnc(n3)c4ccccc4)n(c2=O)CC[Si](C)(C)C,522.125,5.300,,4.692,73.020,0,4,9,-5.822,2,-5.665,2.400,
R3,emap3_Bn-4Cl_OSiMe3,CCN(Cc1ccc(Cl)cc1)C(=O)Cn2c3c(cnc(n3)c4ccccc4)n(c2=O)O[Si](C)(C)C,510.070,4.226,,3.540,82.250,0,5,8,-5.137,1,-6.235,4.200,
R3,emap3_Bn-4Cl_CH2SiEt3,CCN(Cc1ccc(Cl)cc1)C(=O)Cn2c3c(cnc(n3)c4ccccc4)n(c2=O)C[Si](CC)(CC)CC,550.179,6.010,,5.401,73.020,0,4,11,-6.311,2,-6.007,1.800,
R3,emap3_Bn-4Cl_tBu,CCN(Cc1ccc(Cl)cc1)C(=O)Cn2c3c(cnc(n3)c4ccccc4)n(c2=O)C(C)(C)C,477.996,4.717,,4.109,73.020,0,4,6,-5.379,1,-6.234,3.600,
R3,emap3_Bn-4Cl_BnCH2,CCN(Cc1ccc(Cl)cc1)C(=O)Cn2c3c(cnc(n3)c4ccccc4)n(c2=O)Cc1ccccc1C,526.040,5.319,,4.710,73.020,0,4,8,-5.924,2,-6.244,2.400,
R3,emap3_Bn-4Cl_PhCH2F,CCN(Cc1ccc(Cl)cc1)C(=O)Cn2c3c(cnc(n3)c4ccccc4)n(c2=O)c1ccccc1CF,530.003,5.421,,4.812,73.020,0,4,8,-6.013,2,-5.772,2.400,
R3,emap3_Bn-4Cl_OCH2CF2H,CCN(Cc1ccc(Cl)cc1)C(=O)Cn2c3c(cnc(n3)c4ccccc4)n(c2=O)COC(F)F,501.921,4.159,,3.473,82.250,0,5,9,-4.978,1,-6.298,4.200,
R3,emap3_Bn-4Cl_OCH2CH2CF2H,CCN(Cc1ccc(Cl)cc1)C(=O)Cn2c3c(cnc(n3)c4ccccc4)n(c2=O)COCC(F)F,515.948,4.201,,3.516,82.250,0,5,10,-5.026,1,-5.709,4.200,
R3,emap3_Bn-4Cl_CH2CF2H,CCN(Cc1ccc(Cl)cc1)C(=O)Cn2c3c(cnc(n3)c4ccccc4)n(c2=O)C(F)F,471.895,4.357,,3.749,73.020,0,4,7,-5.049,0,-6.108,4.800,
R3,emap3_Bn-4Cl_CH2CH2CF2H,CCN(Cc1ccc(Cl)cc1)C(=O)Cn2c3c(cnc(n3)c4ccccc4)n(c2=O)CC(F)F,485.922,4.227,,3.619,73.020,0,4,8,-4.988,0,-6.245,4.800,
R3,emap3_Bn-4Cl_OCH2CH2CH2CHF2,CCN(Cc1ccc(Cl)cc1)C(=O)Cn2c3c(cnc(n3)c4ccccc4)n(c2=O)COCCC(F)F,529.975,4.591,,3.906,82.250,0,5,11,-5.292,1,-5.196,3.600,
R3,emap3_Bn-4Cl_CH2CH2CF2CF3,CCN(Cc1ccc(Cl)cc1)C(=O)Cn2c3c(cnc(n3)c4ccccc4)n(c2=O)CC(F)C(F)(F)F,535.929,4.863,,4.254,73.020,0,4,8,-5.698,1,-6.479,3.000,
R3,emap3_Bn-4Cl_CH2CF2CF3,CCN(Cc1ccc(Cl)cc1)C(=O)Cn2c3c(cnc(n3)c4ccccc4)n(c2=O)C(F)C(F)(F)F,521.902,4.993,,4.384,73.020,0,4,7,-5.759,1,-6.370,3.000,
R3,emap3_Bn-4Cl_CH2CH2CH2CF2CF3,CCN(Cc1ccc(Cl)cc1)C(=O)Cn2c3c(cnc(n3)c4ccccc4)n(c2=O)CCC(F)C(F)(F)F,549.956,5.253,,4.644,73.020,0,4,9,-5.965,2,-6.502,2.400,
R3,emap3_Bn-4Cl_CH2CH2CF2CH3,CCN(Cc1ccc(Cl)cc1)C(=O)Cn2c3c(cnc(n3)c4ccccc4)n(c2=O)CC(F)C,481.959,4.320,,3.712,73.020,0,4,8,-5.022,0,-6.310,4.800,
R3,emap3_Bn-4Cl_OCH2CF2CF3,CCN(Cc1ccc(Cl)cc1)C(=O)Cn2c3c(cnc(n3)c4ccccc4)n(c2=O)COC(F)C(F)(F)F,551.928,4.794,,4.109,82.250,0,5,9,-5.688,2,-6.284,2.400,
R3,emap3_Bn-4Cl_OCH2CF2CH3,CCN(Cc1ccc(Cl)cc1)C(=O)Cn2c3c(cnc(n3)c4ccccc4)n(c2=O)COC(F)C,497.958,4.252,,3.566,82.250,0,5,9,-5.012,0,-6.280,4.800,
R3,emap3_Bn-4Cl_OCH2CH2CF2CF3,CCN(Cc1ccc(Cl)cc1)C(=O)Cn2c3c(cnc(n3)c4ccccc4)n(c2=O)COCC(F)C(F)(F)F,565.955,4.837,,4.151,82.250,0,5,10,-5.736,2,-6.217,2.400,
R3,emap3_Bn-4Cl_CH2CF2CH2F,CCN(Cc1ccc(Cl)cc1)C(=O)Cn2c3c(cnc(n3)c4ccccc4)n(c2=O)C(F)CF,485.922,4.400,,3.791,73.020,0,4,8,-5.097,0,-6.215,4.800,
R3,emap3_Bn-4Cl_CH2CH2CF2CH2F,CCN(Cc1ccc(Cl)cc1)C(=O)Cn2c3c(cnc(n3)c4ccccc4)n(c2=O)CC(F)CF,499.949,4.270,,3.661,73.020,0,4,9,-5.036,0,-6.183,4.800,
R3,emap3_Bn-4Cl_OCH2CF2CH2F,CCN(Cc1ccc(Cl)cc1)C(=O)Cn2c3c(cnc(n3)c4ccccc4)n(c2=O)COC(F)CF,515.948,4.201,,3.516,82.250,0,5,10,-5.026,1,-5.650,4.200,
R3,emap3_Bn-4Cl_CH2CH2CF2CH2CHF2,CCN(Cc1ccc(Cl)cc1)C(=O)Cn2c3c(cnc(n3)c4ccccc4)n(c2=O)CC(F)C(F)F,517.939,4.565,,3.957,73.020,0,4,9,-5.333,1,-6.385,3.600,
R3,emap3_Bn-4Cl_CH2CH2CF2CH2CF3,CCN(Cc1ccc(Cl)cc1)C(=O)Cn2c3c(cnc(n3)c4ccccc4)n(c2=O)CC(F)C(F)(F)F,535.929,4.863,,4.254,73.020,0,4,8,-5.698,1,-6.433,3.000,
R3,emap3_Bn-4Cl_OCH2CH2CF2CH2F,CCN(Cc1ccc(Cl)cc1)C(=O)Cn2c3c(cnc(n3)c4ccccc4)n(c2=O)COCC(F)CF,529.975,4.244,,3.558,82.250,0,5,11,-5.073,1,-5.745,4.200,
R3,emap3_Bn-4Cl_CH2CH2CF2CH2CH2F,CCN(Cc1ccc(Cl)cc1)C(=O)Cn2c3c(cnc(n3)c4ccccc4)n(c2=O)CC(F)CCF,513.976,4.660,,4.051,73.020,0,4,10,-5.302,1,-6.406,3.000,
R3,emap3_Bn-4Cl_CH2CF2CH2CH2F,CCN(Cc1ccc(Cl)cc1)C(=O)Cn2c3c(cnc(n3)c4ccccc4)n(c2=O)C(F)CCF,499.949,4.790,,4.181,73.020,0,4,9,-5.363,1,-6.407,3.600,
R3,emap3_Bn-4Cl_CH2CF2CH2CHF2,CCN(Cc1ccc(Cl)cc1)C(=O)Cn2c3c(cnc(n3)c4ccccc4)n(c2=O)C(F)C(F)F,503.912,4.695,,4.087,73.020,0,4,8,-5.394,1,-6.530,3.000,
R3,emap3_Bn-4Cl_CH2CF2CH2CF3,CCN(Cc1ccc(Cl)cc1)C(=O)Cn2c3c(cnc(n3)c4ccccc4)n(c2=O)C(F)C(F)(F)F,521.902,4.993,,4.384,73.020,0,4,7,-5.759,1,-6.429,3.000,
R3,emap3_Bn-4Cl_OCH2CF2CH2CH2F,CCN(Cc1ccc(Cl)cc1)C(=O)Cn2c3c(cnc(n3)c4ccccc4)n(c2=O)COC(F)CCF,529.975,4.591,,3.906,82.250,0,5,11,-5.292,1,-5.356,3.600,
R3,emap3_Bn-4Cl_OCH2CH2CF2CH2CH2F,CCN(Cc1ccc(Cl)cc1)C(=O)Cn2c3c(cnc(n3)c4ccccc4)n(c2=O)COCC(F)CCF,544.002,4.634,,3.948,82.250,0,5,12,-5.340,1,-6.062,3.600,
R3,emap3_Bn-4Cl_CH2CH2CF2CH2CH2CHF2,CCN(Cc1ccc(Cl)cc1)C(=O)Cn2c3c(cnc(n3)c4ccccc4)n(c2=O)CC(F)CC(F)F,531.966,4.955,,4.347,73.020,0,4,10,-5.600,1,-5.846,3.000,
R3,emap3_Bn-4Cl_CH2CH2CF2CH2CH2CF3,CCN(Cc1ccc(Cl)cc1)C(=O)Cn2c3c(cnc(n3)c4ccccc4)n(c2=O)CC(F)CC(F)(F)F,549.956,5.253,,4.644,73.020,0,4,9,-5.965,2,-6.634,2.400,
R3,emap3_Bn-3Cl_Me,CCN(Cc1cc(Cl)ccc1)C(=O)Cn2c3c(cnc(n3)c4ccccc4)n(c2=O)C,435.915,3.499,,2.891,73.020,0,4,6,-4.351,0,-5.000,5.400,
R3,emap3_Bn-3Cl_Et,CCN(Cc1cc(Cl)ccc1)C(=O)Cn2c3c(cnc(n3)c4ccccc4)n(c2=O)CC,449.942,3.982,,3.374,73.020,0,4,7,-4.676,0,-6.467,5.400,
R3,emap3_Bn-3Cl_nPr,CCN(Cc1cc(Cl)ccc1)C(=O)Cn2c3c(cnc(n3)c4ccccc4)n(c2=O)CCC,463.969,4.372,,3.764,73.020,0,4,8,-4.943,0,-6.283,4.800,
R3,emap3_Bn-3Cl_nBu,CCN(Cc1cc(Cl)ccc1)C(=O)Cn2c3c(cnc(n3)c4ccccc4)n(c2=O)CCCC,477.996,4.762,,4.154,73.020,0,4,9,-5.210,1,-6.348,3.600,
R3,emap3_Bn-3Cl_CH2F,CCN(Cc1cc(Cl)ccc1)C(=O)Cn2c3c(cnc(n3)c4ccccc4)n(c2=O)CF,453.905,3.889,,3.281,73.020,0,4,7,-4.642,0,-6.510,5.400,
R3,emap3_Bn-3Cl_CH2CH2F,CCN(Cc1cc(Cl)ccc1)C(=O)Cn2c3c(cnc(n3)c4ccccc4)n(c2=O)CCF,467.932,3.932,,3.323,73.020,0,4,8,-4.690,0,-6.162,5.400,
R3,emap3_Bn-3Cl_CH2CH2CH2F,CCN(Cc1cc(Cl)ccc1)C(=O)Cn2c3c(cnc(n3)c4ccccc4)n(c2=O)CCCF,481.959,4.322,,3.713,73.020,0,4,9,-4.957,0,-6.407,4.800,
R3,emap3_Bn-3Cl_CH2CHF2,CCN(Cc1cc(Cl)ccc1)C(=O)Cn2c3c(cnc(n3)c4ccccc4)n(c2=O)C(F)F,471.895,4.357,,3.749,73.020,0,4,7,-5.049,0,-5.009,4.800,
R3,emap3_Bn-3Cl_CH2CH2CHF2,CCN(Cc1cc(Cl)ccc1)C(=O)Cn2c3c(cnc(n3)c4ccccc4)n(c2=O)CC(F)F,485.922,4.227,,3.619,73.020,0,4,8,-4.988,0,-6.366,4.800,
R3,emap3_Bn-3Cl_CH2CH2CH2CHF2,CCN(Cc1cc(Cl)ccc1)C(=O)Cn2c3c(cnc(n3)c4ccccc4)n(c2=O)CCC(F)F,499.949,4.617,,4.009,73.020,0,4,9,-5.255,1,-6.347,3.600,
R3,emap3_Bn-3Cl_CH2CF3,CCN(Cc1cc(Cl)ccc1)C(=O)Cn2c3c(cnc(n3)c4ccccc4)n(c2=O)C(F)(F)F,489.885,4.438,,3.830,73.020,0,4,6,-5.277,0,-6.267,4.800,
R3,emap3_Bn-3Cl_CH2CH2CF3,CCN(Cc1cc(Cl)ccc1)C(=O)Cn2c3c(cnc(n3)c4ccccc4)n(c2=O)CC(F)(F)F,503.912,4.524,,3.916,73.020,0,4,7,-5.353,1,-6.146,3.600,
R3,emap3_Bn-3Cl_CH2CH2CH2CF3,CCN(Cc1cc(Cl)ccc1)C(=O)Cn2c3c(cnc(n3)c4ccccc4)n(c2=O)CCC(F)(F)F,517.939,4.915,,4.306,73.020,0,4,8,-5.619,1,-6.601,3.000,
R3,emap3_Bn-3Cl_OCH2F,CCN(Cc1cc(Cl)ccc1)C(=O)Cn2c3c(cnc(n3)c4ccccc4)n(c2=O)COF,469.904,3.821,,3.135,82.250,0,5,8,-4.632,0,-6.451,5.400,
R3,emap3_Bn-3Cl_OCH2CHF2,CCN(Cc1cc(Cl)ccc1)C(=O)Cn2c3c(cnc(n3)c4ccccc4)n(c2=O)COC(F)F,501.921,4.159,,3.473,82.250,0,5,9,-4.978,1,-6.404,4.200,
R3,emap3_Bn-3Cl_OCH2CF3,CCN(Cc1cc(Cl)ccc1)C(=O)Cn2c3c(cnc(n3)c4ccccc4)n(c2=O)COC(F)(F)F,519.911,4.456,,3.771,82.250,0,5,8,-5.343,1,-6.682,4.200,
R3,emap3_Bn-3Cl_OCH2CH2F,CCN(Cc1cc(Cl)ccc1)C(=O)Cn2c3c(cnc(n3)c4ccccc4)n(c2=O)COCF,483.931,3.863,,3.178,82.250,0,5,9,-4.680,0,-6.148,5.400,
R3,emap3_Bn-3Cl_OCH2CH2CF3,CCN(Cc1cc(Cl)ccc1)C(=O)Cn2c3c(cnc(n3)c4ccccc4)n(c2=O)COCC(F)(F)F,533.938,4.499,,3.813,82.250,0,5,9,-5.390,1,-6.301,4.200,
R3,emap3_Bn-3Cl_OCH2CH2CHF2,CCN(Cc1cc(Cl)ccc1)C(=O)Cn2c3c(cnc(n3)c4ccccc4)n(c2=O)COCC(F)F,515.948,4.201,,3.516,82.250,0,5,10,-5.026,1,-6.372,4.200,
R3,emap3_Bn-3Cl_OCH2CH2CH2F,CCN(Cc1cc(Cl)ccc1)C(=O)Cn2c3c(cnc(n3)c4ccccc4)n(c2=O)COCCF,497.958,3.906,,3.220,82.250,0,5,10,-4.728,0,-6.018,5.400,
R3,emap3_Bn-3Cl_OCH2CH2CH2CF3,CCN(Cc1cc(Cl)ccc1)C(=O)Cn2c3c(cnc(n3)c4ccccc4)n(c2=O)COCCC(F)(F)F,547.965,4.889,,4.203,82.250,0,5,10,-5.657,1,-6.373,3.000,
R3,emap3_Bn-3Cl_CH2SiMe3,CCN(Cc1cc(Cl)ccc1)C(=O)Cn2c3c(cnc(n3)c4ccccc4)n(c2=O)C[Si](C)(C)C,508.098,4.840,,4.231,73.020,0,4,8,-5.511,1,-6.215,3.000,
R3,emap3_Bn-3Cl_CH2CH2SiMe3,CCN(Cc1cc(Cl)ccc1)C(=O)Cn2c3c(cnc(n3)c4ccccc4)n(c2=O)CC[Si](C)(C)C,522.125,5.300,,4.692,73.020,0,4,9,-5.822,2,-6.317,2.400,
R3,emap3_Bn-3Cl_OSiMe3,CCN(Cc1cc(Cl)ccc1)C(=O)Cn2c3c(cnc(n3)c4ccccc4)n(c2=O)O[Si](C)(C)C,510.070,4.226,,3.540,82.250,0,5,8,-5.137,1,-6.115,4.200,
R3,emap3_Bn-3Cl_CH2SiEt3,CCN(Cc1cc(Cl)ccc1)C(=O)Cn2c3c(cnc(n3)c4ccccc4)n(c2=O)C[Si](CC)(CC)CC,550.179,6.010,,5.401,73.020,0,4,11,-6.311,2,-6.480,1.800,
R3,emap3_Bn-3Cl_tBu,CCN(Cc1cc(Cl)ccc1)C(=O)Cn2c3c(cnc(n3)c4ccccc4)n(c2=O)C(C)(C)C,477.996,4.717,,4.109,73.020,0,4,6,-5.379,1,-6.305,3.600,
R3,emap3_Bn-3Cl_BnCH2,CCN(Cc1cc(Cl)ccc1)C(=O)Cn2c3c(cnc(n3)c4ccccc4)n(c2=O)Cc1ccccc1C,526.040,5.319,,4.710,73.020,0,4,8,-5.924,2,-6.999,2.400,
R3,emap3_Bn-3Cl_PhCH2F,CCN(Cc1cc(Cl)ccc1)C(=O)Cn2c3c(cnc(n3)c4ccccc4)n(c2=O)c1ccccc1CF,530.003,5.421,,4.812,73.020,0,4,8,-6.013,2,-6.455,2.400,
R3,emap3_Bn-3Cl_OCH2CF2H,CCN(Cc1cc(Cl)ccc1)C(=O)Cn2c3c(cnc(n3)c4ccccc4)n(c2=O)COC(F)F,501.921,4.159,,3.473,82.250,0,5,9,-4.978,1,-6.368,4.200,
R3,emap3_Bn-3Cl_OCH2CH2CF2H,CCN(Cc1cc(Cl)ccc1)C(=O)Cn2c3c(cnc(n3)c4ccccc4)n(c2=O)COCC(F)F,515.948,4.201,,3.516,82.250,0,5,10,-5.026,1,-6.331,4.200,
R3,emap3_Bn-3Cl_CH2CF2H,CCN(Cc1cc(Cl)ccc1)C(=O)Cn2c3c(cnc(n3)c4ccccc4)n(c2=O)C(F)F,471.895,4.357,,3.749,73.020,0,4,7,-5.049,0,-5.005,4.800,
R3,emap3_Bn-3Cl_CH2CH2CF2H,CCN(Cc1cc(Cl)ccc1)C(=O)Cn2c3c(cnc(n3)c4ccccc4)n(c2=O)CC(F)F,485.922,4.227,,3.619,73.020,0,4,8,-4.988,0,-6.379,4.800,
R3,emap3_Bn-3Cl_OCH2CH2CH2CHF2,CCN(Cc1cc(Cl)ccc1)C(=O)Cn2c3c(cnc(n3)c4ccccc4)n(c2=O)COCCC(F)F,529.975,4.591,,3.906,82.250,0,5,11,-5.292,1,-6.301,3.600,
R3,emap3_Bn-3Cl_CH2CH2CF2CF3,CCN(Cc1cc(Cl)ccc1)C(=O)Cn2c3c(cnc(n3)c4ccccc4)n(c2=O)CC(F)C(F)(F)F,535.929,4.863,,4.254,73.020,0,4,8,-5.698,1,-6.675,3.000,
R3,emap3_Bn-3Cl_CH2CF2CF3,CCN(Cc1cc(Cl)ccc1)C(=O)Cn2c3c(cnc(n3)c4ccccc4)n(c2=O)C(F)C(F)(F)F,521.902,4.993,,4.384,73.020,0,4,7,-5.759,1,-6.627,3.000,
R3,emap3_Bn-3Cl_CH2CH2CH2CF2CF3,CCN(Cc1cc(Cl)ccc1)C(=O)Cn2c3c(cnc(n3)c4ccccc4)n(c2=O)CCC(F)C(F)(F)F,549.956,5.253,,4.644,73.020,0,4,9,-5.965,2,-7.080,2.400,
R3,emap3_Bn-3Cl_CH2CH2CF2CH3,CCN(Cc1cc(Cl)ccc1)C(=O)Cn2c3c(cnc(n3)c4ccccc4)n(c2=O)CC(F)C,481.959,4.320,,3.712,73.020,0,4,8,-5.022,0,-6.375,4.800,
R3,emap3_Bn-3Cl_OCH2CF2CF3,CCN(Cc1cc(Cl)ccc1)C(=O)Cn2c3c(cnc(n3)c4ccccc4)n(c2=O)COC(F)C(F)(F)F,551.928,4.794,,4.109,82.250,0,5,9,-5.688,2,-6.593,2.400,
R3,emap3_Bn-3Cl_OCH2CF2CH3,CCN(Cc1cc(Cl)ccc1)C(=O)Cn2c3c(cnc(n3)c4ccccc4)n(c2=O)COC(F)C,497.958,4.252,,3.566,82.250,0,5,9,-5.012,0,-6.246,4.800,
R3,emap3_Bn-3Cl_OCH2CH2CF2CF3,CCN(Cc1cc(Cl)ccc1)C(=O)Cn2c3c(cnc(n3)c4ccccc4)n(c2=O)COCC(F)C(F)(F)F,565.955,4.837,,4.151,82.250,0,5,10,-5.736,2,-5.844,2.400,
R3,emap3_Bn-3Cl_CH2CF2CH2F,CCN(Cc1cc(Cl)ccc1)C(=O)Cn2c3c(cnc(n3)c4ccccc4)n(c2=O)C(F)CF,485.922,4.400,,3.791,73.020,0,4,8,-5.097,0,-6.266,4.800,
R3,emap3_Bn-3Cl_CH2CH2CF2CH2F,CCN(Cc1cc(Cl)ccc1)C(=O)Cn2c3c(cnc(n3)c4ccccc4)n(c2=O)CC(F)CF,499.949,4.270,,3.661,73.020,0,4,9,-5.036,0,-6.250,4.800,
R3,emap3_Bn-3Cl_OCH2CF2CH2F,CCN(Cc1cc(Cl)ccc1)C(=O)Cn2c3c(cnc(n3)c4ccccc4)n(c2=O)COC(F)CF,515.948,4.201,,3.516,82.250,0,5,10,-5.026,1,-6.471,4.200,
R3,emap3_Bn-3Cl_CH2CH2CF2CH2CHF2,CCN(Cc1cc(Cl)ccc1)C(=O)Cn2c3c(cnc(n3)c4ccccc4)n(c2=O)CC(F)C(F)F,517.939,4.565,,3.957,73.020,0,4,9,-5.333,1,-5.835,3.600,
R3,emap3_Bn-3Cl_CH2CH2CF2CH2CF3,CCN(Cc1cc(Cl)ccc1)C(=O)Cn2c3c(cnc(n3)c4ccccc4)n(c2=O)CC(F)C(F)(F)F,535.929,4.863,,4.254,73.020,0,4,8,-5.698,1,-6.585,3.000,
R3,emap3_Bn-3Cl_OCH2CH2CF2CH2F,CCN(Cc1cc(Cl)ccc1)C(=O)Cn2c3c(cnc(n3)c4ccccc4)n(c2=O)COCC(F)CF,529.975,4.244,,3.558,82.250,0,5,11,-5.073,1,-5.558,4.200,
R3,emap3_Bn-3Cl_CH2CH2CF2CH2CH2F,CCN(Cc1cc(Cl)ccc1)C(=O)Cn2c3c(cnc(n3)c4ccccc4)n(c2=O)CC(F)CCF,513.976,4.660,,4.051,73.020,0,4,10,-5.302,1,-6.326,3.000,
R3,emap3_Bn-3Cl_CH2CF2CH2CH2F,CCN(Cc1cc(Cl)ccc1)C(=O)Cn2c3c(cnc(n3)c4ccccc4)n(c2=O)C(F)CCF,499.949,4.790,,4.181,73.020,0,4,9,-5.363,1,-6.061,3.600,
R3,emap3_Bn-3Cl_CH2CF2CH2CHF2,CCN(Cc1cc(Cl)ccc1)C(=O)Cn2c3c(cnc(n3)c4ccccc4)n(c2=O)C(F)C(F)F,503.912,4.695,,4.087,73.020,0,4,8,-5.394,1,-6.299,3.000,
R3,emap3_Bn-3Cl_CH2CF2CH2CF3,CCN(Cc1cc(Cl)ccc1)C(=O)Cn2c3c(cnc(n3)c4ccccc4)n(c2=O)C(F)C(F)(F)F,521.902,4.993,,4.384,73.020,0,4,7,-5.759,1,-6.336,3.000,
R3,emap3_Bn-3Cl_OCH2CF2CH2CH2F,CCN(Cc1cc(Cl)ccc1)C(=O)Cn2c3c(cnc(n3)c4ccccc4)n(c2=O)COC(F)CCF,529.975,4.591,,3.906,82.250,0,5,11,-5.292,1,-6.407,3.600,
R3,emap3_Bn-3Cl_OCH2CH2CF2CH2CH2F,CCN(Cc1cc(Cl)ccc1)C(=O)Cn2c3c(cnc(n3)c4ccccc4)n(c2=O)COCC(F)CCF,544.002,4.634,,3.948,82.250,0,5,12,-5.340,1,-6.554,3.600,
R3,emap3_Bn-3Cl_CH2CH2CF2CH2CH2CHF2,CCN(Cc1cc(Cl)ccc1)C(=O)Cn2c3c(cnc(n3)c4ccccc4)n(c2=O)CC(F)CC(F)F,531.966,4.955,,4.347,73.020,0,4,10,-5.600,1,-6.440,3.000,
R3,emap3_Bn-3Cl_CH2CH2CF2CH2CH2CF3,CCN(Cc1cc(Cl)ccc1)C(=O)Cn2c3c(cnc(n3)c4ccccc4)n(c2=O)CC(F)CC(F)(F)F,549.956,5.253,,4.644,73.020,0,4,9,-5.965,2,-6.470,2.400,
R3,emap3_Bn-4Br_Me,CCN(Cc1ccc(Br)cc1)C(=O)Cn2c3c(cnc(n3)c4ccccc4)n(c2=O)C,480.366,3.608,,3.000,73.020,0,4,6,-4.695,0,-5.487,5.400,
R3,emap3_Bn-4Br_Et,CCN(Cc1ccc(Br)cc1)C(=O)Cn2c3c(cnc(n3)c4ccccc4)n(c2=O)CC,494.393,4.091,,3.483,73.020,0,4,7,-5.021,0,-6.254,4.800,
R3,emap3_Bn-4Br_nPr,CCN(Cc1ccc(Br)cc1)C(=O)Cn2c3c(cnc(n3)c4ccccc4)n(c2=O)CCC,508.420,4.481,,3.873,73.020,0,4,8,-5.287,1,-6.199,4.200,
R3,emap3_Bn-4Br_nBu,CCN(Cc1ccc(Br)cc1)C(=O)Cn2c3c(cnc(n3)c4ccccc4)n(c2=O)CCCC,522.447,4.871,,4.263,73.020,0,4,9,-5.554,1,-6.118,3.000,
R3,emap3_Bn-4Br_CH2F,CCN(Cc1ccc(Br)cc1)C(=O)Cn2c3c(cnc(n3)c4ccccc4)n(c2=O)CF,498.356,3.998,,3.390,73.020,0,4,7,-4.987,0,-6.206,5.400,
R3,emap3_Bn-4Br_CH2CH2F,CCN(Cc1ccc(Br)cc1)C(=O)Cn2c3c(cnc(n3)c4ccccc4)n(c2=O)CCF,512.383,4.041,,3.432,73.020,0,4,8,-5.034,1,-6.139,4.200,
R3,emap3_Bn-4Br_CH2CH2CH2F,CCN(Cc1ccc(Br)cc1)C(=O)Cn2c3c(cnc(n3)c4ccccc4)n(c2=O)CCCF,526.410,4.431,,3.822,73.020,0,4,9,-5.301,1,-6.169,4.200,
R3,emap3_Bn-4Br_CH2CHF2,CCN(Cc1ccc(Br)cc1)C(=O)Cn2c3c(cnc(n3)c4ccccc4)n(c2=O)C(F)F,516.346,4.466,,3.858,73.020,0,4,7,-5.393,1,-6.275,4.200,
R3,emap3_Bn-4Br_CH2CH2CHF2,CCN(Cc1ccc(Br)cc1)C(=O)Cn2c3c(cnc(n3)c4ccccc4)n(c2=O)CC(F)F,530.373,4.336,,3.728,73.020,0,4,8,-5.332,1,-6.303,4.200,
R3,emap3_Bn-4Br_CH2CH2CH2CHF2,CCN(Cc1ccc(Br)cc1)C(=O)Cn2c3c(cnc(n3)c4ccccc4)n(c2=O)CCC(F)F,544.400,4.726,,4.118,73.020,0,4,9,-5.599,1,-6.425,3.000,
R3,emap3_Bn-4Br_CH2CF3,CCN(Cc1ccc(Br)cc1)C(=O)Cn2c3c(cnc(n3)c4ccccc4)n(c2=O)C(F)(F)F,534.336,4.548,,3.939,73.020,0,4,6,-5.622,1,-6.210,3.600,
R3,emap3_Bn-4Br_CH2CH2CF3,CCN(Cc1ccc(Br)cc1)C(=O)Cn2c3c(cnc(n3)c4ccccc4)n(c2=O)CC(F)(F)F,548.363,4.634,,4.025,73.020,0,4,7,-5.697,1,-6.336,3.000,
R3,emap3_Bn-4Br_CH2CH2CH2CF3,CCN(Cc1ccc(Br)cc1)C(=O)Cn2c3c(cnc(n3)c4ccccc4)n(c2=O)CCC(F)(F)F,562.390,5.024,,4.415,73.020,0,4,8,-5.964,2,-6.443,2.400,
R3,emap3_Bn-4Br_OCH2F,CCN(Cc1ccc(Br)cc1)C(=O)Cn2c3c(cnc(n3)c4ccccc4)n(c2=O)COF,514.355,3.930,,3.244,82.250,0,5,8,-4.977,1,-6.243,4.800,
R3,emap3_Bn-4Br_OCH2CHF2,CCN(Cc1ccc(Br)cc1)C(=O)Cn2c3c(cnc(n3)c4ccccc4)n(c2=O)COC(F)F,546.372,4.268,,3.582,82.250,0,5,9,-5.322,1,-6.356,4.200,
R3,emap3_Bn-4Br_OCH2CF3,CCN(Cc1ccc(Br)cc1)C(=O)Cn2c3c(cnc(n3)c4ccccc4)n(c2=O)COC(F)(F)F,564.362,4.565,,3.880,82.250,0,5,8,-5.687,2,-6.377,3.000,
R3,emap3_Bn-4Br_OCH2CH2F,CCN(Cc1ccc(Br)cc1)C(=O)Cn2c3c(cnc(n3)c4ccccc4)n(c2=O)COCF,528.382,3.972,,3.287,82.250,0,5,9,-5.025,1,-6.189,4.800,
R3,emap3_Bn-4Br_OCH2CH2CF3,CCN(Cc1ccc(Br)cc1)C(=O)Cn2c3c(cnc(n3)c4ccccc4)n(c2=O)COCC(F)(F)F,578.389,4.608,,3.922,82.250,0,5,9,-5.735,2,-5.650,3.000,
R3,emap3_Bn-4Br_OCH2CH2CHF2,CCN(Cc1ccc(Br)cc1)C(=O)Cn2c3c(cnc(n3)c4ccccc4)n(c2=O)COCC(F)F,560.399,4.310,,3.625,82.250,0,5,10,-5.370,2,-5.358,3.600,
R3,emap3_Bn-4Br_OCH2CH2CH2F,CCN(Cc1ccc(Br)cc1)C(=O)Cn2c3c(cnc(n3)c4ccccc4)n(c2=O)COCCF,542.409,4.015,,3.329,82.250,0,5,10,-5.072,1,-6.139,4.200,
R3,emap3_Bn-4Br_OCH2CH2CH2CF3,CCN(Cc1ccc(Br)cc1)C(=O)Cn2c3c(cnc(n3)c4ccccc4)n(c2=O)COCCC(F)(F)F,592.416,4.998,,4.312,82.250,0,5,10,-6.002,2,-5.198,2.400,
R3,emap3_Bn-4Br_CH2SiMe3,CCN(Cc1ccc(Br)cc1)C(=O)Cn2c3c(cnc(n3)c4ccccc4)n(c2=O)C[Si](C)(C)C,552.549,4.949,,4.340,73.020,0,4,8,-5.855,2,-6.283,2.400,
R3,emap3_Bn-4Br_CH2CH2SiMe3,CCN(Cc1ccc(Br)cc1)C(=O)Cn2c3c(cnc(n3)c4ccccc4)n(c2=O)CC[Si](C)(C)C,566.576,5.409,,4.801,73.020,0,4,9,-6.167,2,-5.609,1.800,
R3,emap3_Bn-4Br_OSiMe3,CCN(Cc1ccc(Br)cc1)C(=O)Cn2c3c(cnc(n3)c4ccccc4)n(c2=O)O[Si](C)(C)C,554.521,4.335,,3.649,82.250,0,5,8,-5.481,2,-6.224,3.600,
R3,emap3_Bn-4Br_CH2SiEt3,CCN(Cc1ccc(Br)cc1)C(=O)Cn2c3c(cnc(n3)c4ccccc4)n(c2=O)C[Si](CC)(CC)CC,594.630,6.119,,5.510,73.020,0,4,11,-6.656,2,-6.074,1.800,
R3,emap3_Bn-4Br_tBu,CCN(Cc1ccc(Br)cc1)C(=O)Cn2c3c(cnc(n3)c4ccccc4)n(c2=O)C(C)(C)C,522.447,4.826,,4.218,73.020,0,4,6,-5.724,1,-6.199,3.000,
R3,emap3_Bn-4Br_BnCH2,CCN(Cc1ccc(Br)cc1)C(=O)Cn2c3c(cnc(n3)c4ccccc4)n(c2=O)Cc1ccccc1C,570.491,5.428,,4.819,73.020,0,4,8,-6.269,2,-6.927,1.800,
R3,emap3_Bn-4Br_PhCH2F,CCN(Cc1ccc(Br)cc1)C(=O)Cn2c3c(cnc(n3)c4ccccc4)n(c2=O)c1ccccc1CF,574.454,5.530,,4.921,73.020,0,4,8,-6.357,2,-5.685,1.800,
R3,emap3_Bn-4Br_OCH2CF2H,CCN(Cc1ccc(Br)cc1)C(=O)Cn2c3c(cnc(n3)c4ccccc4)n(c2=O)COC(F)F,546.372,4.268,,3.582,82.250,0,5,9,-5.322,1,-6.389,4.200,
R3,emap3_Bn-4Br_OCH2CH2CF2H,CCN(Cc1ccc(Br)cc1)C(=O)Cn2c3c(cnc(n3)c4ccccc4)n(c2=O)COCC(F)F,560.399,4.310,,3.625,82.250,0,5,10,-5.370,2,-5.650,3.600,
R3,emap3_Bn-4Br_CH2CF2H,CCN(Cc1ccc(Br)cc1)C(=O)Cn2c3c(cnc(n3)c4ccccc4)n(c2=O)C(F)F,516.346,4.466,,3.858,73.020,0,4,7,-5.393,1,-6.271,4.200,
R3,emap3_Bn-4Br_CH2CH2CF2H,CCN(Cc1ccc(Br)cc1)C(=O)Cn2c3c(cnc(n3)c4ccccc4)n(c2=O)CC(F)F,530.373,4.336,,3.728,73.020,0,4,8,-5.332,1,-6.220,4.200,
R3,emap3_Bn-4Br_OCH2CH2CH2CHF2,CCN(Cc1ccc(Br)cc1)C(=O)Cn2c3c(cnc(n3)c4ccccc4)n(c2=O)COCCC(F)F,574.426,4.701,,4.015,82.250,0,5,11,-5.637,2,-6.171,2.400,
R3,emap3_Bn-4Br_CH2CH2CF2CF3,CCN(Cc1ccc(Br)cc1)C(=O)Cn2c3c(cnc(n3)c4ccccc4)n(c2=O)CC(F)C(F)(F)F,580.380,4.972,,4.363,73.020,0,4,8,-6.042,2,-6.450,2.400,
R3,emap3_Bn-4Br_CH2CF2CF3,CCN(Cc1ccc(Br)cc1)C(=O)Cn2c3c(cnc(n3)c4ccccc4)n(c2=O)C(F)C(F)(F)F,566.353,5.102,,4.493,73.020,0,4,7,-6.103,2,-6.125,2.400,
R3,emap3_Bn-4Br_CH2CH2CH2CF2CF3,CCN(Cc1ccc(Br)cc1)C(=O)Cn2c3c(cnc(n3)c4ccccc4)n(c2=O)CCC(F)C(F)(F)F,594.407,5.362,,4.753,73.020,0,4,9,-6.309,2,-6.648,1.800,
R3,emap3_Bn-4Br_CH2CH2CF2CH3,CCN(Cc1ccc(Br)cc1)C(=O)Cn2c3c(cnc(n3)c4ccccc4)n(c2=O)CC(F)C,526.410,4.429,,3.821,73.020,0,4,8,-5.366,1,-6.309,4.200,
R3,emap3_Bn-4Br_OCH2CF2CF3,CCN(Cc1ccc(Br)cc1)C(=O)Cn2c3c(cnc(n3)c4ccccc4)n(c2=O)COC(F)C(F)(F)F,596.379,4.903,,4.218,82.250,0,5,9,-6.033,2,-6.373,2.400,
R3,emap3_Bn-4Br_OCH2CF2CH3,CCN(Cc1ccc(Br)cc1)C(=O)Cn2c3c(cnc(n3)c4ccccc4)n(c2=O)COC(F)C,542.409,4.361,,3.675,82.250,0,5,9,-5.356,1,-6.291,4.200,
R3,emap3_Bn-4Br_OCH2CH2CF2CF3,CCN(Cc1ccc(Br)cc1)C(=O)Cn2c3c(cnc(n3)c4ccccc4)n(c2=O)COCC(F)C(F)(F)F,610.406,4.946,,4.260,82.250,0,5,10,-6.080,2,-6.036,2.400,
R3,emap3_Bn-4Br_CH2CF2CH2F,CCN(Cc1ccc(Br)cc1)C(=O)Cn2c3c(cnc(n3)c4ccccc4)n(c2=O)C(F)CF,530.373,4.509,,3.900,73.020,0,4,8,-5.441,1,-6.207,3.600,
R3,emap3_Bn-4Br_CH2CH2CF2CH2F,CCN(Cc1ccc(Br)cc1)C(=O)Cn2c3c(cnc(n3)c4ccccc4)n(c2=O)CC(F)CF,544.400,4.379,,3.770,73.020,0,4,9,-5.380,1,-6.143,4.200,
R3,emap3_Bn-4Br_OCH2CF2CH2F,CCN(Cc1ccc(Br)cc1)C(=O)Cn2c3c(cnc(n3)c4ccccc4)n(c2=O)COC(F)CF,560.399,4.310,,3.625,82.250,0,5,10,-5.370,2,-5.416,3.600,
R3,emap3_Bn-4Br_CH2CH2CF2CH2CHF2,CCN(Cc1ccc(Br)cc1)C(=O)Cn2c3c(cnc(n3)c4ccccc4)n(c2=O)CC(F)C(F)F,562.390,4.674,,4.066,73.020,0,4,9,-5.678,2,-6.324,2.400,
R3,emap3_Bn-4Br_CH2CH2CF2CH2CF3,CCN(Cc1ccc(Br)cc1)C(=O)Cn2c3c(cnc(n3)c4ccccc4)n(c2=O)CC(F)C(F)(F)F,580.380,4.972,,4.363,73.020,0,4,8,-6.042,2,-6.437,2.400,
R3,emap3_Bn-4Br_OCH2CH2CF2CH2F,CCN(Cc1ccc(Br)cc1)C(=O)Cn2c3c(cnc(n3)c4ccccc4)n(c2=O)COCC(F)CF,574.426,4.353,,3.667,82.250,0,5,11,-5.418,2,-5.737,3.600,
R3,emap3_Bn-4Br_CH2CH2CF2CH2CH2F,CCN(Cc1ccc(Br)cc1)C(=O)Cn2c3c(cnc(n3)c4ccccc4)n(c2=O)CC(F)CCF,558.427,4.769,,4.160,73.020,0,4,10,-5.647,2,-5.638,2.400,
R3,emap3_Bn-4Br_CH2CF2CH2CH2F,CCN(Cc1ccc(Br)cc1)C(=O)Cn2c3c(cnc(n3)c4ccccc4)n(c2=O)C(F)CCF,544.400,4.899,,4.290,73.020,0,4,9,-5.708,1,-6.127,3.000,
R3,emap3_Bn-4Br_CH2CF2CH2CHF2,CCN(Cc1ccc(Br)cc1)C(=O)Cn2c3c(cnc(n3)c4ccccc4)n(c2=O)C(F)C(F)F,548.363,4.804,,4.196,73.020,0,4,8,-5.739,1,-6.554,3.000,
R3,emap3_Bn-4Br_CH2CF2CH2CF3,CCN(Cc1ccc(Br)cc1)C(=O)Cn2c3c(cnc(n3)c4ccccc4)n(c2=O)C(F)C(F)(F)F,566.353,5.102,,4.493,73.020,0,4,7,-6.103,2,-6.115,2.400,
R3,emap3_Bn-4Br_OCH2CF2CH2CH2F,CCN(Cc1ccc(Br)cc1)C(=O)Cn2c3c(cnc(n3)c4ccccc4)n(c2=O)COC(F)CCF,574.426,4.701,,4.015,82.250,0,5,11,-5.637,2,-5.629,2.400,
R3,emap3_Bn-4Br_OCH2CH2CF2CH2CH2F,CCN(Cc1ccc(Br)cc1)C(=O)Cn2c3c(cnc(n3)c4ccccc4)n(c2=O)COCC(F)CCF,588.453,4.743,,4.058,82.250,0,5,12,-5.684,2,-6.298,2.400,
R3,emap3_Bn-4Br_CH2CH2CF2CH2CH2CHF2,CCN(Cc1ccc(Br)cc1)C(=O)Cn2c3c(cnc(n3)c4ccccc4)n(c2=O)CC(F)CC(F)F,576.417,5.065,,4.456,73.020,0,4,10,-5.944,2,-5.802,2.400,
R3,emap3_Bn-4Br_CH2CH2CF2CH2CH2CF3,CCN(Cc1ccc(Br)cc1)C(=O)Cn2c3c(cnc(n3)c4ccccc4)n(c2=O)CC(F)CC(F)(F)F,594.407,5.362,,4.753,73.020,0,4,9,-6.309,2,-6.551,1.800,
R3,emap3_Bn-4OMe_Me,CCN(Cc1ccc(OC)cc1)C(=O)Cn2c3c(cnc(n3)c4ccccc4)n(c2=O)C,431.496,2.854,,2.169,82.250,0,5,7,-3.851,0,-5.989,5.400,
R3,emap3_Bn-4OMe_Et,CCN(Cc1ccc(OC)cc1)C(=O)Cn2c3c(cnc(n3)c4ccccc4)n(c2=O)CC,445.523,3.337,,2.652,82.250,0,5,8,-4.177,0,-6.114,5.400,
R3,emap3_Bn-4OMe_nPr,CCN(Cc1ccc(OC)cc1)C(=O)Cn2c3c(cnc(n3)c4ccccc4)n(c2=O)CCC,459.550,3.727,,3.042,82.250,0,5,9,-4.443,0,-5.933,5.400,
R3,emap3_Bn-4OMe_nBu,CCN(Cc1ccc(OC)cc1)C(=O)Cn2c3c(cnc(n3)c4ccccc4)n(c2=O)CCCC,473.577,4.117,,3.432,82.250,0,5,10,-4.710,0,-6.152,4.800,
R3,emap3_Bn-4OMe_CH2F,CCN(Cc1ccc(OC)cc1)C(=O)Cn2c3c(cnc(n3)c4ccccc4)n(c2=O)CF,449.486,3.244,,2.559,82.250,0,5,8,-4.143,0,-6.140,5.400,
R3,emap3_Bn-4OMe_CH2CH2F,CCN(Cc1ccc(OC)cc1)C(=O)Cn2c3c(cnc(n3)c4ccccc4)n(c2=O)CCF,463.513,3.287,,2.601,82.250,0,5,9,-4.190,0,-5.817,5.400,
R3,emap3_Bn-4OMe_CH2CH2CH2F,CCN(Cc1ccc(OC)cc1)C(=O)Cn2c3c(cnc(n3)c4ccccc4)n(c2=O)CCCF,477.540,3.677,,2.991,82.250,0,5,10,-4.457,0,-6.065,5.400,
R3,emap3_Bn-4OMe_CH2CHF2,CCN(Cc1ccc(OC)cc1)C(=O)Cn2c3c(cnc(n3)c4ccccc4)n(c2=O)C(F)F,467.476,3.712,,3.027,82.250,0,5,8,-4.549,0,-5.197,5.400,
R3,emap3_Bn-4OMe_CH2CH2CHF2,CCN(Cc1ccc(OC)cc1)C(=O)Cn2c3c(cnc(n3)c4ccccc4)n(c2=O)CC(F)F,481.503,3.582,,2.897,82.250,0,5,9,-4.488,0,-6.300,5.400,
R3,emap3_Bn-4OMe_CH2CH2CH2CHF2,CCN(Cc1ccc(OC)cc1)C(=O)Cn2c3c(cnc(n3)c4ccccc4)n(c2=O)CCC(F)F,495.530,3.973,,3.287,82.250,0,5,10,-4.755,0,-5.778,5.400,
R3,emap3_Bn-4OMe_CH2CF3,CCN(Cc1ccc(OC)cc1)C(=O)Cn2c3c(cnc(n3)c4ccccc4)n(c2=O)C(F)(F)F,485.466,3.794,,3.108,82.250,0,5,7,-4.778,0,-5.652,5.400,
R3,emap3_Bn-4OMe_CH2CH2CF3,CCN(Cc1ccc(OC)cc1)C(=O)Cn2c3c(cnc(n3)c4ccccc4)n(c2=O)CC(F)(F)F,499.493,3.880,,3.194,82.250,0,5,8,-4.853,0,-5.672,5.400,
R3,emap3_Bn-4OMe_CH2CH2CH2CF3,CCN(Cc1ccc(OC)cc1)C(=O)Cn2c3c(cnc(n3)c4ccccc4)n(c2=O)CCC(F)(F)F,513.520,4.270,,3.584,82.250,0,5,9,-5.120,1,-5.900,4.200,
R3,emap3_Bn-4OMe_OCH2F,CCN(Cc1ccc(OC)cc1)C(=O)Cn2c3c(cnc(n3)c4ccccc4)n(c2=O)COF,465.485,3.176,,2.414,91.480,0,6,9,-4.133,1,-5.845,4.800,
R3,emap3_Bn-4OMe_OCH2CHF2,CCN(Cc1ccc(OC)cc1)C(=O)Cn2c3c(cnc(n3)c4ccccc4)n(c2=O)COC(F)F,497.502,3.514,,2.752,91.480,0,6,10,-4.478,1,-5.820,4.800,
R3,emap3_Bn-4OMe_OCH2CF3,CCN(Cc1ccc(OC)cc1)C(=O)Cn2c3c(cnc(n3)c4ccccc4)n(c2=O)COC(F)(F)F,515.492,3.811,,3.049,91.480,0,6,9,-4.843,2,-6.298,4.200,
R3,emap3_Bn-4OMe_OCH2CH2F,CCN(Cc1ccc(OC)cc1)C(=O)Cn2c3c(cnc(n3)c4ccccc4)n(c2=O)COCF,479.512,3.218,,2.456,91.480,0,6,10,-4.181,1,-6.031,4.800,
R3,emap3_Bn-4OMe_OCH2CH2CF3,CCN(Cc1ccc(OC)cc1)C(=O)Cn2c3c(cnc(n3)c4ccccc4)n(c2=O)COCC(F)(F)F,529.519,3.854,,3.091,91.480,0,6,10,-4.891,2,-6.272,4.200,
R3,emap3_Bn-4OMe_OCH2CH2CHF2,CCN(Cc1ccc(OC)cc1)C(=O)Cn2c3c(cnc(n3)c4ccccc4)n(c2=O)COCC(F)F,511.529,3.557,,2.794,91.480,0,6,11,-4.526,2,-5.799,4.200,
R3,emap3_Bn-4OMe_OCH2CH2CH2F,CCN(Cc1ccc(OC)cc1)C(=O)Cn2c3c(cnc(n3)c4ccccc4)n(c2=O)COCCF,493.539,3.261,,2.499,91.480,0,6,11,-4.228,1,-5.348,4.800,
R3,emap3_Bn-4OMe_OCH2CH2CH2CF3,CCN(Cc1ccc(OC)cc1)C(=O)Cn2c3c(cnc(n3)c4ccccc4)n(c2=O)COCCC(F)(F)F,543.546,4.244,,3.481,91.480,0,6,11,-5.158,2,-5.044,3.600,
R3,emap3_Bn-4OMe_CH2SiMe3,CCN(Cc1ccc(OC)cc1)C(=O)Cn2c3c(cnc(n3)c4ccccc4)n(c2=O)C[Si](C)(C)C,503.679,4.195,,3.509,82.250,0,5,9,-5.011,1,-5.468,4.200,
R3,emap3_Bn-4OMe_CH2CH2SiMe3,CCN(Cc1ccc(OC)cc1)C(=O)Cn2c3c(cnc(n3)c4ccccc4)n(c2=O)CC[Si](C)(C)C,517.706,4.656,,3.970,82.250,0,5,10,-5.323,1,-5.806,3.600,
R3,emap3_Bn-4OMe_OSiMe3,CCN(Cc1ccc(OC)cc1)C(=O)Cn2c3c(cnc(n3)c4ccccc4)n(c2=O)O[Si](C)(C)C,505.651,3.581,,2.818,91.480,0,6,9,-4.637,2,-5.350,4.200,
R3,emap3_Bn-4OMe_CH2SiEt3,CCN(Cc1ccc(OC)cc1)C(=O)Cn2c3c(cnc(n3)c4ccccc4)n(c2=O)C[Si](CC)(CC)CC,545.760,5.365,,4.680,82.250,0,5,12,-5.812,2,-5.302,2.400,
R3,emap3_Bn-4OMe_tBu,CCN(Cc1ccc(OC)cc1)C(=O)Cn2c3c(cnc(n3)c4ccccc4)n(c2=O)C(C)(C)C,473.577,4.072,,3.387,82.250,0,5,7,-4.880,0,-5.617,4.800,
R3,emap3_Bn-4OMe_BnCH2,CCN(Cc1ccc(OC)cc1)C(=O)Cn2c3c(cnc(n3)c4ccccc4)n(c2=O)Cc1ccccc1C,521.621,4.674,,3.989,82.250,0,5,9,-5.425,1,-5.851,3.600,
R3,emap3_Bn-4OMe_PhCH2F,CCN(Cc1ccc(OC)cc1)C(=O)Cn2c3c(cnc(n3)c4ccccc4)n(c2=O)c1ccccc1CF,525.584,4.776,,4.091,82.250,0,5,9,-5.514,1,-5.986,3.000,
R3,emap3_Bn-4OMe_OCH2CF2H,CCN(Cc1ccc(OC)cc1)C(=O)Cn2c3c(cnc(n3)c4ccccc4)n(c2=O)COC(F)F,497.502,3.514,,2.752,91.480,0,6,10,-4.478,1,-5.523,4.800,
R3,emap3_Bn-4OMe_OCH2CH2CF2H,CCN(Cc1ccc(OC)cc1)C(=O)Cn2c3c(cnc(n3)c4ccccc4)n(c2=O)COCC(F)F,511.529,3.557,,2.794,91.480,0,6,11,-4.526,2,-5.368,4.200,
R3,emap3_Bn-4OMe_CH2CF2H,CCN(Cc1ccc(OC)cc1)C(=O)Cn2c3c(cnc(n3)c4ccccc4)n(c2=O)C(F)F,467.476,3.712,,3.027,82.250,0,5,8,-4.549,0,-5.754,5.400,
R3,emap3_Bn-4OMe_CH2CH2CF2H,CCN(Cc1ccc(OC)cc1)C(=O)Cn2c3c(cnc(n3)c4ccccc4)n(c2=O)CC(F)F,481.503,3.582,,2.897,82.250,0,5,9,-4.488,0,-6.015,5.400,
R3,emap3_Bn-4OMe_OCH2CH2CH2CHF2,CCN(Cc1ccc(OC)cc1)C(=O)Cn2c3c(cnc(n3)c4ccccc4)n(c2=O)COCCC(F)F,525.556,3.947,,3.184,91.480,0,6,12,-4.793,2,-6.077,4.200,
R3,emap3_Bn-4OMe_CH2CH2CF2CF3,CCN(Cc1ccc(OC)cc1)C(=O)Cn2c3c(cnc(n3)c4ccccc4)n(c2=O)CC(F)C(F)(F)F,531.510,4.218,,3.532,82.250,0,5,9,-5.199,1,-6.365,4.200,
R3,emap3_Bn-4OMe_CH2CF2CF3,CCN(Cc1ccc(OC)cc1)C(=O)Cn2c3c(cnc(n3)c4ccccc4)n(c2=O)C(F)C(F)(F)F,517.483,4.348,,3.662,82.250,0,5,8,-5.259,1,-6.336,4.200,
R3,emap3_Bn-4OMe_CH2CH2CH2CF2CF3,CCN(Cc1ccc(OC)cc1)C(=O)Cn2c3c(cnc(n3)c4ccccc4)n(c2=O)CCC(F)C(F)(F)F,545.537,4.608,,3.922,82.250,0,5,10,-5.465,1,-5.889,3.600,
R3,emap3_Bn-4OMe_CH2CH2CF2CH3,CCN(Cc1ccc(OC)cc1)C(=O)Cn2c3c(cnc(n3)c4ccccc4)n(c2=O)CC(F)C,477.540,3.675,,2.990,82.250,0,5,9,-4.522,0,-6.204,5.400,
R3,emap3_Bn-4OMe_OCH2CF2CF3,CCN(Cc1ccc(OC)cc1)C(=O)Cn2c3c(cnc(n3)c4ccccc4)n(c2=O)COC(F)C(F)(F)F,547.509,4.149,,3.387,91.480,0,6,10,-5.189,2,-5.796,3.600,
R3,emap3_Bn-4OMe_OCH2CF2CH3,CCN(Cc1ccc(OC)cc1)C(=O)Cn2c3c(cnc(n3)c4ccccc4)n(c2=O)COC(F)C,493.539,3.607,,2.845,91.480,0,6,10,-4.512,1,-5.396,4.800,
R3,emap3_Bn-4OMe_OCH2CH2CF2CF3,CCN(Cc1ccc(OC)cc1)C(=O)Cn2c3c(cnc(n3)c4ccccc4)n(c2=O)COCC(F)C(F)(F)F,561.536,4.192,,3.429,91.480,0,6,11,-5.236,2,-5.881,3.000,
R3,emap3_Bn-4OMe_CH2CF2CH2F,CCN(Cc1ccc(OC)cc1)C(=O)Cn2c3c(cnc(n3)c4ccccc4)n(c2=O)C(F)CF,481.503,3.755,,3.069,82.250,0,5,9,-4.597,0,-5.387,5.400,
R3,emap3_Bn-4OMe_CH2CH2CF2CH2F,CCN(Cc1ccc(OC)cc1)C(=O)Cn2c3c(cnc(n3)c4ccccc4)n(c2=O)CC(F)CF,495.530,3.625,,2.939,82.250,0,5,10,-4.536,0,-5.464,5.400,
R3,emap3_Bn-4OMe_OCH2CF2CH2F,CCN(Cc1ccc(OC)cc1)C(=O)Cn2c3c(cnc(n3)c4ccccc4)n(c2=O)COC(F)CF,511.529,3.557,,2.794,91.480,0,6,11,-4.526,2,-5.403,4.200,
R3,emap3_Bn-4OMe_CH2CH2CF2CH2CHF2,CCN(Cc1ccc(OC)cc1)C(=O)Cn2c3c(cnc(n3)c4ccccc4)n(c2=O)CC(F)C(F)F,513.520,3.921,,3.235,82.250,0,5,10,-4.834,1,-5.671,4.800,
R3,emap3_Bn-4OMe_CH2CH2CF2CH2CF3,CCN(Cc1ccc(OC)cc1)C(=O)Cn2c3c(cnc(n3)c4ccccc4)n(c2=O)CC(F)C(F)(F)F,531.510,4.218,,3.532,82.250,0,5,9,-5.199,1,-6.386,4.200,
R3,emap3_Bn-4OMe_OCH2CH2CF2CH2F,CCN(Cc1ccc(OC)cc1)C(=O)Cn2c3c(cnc(n3)c4ccccc4)n(c2=O)COCC(F)CF,525.556,3.599,,2.837,91.480,0,6,12,-4.574,2,-6.097,4.200,
R3,emap3_Bn-4OMe_CH2CH2CF2CH2CH2F,CCN(Cc1ccc(OC)cc1)C(=O)Cn2c3c(cnc(n3)c4ccccc4)n(c2=O)CC(F)CCF,509.557,4.015,,3.330,82.250,0,5,11,-4.803,1,-5.298,4.200,
R3,emap3_Bn-4OMe_CH2CF2CH2CH2F,CCN(Cc1ccc(OC)cc1)C(=O)Cn2c3c(cnc(n3)c4ccccc4)n(c2=O)C(F)CCF,495.530,4.145,,3.460,82.250,0,5,10,-4.864,0,-5.081,4.800,
R3,emap3_Bn-4OMe_CH2CF2CH2CHF2,CCN(Cc1ccc(OC)cc1)C(=O)Cn2c3c(cnc(n3)c4ccccc4)n(c2=O)C(F)C(F)F,499.493,4.051,,3.365,82.250,0,5,9,-4.895,0,-5.439,4.800,
R3,emap3_Bn-4OMe_CH2CF2CH2CF3,CCN(Cc1ccc(OC)cc1)C(=O)Cn2c3c(cnc(n3)c4ccccc4)n(c2=O)C(F)C(F)(F)F,517.483,4.348,,3.662,82.250,0,5,8,-5.259,1,-6.316,4.200,
R3,emap3_Bn-4OMe_OCH2CF2CH2CH2F,CCN(Cc1ccc(OC)cc1)C(=O)Cn2c3c(cnc(n3)c4ccccc4)n(c2=O)COC(F)CCF,525.556,3.947,,3.184,91.480,0,6,12,-4.793,2,-5.781,4.200,
R3,emap3_Bn-4OMe_OCH2CH2CF2CH2CH2F,CCN(Cc1ccc(OC)cc1)C(=O)Cn2c3c(cnc(n3)c4ccccc4)n(c2=O)COCC(F)CCF,539.583,3.989,,3.227,91.480,0,6,13,-4.841,2,-5.936,4.200,
R3,emap3_Bn-4OMe_CH2CH2CF2CH2CH2CHF2,CCN(Cc1ccc(OC)cc1)C(=O)Cn2c3c(cnc(n3)c4ccccc4)n(c2=O)CC(F)CC(F)F,527.547,4.311,,3.625,82.250,0,5,11,-5.100,1,-6.080,4.200,
R3,emap3_Bn-4OMe_CH2CH2CF2CH2CH2CF3,CCN(Cc1ccc(OC)cc1)C(=O)Cn2c3c(cnc(n3)c4ccccc4)n(c2=O)CC(F)CC(F)(F)F,545.537,4.608,,3.922,82.250,0,5,10,-5.465,1,-5.871,3.600,
R3,emap3_Bn-3OMe_Me,CCN(Cc1cc(OC)ccc1)C(=O)Cn2c3c(cnc(n3)c4ccccc4)n(c2=O)C,431.496,2.854,,2.169,82.250,0,5,7,-3.851,0,-5.690,5.400,
R3,emap3_Bn-3OMe_Et,CCN(Cc1cc(OC)ccc1)C(=O)Cn2c3c(cnc(n3)c4ccccc4)n(c2=O)CC,445.523,3.337,,2.652,82.250,0,5,8,-4.177,0,-5.783,5.400,
R3,emap3_Bn-3OMe_nPr,CCN(Cc1cc(OC)ccc1)C(=O)Cn2c3c(cnc(n3)c4ccccc4)n(c2=O)CCC,459.550,3.727,,3.042,82.250,0,5,9,-4.443,0,-5.952,5.400,
R3,emap3_Bn-3OMe_nBu,CCN(Cc1cc(OC)ccc1)C(=O)Cn2c3c(cnc(n3)c4ccccc4)n(c2=O)CCCC,473.577,4.117,,3.432,82.250,0,5,10,-4.710,0,-5.519,4.800,
R3,emap3_Bn-3OMe_CH2F,CCN(Cc1cc(OC)ccc1)C(=O)Cn2c3c(cnc(n3)c4ccccc4)n(c2=O)CF,449.486,3.244,,2.559,82.250,0,5,8,-4.143,0,-5.779,5.400,
R3,emap3_Bn-3OMe_CH2CH2F,CCN(Cc1cc(OC)ccc1)C(=O)Cn2c3c(cnc(n3)c4ccccc4)n(c2=O)CCF,463.513,3.287,,2.601,82.250,0,5,9,-4.190,0,-5.879,5.400,
R3,emap3_Bn-3OMe_CH2CH2CH2F,CCN(Cc1cc(OC)ccc1)C(=O)Cn2c3c(cnc(n3)c4ccccc4)n(c2=O)CCCF,477.540,3.677,,2.991,82.250,0,5,10,-4.457,0,-6.045,5.400,
R3,emap3_Bn-3OMe_CH2CHF2,CCN(Cc1cc(OC)ccc1)C(=O)Cn2c3c(cnc(n3)c4ccccc4)n(c2=O)C(F)F,467.476,3.712,,3.027,82.250,0,5,8,-4.549,0,-6.371,5.400,
R3,emap3_Bn-3OMe_CH2CH2CHF2,CCN(Cc1cc(OC)ccc1)C(=O)Cn2c3c(cnc(n3)c4ccccc4)n(c2=O)CC(F)F,481.503,3.582,,2.897,82.250,0,5,9,-4.488,0,-6.241,5.400,
R3,emap3_Bn-3OMe_CH2CH2CH2CHF2,CCN(Cc1cc(OC)ccc1)C(=O)Cn2c3c(cnc(n3)c4ccccc4)n(c2=O)CCC(F)F,495.530,3.973,,3.287,82.250,0,5,10,-4.755,0,-6.133,5.400,
R3,emap3_Bn-3OMe_CH2CF3,CCN(Cc1cc(OC)ccc1)C(=O)Cn2c3c(cnc(n3)c4ccccc4)n(c2=O)C(F)(F)F,485.466,3.794,,3.108,82.250,0,5,7,-4.778,0,-6.075,5.400,
R3,emap3_Bn-3OMe_CH2CH2CF3,CCN(Cc1cc(OC)ccc1)C(=O)Cn2c3c(cnc(n3)c4ccccc4)n(c2=O)CC(F)(F)F,499.493,3.880,,3.194,82.250,0,5,8,-4.853,0,-6.143,5.400,
R3,emap3_Bn-3OMe_CH2CH2CH2CF3,CCN(Cc1cc(OC)ccc1)C(=O)Cn2c3c(cnc(n3)c4ccccc4)n(c2=O)CCC(F)(F)F,513.520,4.270,,3.584,82.250,0,5,9,-5.120,1,-6.374,4.200,
R3,emap3_Bn-3OMe_OCH2F,CCN(Cc1cc(OC)ccc1)C(=O)Cn2c3c(cnc(n3)c4ccccc4)n(c2=O)COF,465.485,3.176,,2.414,91.480,0,6,9,-4.133,1,-6.206,4.800,
R3,emap3_Bn-3OMe_OCH2CHF2,CCN(Cc1cc(OC)ccc1)C(=O)Cn2c3c(cnc(n3)c4ccccc4)n(c2=O)COC(F)F,497.502,3.514,,2.752,91.480,0,6,10,-4.478,1,-6.327,4.800,
R3,emap3_Bn-3OMe_OCH2CF3,CCN(Cc1cc(OC)ccc1)C(=O)Cn2c3c(cnc(n3)c4ccccc4)n(c2=O)COC(F)(F)F,515.492,3.811,,3.049,91.480,0,6,9,-4.843,2,-6.353,4.200,
R3,emap3_Bn-3OMe_OCH2CH2F,CCN(Cc1cc(OC)ccc1)C(=O)Cn2c3c(cnc(n3)c4ccccc4)n(c2=O)COCF,479.512,3.218,,2.456,91.480,0,6,10,-4.181,1,-5.720,4.800,
R3,emap3_Bn-3OMe_OCH2CH2CF3,CCN(Cc1cc(OC)ccc1)C(=O)Cn2c3c(cnc(n3)c4ccccc4)n(c2=O)COCC(F)(F)F,529.519,3.854,,3.091,91.480,0,6,10,-4.891,2,-5.958,4.200,
R3,emap3_Bn-3OMe_OCH2CH2CHF2,CCN(Cc1cc(OC)ccc1)C(=O)Cn2c3c(cnc(n3)c4ccccc4)n(c2=O)COCC(F)F,511.529,3.557,,2.794,91.480,0,6,11,-4.526,2,-5.477,4.200,
R3,emap3_Bn-3OMe_OCH2CH2CH2F,CCN(Cc1cc(OC)ccc1)C(=O)Cn2c3c(cnc(n3)c4ccccc4)n(c2=O)COCCF,493.539,3.261,,2.499,91.480,0,6,11,-4.228,1,-5.898,4.800,
R3,emap3_Bn-3OMe_OCH2CH2CH2CF3,CCN(Cc1cc(OC)ccc1)C(=O)Cn2c3c(cnc(n3)c4ccccc4)n(c2=O)COCCC(F)(F)F,543.546,4.244,,3.481,91.480,0,6,11,-5.158,2,-6.348,3.600,
R3,emap3_Bn-3OMe_CH2SiMe3,CCN(Cc1cc(OC)ccc1)C(=O)Cn2c3c(cnc(n3)c4ccccc4)n(c2=O)C[Si](C)(C)C,503.679,4.195,,3.509,82.250,0,5,9,-5.011,1,-6.334,4.200,
R3,emap3_Bn-3OMe_CH2CH2SiMe3,CCN(Cc1cc(OC)ccc1)C(=O)Cn2c3c(cnc(n3)c4ccccc4)n(c2=O)CC[Si](C)(C)C,517.706,4.656,,3.970,82.250,0,5,10,-5.323,1,-5.477,3.600,
R3,emap3_Bn-3OMe_OSiMe3,CCN(Cc1cc(OC)ccc1)C(=O)Cn2c3c(cnc(n3)c4ccccc4)n(c2=O)O[Si](C)(C)C,505.651,3.581,,2.818,91.480,0,6,9,-4.637,2,-6.127,4.200,
R3,emap3_Bn-3OMe_CH2SiEt3,CCN(Cc1cc(OC)ccc1)C(=O)Cn2c3c(cnc(n3)c4ccccc4)n(c2=O)C[Si](CC)(CC)CC,545.760,5.365,,4.680,82.250,0,5,12,-5.812,2,-5.769,2.400,
R3,emap3_Bn-3OMe_tBu,CCN(Cc1cc(OC)ccc1)C(=O)Cn2c3c(cnc(n3)c4ccccc4)n(c2=O)C(C)(C)C,473.577,4.072,,3.387,82.250,0,5,7,-4.880,0,-6.451,4.800,
R3,emap3_Bn-3OMe_BnCH2,CCN(Cc1cc(OC)ccc1)C(=O)Cn2c3c(cnc(n3)c4ccccc4)n(c2=O)Cc1ccccc1C,521.621,4.674,,3.989,82.250,0,5,9,-5.425,1,-6.842,3.600,
R3,emap3_Bn-3OMe_PhCH2F,CCN(Cc1cc(OC)ccc1)C(=O)Cn2c3c(cnc(n3)c4ccccc4)n(c2=O)c1ccccc1CF,525.584,4.776,,4.091,82.250,0,5,9,-5.514,1,-5.783,3.000,
R3,emap3_Bn-3OMe_OCH2CF2H,CCN(Cc1cc(OC)ccc1)C(=O)Cn2c3c(cnc(n3)c4ccccc4)n(c2=O)COC(F)F,497.502,3.514,,2.752,91.480,0,6,10,-4.478,1,-6.132,4.800,
R3,emap3_Bn-3OMe_OCH2CH2CF2H,CCN(Cc1cc(OC)ccc1)C(=O)Cn2c3c(cnc(n3)c4ccccc4)n(c2=O)COCC(F)F,511.529,3.557,,2.794,91.480,0,6,11,-4.526,2,-6.096,4.200,
R3,emap3_Bn-3OMe_CH2CF2H,CCN(Cc1cc(OC)ccc1)C(=O)Cn2c3c(cnc(n3)c4ccccc4)n(c2=O)C(F)F,467.476,3.712,,3.027,82.250,0,5,8,-4.549,0,-5.989,5.400,
R3,emap3_Bn-3OMe_CH2CH2CF2H,CCN(Cc1cc(OC)ccc1)C(=O)Cn2c3c(cnc(n3)c4ccccc4)n(c2=O)CC(F)F,481.503,3.582,,2.897,82.250,0,5,9,-4.488,0,-6.260,5.400,
R3,emap3_Bn-3OMe_OCH2CH2CH2CHF2,CCN(Cc1cc(OC)ccc1)C(=O)Cn2c3c(cnc(n3)c4ccccc4)n(c2=O)COCCC(F)F,525.556,3.947,,3.184,91.480,0,6,12,-4.793,2,-6.434,4.200,
R3,emap3_Bn-3OMe_CH2CH2CF2CF3,CCN(Cc1cc(OC)ccc1)C(=O)Cn2c3c(cnc(n3)c4ccccc4)n(c2=O)CC(F)C(F)(F)F,531.510,4.218,,3.532,82.250,0,5,9,-5.199,1,-6.369,4.200,
R3,emap3_Bn-3OMe_CH2CF2CF3,CCN(Cc1cc(OC)ccc1)C(=O)Cn2c3c(cnc(n3)c4ccccc4)n(c2=O)C(F)C(F)(F)F,517.483,4.348,,3.662,82.250,0,5,8,-5.259,1,-6.331,4.200,
R3,emap3_Bn-3OMe_CH2CH2CH2CF2CF3,CCN(Cc1cc(OC)ccc1)C(=O)Cn2c3c(cnc(n3)c4ccccc4)n(c2=O)CCC(F)C(F)(F)F,545.537,4.608,,3.922,82.250,0,5,10,-5.465,1,-5.517,3.600,
R3,emap3_Bn-3OMe_CH2CH2CF2CH3,CCN(Cc1cc(OC)ccc1)C(=O)Cn2c3c(cnc(n3)c4ccccc4)n(c2=O)CC(F)C,477.540,3.675,,2.990,82.250,0,5,9,-4.522,0,-6.297,5.400,
R3,emap3_Bn-3OMe_OCH2CF2CF3,CCN(Cc1cc(OC)ccc1)C(=O)Cn2c3c(cnc(n3)c4ccccc4)n(c2=O)COC(F)C(F)(F)F,547.509,4.149,,3.387,91.480,0,6,10,-5.189,2,-6.288,3.600,
R3,emap3_Bn-3OMe_OCH2CF2CH3,CCN(Cc1cc(OC)ccc1)C(=O)Cn2c3c(cnc(n3)c4ccccc4)n(c2=O)COC(F)C,493.539,3.607,,2.845,91.480,0,6,10,-4.512,1,-6.142,4.800,
R3,emap3_Bn-3OMe_OCH2CH2CF2CF3,CCN(Cc1cc(OC)ccc1)C(=O)Cn2c3c(cnc(n3)c4ccccc4)n(c2=O)COCC(F)C(F)(F)F,561.536,4.192,,3.429,91.480,0,6,11,-5.236,2,-6.243,3.000,
R3,emap3_Bn-3OMe_CH2CF2CH2F,CCN(Cc1cc(OC)ccc1)C(=O)Cn2c3c(cnc(n3)c4ccccc4)n(c2=O)C(F)CF,481.503,3.755,,3.069,82.250,0,5,9,-4.597,0,-5.363,5.400,
R3,emap3_Bn-3OMe_CH2CH2CF2CH2F,CCN(Cc1cc(OC)ccc1)C(=O)Cn2c3c(cnc(n3)c4ccccc4)n(c2=O)CC(F)CF,495.530,3.625,,2.939,82.250,0,5,10,-4.536,0,-6.083,5.400,
R3,emap3_Bn-3OMe_OCH2CF2CH2F,CCN(Cc1cc(OC)ccc1)C(=O)Cn2c3c(cnc(n3)c4ccccc4)n(c2=O)COC(F)CF,511.529,3.557,,2.794,91.480,0,6,11,-4.526,2,-6.145,4.200,
R3,emap3_Bn-3OMe_CH2CH2CF2CH2CHF2,CCN(Cc1cc(OC)ccc1)C(=O)Cn2c3c(cnc(n3)c4ccccc4)n(c2=O)CC(F)C(F)F,513.520,3.921,,3.235,82.250,0,5,10,-4.834,1,-6.310,4.800,
R3,emap3_Bn-3OMe_CH2CH2CF2CH2CF3,CCN(Cc1cc(OC)ccc1)C(=O)Cn2c3c(cnc(n3)c4ccccc4)n(c2=O)CC(F)C(F)(F)F,531.510,4.218,,3.532,82.250,0,5,9,-5.199,1,-6.085,4.200,
R3,emap3_Bn-3OMe_OCH2CH2CF2CH2F,CCN(Cc1cc(OC)ccc1)C(=O)Cn2c3c(cnc(n3)c4ccccc4)n(c2=O)COCC(F)CF,525.556,3.599,,2.837,91.480,0,6,12,-4.574,2,-6.062,4.200,
R3,emap3_Bn-3OMe_CH2CH2CF2CH2CH2F,CCN(Cc1cc(OC)ccc1)C(=O)Cn2c3c(cnc(n3)c4ccccc4)n(c2=O)CC(F)CCF,509.557,4.015,,3.330,82.250,0,5,11,-4.803,1,-6.056,4.200,
R3,emap3_Bn-3OMe_CH2CF2CH2CH2F,CCN(Cc1cc(OC)ccc1)C(=O)Cn2c3c(cnc(n3)c4ccccc4)n(c2=O)C(F)CCF,495.530,4.145,,3.460,82.250,0,5,10,-4.864,0,-6.072,4.800,
R3,emap3_Bn-3OMe_CH2CF2CH2CHF2,CCN(Cc1cc(OC)ccc1)C(=O)Cn2c3c(cnc(n3)c4ccccc4)n(c2=O)C(F)C(F)F,499.493,4.051,,3.365,82.250,0,5,9,-4.895,0,-6.411,4.800,
R3,emap3_Bn-3OMe_CH2CF2CH2CF3,CCN(Cc1cc(OC)ccc1)C(=O)Cn2c3c(cnc(n3)c4ccccc4)n(c2=O)C(F)C(F)(F)F,517.483,4.348,,3.662,82.250,0,5,8,-5.259,1,-6.205,4.200,
R3,emap3_Bn-3OMe_OCH2CF2CH2CH2F,CCN(Cc1cc(OC)ccc1)C(=O)Cn2c3c(cnc(n3)c4ccccc4)n(c2=O)COC(F)CCF,525.556,3.947,,3.184,91.480,0,6,12,-4.793,2,-6.403,4.200,
R3,emap3_Bn-3OMe_OCH2CH2CF2CH2CH2F,CCN(Cc1cc(OC)ccc1)C(=O)Cn2c3c(cnc(n3)c4ccccc4)n(c2=O)COCC(F)CCF,539.583,3.989,,3.227,91.480,0,6,13,-4.841,2,-6.140,4.200,
R3,emap3_Bn-3OMe_CH2CH2CF2CH2CH2CHF2,CCN(Cc1cc(OC)ccc1)C(=O)Cn2c3c(cnc(n3)c4ccccc4)n(c2=O)CC(F)CC(F)F,527.547,4.311,,3.625,82.250,0,5,11,-5.100,1,-6.559,4.200,
R3,emap3_Bn-3OMe_CH2CH2CF2CH2CH2CF3,CCN(Cc1cc(OC)ccc1)C(=O)Cn2c3c(cnc(n3)c4ccccc4)n(c2=O)CC(F)CC(F)(F)F,545.537,4.608,,3.922,82.250,0,5,10,-5.465,1,-6.450,3.600,
R3,emap3_Bn-4OCHF2_Me,CCN(Cc1ccc(OC(F)F)cc1)C(=O)Cn2c3c(cnc(n3)c4ccccc4)n(c2=O)C,467.476,3.447,,2.762,82.250,0,5,8,-4.382,0,-4.811,5.400,
R3,emap3_Bn-4OCHF2_Et,CCN(Cc1ccc(OC(F)F)cc1)C(=O)Cn2c3c(cnc(n3)c4ccccc4)n(c2=O)CC,481.503,3.930,,3.245,82.250,0,5,9,-4.707,0,-6.029,5.400,
R3,emap3_Bn-4OCHF2_nPr,CCN(Cc1ccc(OC(F)F)cc1)C(=O)Cn2c3c(cnc(n3)c4ccccc4)n(c2=O)CCC,495.530,4.320,,3.635,82.250,0,5,10,-4.974,0,-6.378,4.800,
R3,emap3_Bn-4OCHF2_nBu,CCN(Cc1ccc(OC(F)F)cc1)C(=O)Cn2c3c(cnc(n3)c4ccccc4)n(c2=O)CCCC,509.557,4.710,,4.025,82.250,0,5,11,-5.241,1,-6.311,3.000,
R3,emap3_Bn-4OCHF2_CH2F,CCN(Cc1ccc(OC(F)F)cc1)C(=O)Cn2c3c(cnc(n3)c4ccccc4)n(c2=O)CF,485.466,3.837,,3.152,82.250,0,5,9,-4.673,0,-4.905,5.400,
R3,emap3_Bn-4OCHF2_CH2CH2F,CCN(Cc1ccc(OC(F)F)cc1)C(=O)Cn2c3c(cnc(n3)c4ccccc4)n(c2=O)CCF,499.493,3.880,,3.194,82.250,0,5,10,-4.721,0,-6.165,5.400,
R3,emap3_Bn-4OCHF2_CH2CH2CH2F,CCN(Cc1ccc(OC(F)F)cc1)C(=O)Cn2c3c(cnc(n3)c4ccccc4)n(c2=O)CCCF,513.520,4.270,,3.584,82.250,0,5,11,-4.988,1,-6.264,4.200,
R3,emap3_Bn-4OCHF2_CH2CHF2,CCN(Cc1ccc(OC(F)F)cc1)C(=O)Cn2c3c(cnc(n3)c4ccccc4)n(c2=O)C(F)F,503.456,4.305,,3.620,82.250,0,5,9,-5.080,1,-4.917,4.200,
R3,emap3_Bn-4OCHF2_CH2CH2CHF2,CCN(Cc1ccc(OC(F)F)cc1)C(=O)Cn2c3c(cnc(n3)c4ccccc4)n(c2=O)CC(F)F,517.483,4.175,,3.490,82.250,0,5,10,-5.019,1,-4.949,4.200,
R3,emap3_Bn-4OCHF2_CH2CH2CH2CHF2,CCN(Cc1ccc(OC(F)F)cc1)C(=O)Cn2c3c(cnc(n3)c4ccccc4)n(c2=O)CCC(F)F,531.510,4.565,,3.880,82.250,0,5,11,-5.286,1,-5.849,3.600,
R3,emap3_Bn-4OCHF2_CH2CF3,CCN(Cc1ccc(OC(F)F)cc1)C(=O)Cn2c3c(cnc(n3)c4ccccc4)n(c2=O)C(F)(F)F,521.446,4.386,,3.701,82.250,0,5,8,-5.308,1,-6.542,4.200,
R3,emap3_Bn-4OCHF2_CH2CH2CF3,CCN(Cc1ccc(OC(F)F)cc1)C(=O)Cn2c3c(cnc(n3)c4ccccc4)n(c2=O)CC(F)(F)F,535.473,4.472,,3.787,82.250,0,5,9,-5.384,1,-6.276,4.200,
R3,emap3_Bn-4OCHF2_CH2CH2CH2CF3,CCN(Cc1ccc(OC(F)F)cc1)C(=O)Cn2c3c(cnc(n3)c4ccccc4)n(c2=O)CCC(F)(F)F,549.500,4.863,,4.177,82.250,0,5,10,-5.650,1,-6.161,3.000,
R3,emap3_Bn-4OCHF2_OCH2F,CCN(Cc1ccc(OC(F)F)cc1)C(=O)Cn2c3c(cnc(n3)c4ccccc4)n(c2=O)COF,501.465,3.769,,3.006,91.480,0,6,10,-4.663,2,-6.127,4.200,
R3,emap3_Bn-4OCHF2_OCH2CHF2,CCN(Cc1ccc(OC(F)F)cc1)C(=O)Cn2c3c(cnc(n3)c4ccccc4)n(c2=O)COC(F)F,533.482,4.107,,3.344,91.480,0,6,11,-5.009,2,-6.054,3.600,
R3,emap3_Bn-4OCHF2_OCH2CF3,CCN(Cc1ccc(OC(F)F)cc1)C(=O)Cn2c3c(cnc(n3)c4ccccc4)n(c2=O)COC(F)(F)F,551.472,4.404,,3.642,91.480,0,6,10,-5.374,2,-5.639,3.000,
R3,emap3_Bn-4OCHF2_OCH2CH2F,CCN(Cc1ccc(OC(F)F)cc1)C(=O)Cn2c3c(cnc(n3)c4ccccc4)n(c2=O)COCF,515.492,3.811,,3.049,91.480,0,6,11,-4.711,2,-4.594,4.200,
R3,emap3_Bn-4OCHF2_OCH2CH2CF3,CCN(Cc1ccc(OC(F)F)cc1)C(=O)Cn2c3c(cnc(n3)c4ccccc4)n(c2=O)COCC(F)(F)F,565.499,4.447,,3.684,91.480,0,6,11,-5.421,2,-6.192,3.000,
R3,emap3_Bn-4OCHF2_OCH2CH2CHF2,CCN(Cc1ccc(OC(F)F)cc1)C(=O)Cn2c3c(cnc(n3)c4ccccc4)n(c2=O)COCC(F)F,547.509,4.149,,3.387,91.480,0,6,12,-5.057,2,-6.107,3.600,
R3,emap3_Bn-4OCHF2_OCH2CH2CH2F,CCN(Cc1ccc(OC(F)F)cc1)C(=O)Cn2c3c(cnc(n3)c4ccccc4)n(c2=O)COCCF,529.519,3.854,,3.091,91.480,0,6,12,-4.759,2,-5.985,4.200,
R3,emap3_Bn-4OCHF2_OCH2CH2CH2CF3,CCN(Cc1ccc(OC(F)F)cc1)C(=O)Cn2c3c(cnc(n3)c4ccccc4)n(c2=O)COCCC(F)(F)F,579.526,4.837,,4.074,91.480,0,6,12,-5.688,2,-6.101,1.800,
R3,emap3_Bn-4OCHF2_CH2SiMe3,CCN(Cc1ccc(OC(F)F)cc1)C(=O)Cn2c3c(cnc(n3)c4ccccc4)n(c2=O)C[Si](C)(C)C,539.659,4.788,,4.102,82.250,0,5,10,-5.542,1,-5.700,3.000,
R3,emap3_Bn-4OCHF2_CH2CH2SiMe3,CCN(Cc1ccc(OC(F)F)cc1)C(=O)Cn2c3c(cnc(n3)c4ccccc4)n(c2=O)CC[Si](C)(C)C,553.686,5.248,,4.563,82.250,0,5,11,-5.853,2,-5.596,1.800,
R3,emap3_Bn-4OCHF2_OSiMe3,CCN(Cc1ccc(OC(F)F)cc1)C(=O)Cn2c3c(cnc(n3)c4ccccc4)n(c2=O)O[Si](C)(C)C,541.631,4.174,,3.411,91.480,0,6,10,-5.167,2,-5.906,3.600,
R3,emap3_Bn-4OCHF2_CH2SiEt3,CCN(Cc1ccc(OC(F)F)cc1)C(=O)Cn2c3c(cnc(n3)c4ccccc4)n(c2=O)C[Si](CC)(CC)CC,581.740,5.958,,5.272,82.250,0,5,13,-6.342,2,-5.391,1.800,
R3,emap3_Bn-4OCHF2_tBu,CCN(Cc1ccc(OC(F)F)cc1)C(=O)Cn2c3c(cnc(n3)c4ccccc4)n(c2=O)C(C)(C)C,509.557,4.665,,3.980,82.250,0,5,8,-5.410,1,-6.410,3.600,
R3,emap3_Bn-4OCHF2_BnCH2,CCN(Cc1ccc(OC(F)F)cc1)C(=O)Cn2c3c(cnc(n3)c4ccccc4)n(c2=O)Cc1ccccc1C,557.601,5.267,,4.581,82.250,0,5,10,-5.955,2,-6.295,1.800,
R3,emap3_Bn-4OCHF2_PhCH2F,CCN(Cc1ccc(OC(F)F)cc1)C(=O)Cn2c3c(cnc(n3)c4ccccc4)n(c2=O)c1ccccc1CF,561.564,5.369,,4.683,82.250,0,5,10,-6.044,2,-5.575,1.800,
R3,emap3_Bn-4OCHF2_OCH2CF2H,CCN(Cc1ccc(OC(F)F)cc1)C(=O)Cn2c3c(cnc(n3)c4ccccc4)n(c2=O)COC(F)F,533.482,4.107,,3.344,91.480,0,6,11,-5.009,2,-6.091,3.600,
R3,emap3_Bn-4OCHF2_OCH2CH2CF2H,CCN(Cc1ccc(OC(F)F)cc1)C(=O)Cn2c3c(cnc(n3)c4ccccc4)n(c2=O)COCC(F)F,547.509,4.149,,3.387,91.480,0,6,12,-5.057,2,-5.567,3.600,
R3,emap3_Bn-4OCHF2_CH2CF2H,CCN(Cc1ccc(OC(F)F)cc1)C(=O)Cn2c3c(cnc(n3)c4ccccc4)n(c2=O)C(F)F,503.456,4.305,,3.620,82.250,0,5,9,-5.080,1,-6.407,4.200,
R3,emap3_Bn-4OCHF2_CH2CH2CF2H,CCN(Cc1ccc(OC(F)F)cc1)C(=O)Cn2c3c(cnc(n3)c4ccccc4)n(c2=O)CC(F)F,517.483,4.175,,3.490,82.250,0,5,10,-5.019,1,-5.016,4.200,
R3,emap3_Bn-4OCHF2_OCH2CH2CH2CHF2,CCN(Cc1ccc(OC(F)F)cc1)C(=O)Cn2c3c(cnc(n3)c4ccccc4)n(c2=O)COCCC(F)F,561.536,4.539,,3.777,91.480,0,6,13,-5.323,2,-6.249,2.400,
R3,emap3_Bn-4OCHF2_CH2CH2CF2CF3,CCN(Cc1ccc(OC(F)F)cc1)C(=O)Cn2c3c(cnc(n3)c4ccccc4)n(c2=O)CC(F)C(F)(F)F,567.490,4.811,,4.125,82.250,0,5,10,-5.729,2,-6.395,2.400,
R3,emap3_Bn-4OCHF2_CH2CF2CF3,CCN(Cc1ccc(OC(F)F)cc1)C(=O)Cn2c3c(cnc(n3)c4ccccc4)n(c2=O)C(F)C(F)(F)F,553.463,4.941,,4.255,82.250,0,5,9,-5.790,2,-5.861,2.400,
R3,emap3_Bn-4OCHF2_CH2CH2CH2CF2CF3,CCN(Cc1ccc(OC(F)F)cc1)C(=O)Cn2c3c(cnc(n3)c4ccccc4)n(c2=O)CCC(F)C(F)(F)F,581.517,5.201,,4.515,82.250,0,5,11,-5.996,2,-6.218,1.800,
R3,emap3_Bn-4OCHF2_CH2CH2CF2CH3,CCN(Cc1ccc(OC(F)F)cc1)C(=O)Cn2c3c(cnc(n3)c4ccccc4)n(c2=O)CC(F)C,513.520,4.268,,3.583,82.250,0,5,10,-5.053,1,-4.848,4.200,
R3,emap3_Bn-4OCHF2_OCH2CF2CF3,CCN(Cc1ccc(OC(F)F)cc1)C(=O)Cn2c3c(cnc(n3)c4ccccc4)n(c2=O)COC(F)C(F)(F)F,583.489,4.742,,3.980,91.480,0,6,11,-5.719,2,-5.582,2.400,
R3,emap3_Bn-4OCHF2_OCH2CF2CH3,CCN(Cc1ccc(OC(F)F)cc1)C(=O)Cn2c3c(cnc(n3)c4ccccc4)n(c2=O)COC(F)C,529.519,4.200,,3.437,91.480,0,6,11,-5.043,2,-6.133,3.600,
R3,emap3_Bn-4OCHF2_OCH2CH2CF2CF3,CCN(Cc1ccc(OC(F)F)cc1)C(=O)Cn2c3c(cnc(n3)c4ccccc4)n(c2=O)COCC(F)C(F)(F)F,597.516,4.785,,4.022,91.480,0,6,12,-5.767,2,-5.716,1.800,
R3,emap3_Bn-4OCHF2_CH2CF2CH2F,CCN(Cc1ccc(OC(F)F)cc1)C(=O)Cn2c3c(cnc(n3)c4ccccc4)n(c2=O)C(F)CF,517.483,4.348,,3.662,82.250,0,5,10,-5.127,1,-4.862,4.200,
R3,emap3_Bn-4OCHF2_CH2CH2CF2CH2F,CCN(Cc1ccc(OC(F)F)cc1)C(=O)Cn2c3c(cnc(n3)c4ccccc4)n(c2=O)CC(F)CF,531.510,4.218,,3.532,82.250,0,5,11,-5.067,1,-6.036,4.200,
R3,emap3_Bn-4OCHF2_OCH2CF2CH2F,CCN(Cc1ccc(OC(F)F)cc1)C(=O)Cn2c3c(cnc(n3)c4ccccc4)n(c2=O)COC(F)CF,547.509,4.149,,3.387,91.480,0,6,12,-5.057,2,-6.003,3.600,
R3,emap3_Bn-4OCHF2_CH2CH2CF2CH2CHF2,CCN(Cc1ccc(OC(F)F)cc1)C(=O)Cn2c3c(cnc(n3)c4ccccc4)n(c2=O)CC(F)C(F)F,549.500,4.513,,3.828,82.250,0,5,11,-5.364,1,-6.147,3.600,
R3,emap3_Bn-4OCHF2_CH2CH2CF2CH2CF3,CCN(Cc1ccc(OC(F)F)cc1)C(=O)Cn2c3c(cnc(n3)c4ccccc4)n(c2=O)CC(F)C(F)(F)F,567.490,4.811,,4.125,82.250,0,5,10,-5.729,2,-6.365,2.400,
R3,emap3_Bn-4OCHF2_OCH2CH2CF2CH2F,CCN(Cc1ccc(OC(F)F)cc1)C(=O)Cn2c3c(cnc(n3)c4ccccc4)n(c2=O)COCC(F)CF,561.536,4.192,,3.429,91.480,0,6,13,-5.104,2,-6.044,3.000,
R3,emap3_Bn-4OCHF2_CH2CH2CF2CH2CH2F,CCN(Cc1ccc(OC(F)F)cc1)C(=O)Cn2c3c(cnc(n3)c4ccccc4)n(c2=O)CC(F)CCF,545.537,4.608,,3.922,82.250,0,5,12,-5.333,1,-5.988,3.600,
R3,emap3_Bn-4OCHF2_CH2CF2CH2CH2F,CCN(Cc1ccc(OC(F)F)cc1)C(=O)Cn2c3c(cnc(n3)c4ccccc4)n(c2=O)C(F)CCF,531.510,4.738,,4.052,82.250,0,5,11,-5.394,1,-5.858,3.000,
R3,emap3_Bn-4OCHF2_CH2CF2CH2CHF2,CCN(Cc1ccc(OC(F)F)cc1)C(=O)Cn2c3c(cnc(n3)c4ccccc4)n(c2=O)C(F)C(F)F,535.473,4.643,,3.958,82.250,0,5,10,-5.425,1,-6.112,3.600,
R3,emap3_Bn-4OCHF2_CH2CF2CH2CF3,CCN(Cc1ccc(OC(F)F)cc1)C(=O)Cn2c3c(cnc(n3)c4ccccc4)n(c2=O)C(F)C(F)(F)F,553.463,4.941,,4.255,82.250,0,5,9,-5.790,2,-6.398,2.400,
R3,emap3_Bn-4OCHF2_OCH2CF2CH2CH2F,CCN(Cc1ccc(OC(F)F)cc1)C(=O)Cn2c3c(cnc(n3)c4ccccc4)n(c2=O)COC(F)CCF,561.536,4.539,,3.777,91.480,0,6,13,-5.323,2,-6.147,2.400,
R3,emap3_Bn-4OCHF2_OCH2CH2CF2CH2CH2F,CCN(Cc1ccc(OC(F)F)cc1)C(=O)Cn2c3c(cnc(n3)c4ccccc4)n(c2=O)COCC(F)CCF,575.563,4.582,,3.820,91.480,0,6,14,-5.371,2,-6.137,2.400,
R3,emap3_Bn-4OCHF2_CH2CH2CF2CH2CH2CHF2,CCN(Cc1ccc(OC(F)F)cc1)C(=O)Cn2c3c(cnc(n3)c4ccccc4)n(c2=O)CC(F)CC(F)F,563.527,4.903,,4.218,82.250,0,5,12,-5.631,2,-6.364,2.400,
R3,emap3_Bn-4OCHF2_CH2CH2CF2CH2CH2CF3,CCN(Cc1ccc(OC(F)F)cc1)C(=O)Cn2c3c(cnc(n3)c4ccccc4)n(c2=O)CC(F)CC(F)(F)F,581.517,5.201,,4.515,82.250,0,5,11,-5.996,2,-6.456,1.800,
R3,emap3_Bn-4OCF3_Me,CCN(Cc1ccc(OC(F)(F)F)cc1)C(=O)Cn2c3c(cnc(n3)c4ccccc4)n(c2=O)C,485.466,3.744,,3.059,82.250,0,5,7,-4.747,0,-5.731,5.400,
R3,emap3_Bn-4OCF3_Et,CCN(Cc1ccc(OC(F)(F)F)cc1)C(=O)Cn2c3c(cnc(n3)c4ccccc4)n(c2=O)CC,499.493,4.227,,3.542,82.250,0,5,8,-5.072,0,-6.426,4.800,
R3,emap3_Bn-4OCF3_nPr,CCN(Cc1ccc(OC(F)(F)F)cc1)C(=O)Cn2c3c(cnc(n3)c4ccccc4)n(c2=O)CCC,513.520,4.617,,3.932,82.250,0,5,9,-5.339,1,-6.387,3.600,
R3,emap3_Bn-4OCF3_nBu,CCN(Cc1ccc(OC(F)(F)F)cc1)C(=O)Cn2c3c(cnc(n3)c4ccccc4)n(c2=O)CCCC,527.547,5.007,,4.322,82.250,0,5,10,-5.605,1,-6.294,3.000,
R3,emap3_Bn-4OCF3_CH2F,CCN(Cc1ccc(OC(F)(F)F)cc1)C(=O)Cn2c3c(cnc(n3)c4ccccc4)n(c2=O)CF,503.456,4.134,,3.449,82.250,0,5,8,-5.038,1,-6.324,4.200,
R3,emap3_Bn-4OCF3_CH2CH2F,CCN(Cc1ccc(OC(F)(F)F)cc1)C(=O)Cn2c3c(cnc(n3)c4ccccc4)n(c2=O)CCF,517.483,4.177,,3.491,82.250,0,5,9,-5.086,1,-6.398,4.200,
R3,emap3_Bn-4OCF3_CH2CH2CH2F,CCN(Cc1ccc(OC(F)(F)F)cc1)C(=O)Cn2c3c(cnc(n3)c4ccccc4)n(c2=O)CCCF,531.510,4.567,,3.881,82.250,0,5,10,-5.353,1,-6.263,3.600,
R3,emap3_Bn-4OCF3_CH2CHF2,CCN(Cc1ccc(OC(F)(F)F)cc1)C(=O)Cn2c3c(cnc(n3)c4ccccc4)n(c2=O)C(F)F,521.446,4.602,,3.917,82.250,0,5,8,-5.444,1,-6.579,3.600,
R3,emap3_Bn-4OCF3_CH2CH2CHF2,CCN(Cc1ccc(OC(F)(F)F)cc1)C(=O)Cn2c3c(cnc(n3)c4ccccc4)n(c2=O)CC(F)F,535.473,4.472,,3.787,82.250,0,5,9,-5.384,1,-6.433,4.200,
R3,emap3_Bn-4OCF3_CH2CH2CH2CHF2,CCN(Cc1ccc(OC(F)(F)F)cc1)C(=O)Cn2c3c(cnc(n3)c4ccccc4)n(c2=O)CCC(F)F,549.500,4.863,,4.177,82.250,0,5,10,-5.650,1,-6.195,3.000,
R3,emap3_Bn-4OCF3_CH2CF3,CCN(Cc1ccc(OC(F)(F)F)cc1)C(=O)Cn2c3c(cnc(n3)c4ccccc4)n(c2=O)C(F)(F)F,539.436,4.684,,3.998,82.250,0,5,7,-5.673,1,-6.728,3.600,
R3,emap3_Bn-4OCF3_CH2CH2CF3,CCN(Cc1ccc(OC(F)(F)F)cc1)C(=O)Cn2c3c(cnc(n3)c4ccccc4)n(c2=O)CC(F)(F)F,553.463,4.770,,4.084,82.250,0,5,8,-5.748,2,-6.611,2.400,
R3,emap3_Bn-4OCF3_CH2CH2CH2CF3,CCN(Cc1ccc(OC(F)(F)F)cc1)C(=O)Cn2c3c(cnc(n3)c4ccccc4)n(c2=O)CCC(F)(F)F,567.490,5.160,,4.474,82.250,0,5,9,-6.015,2,-6.241,2.400,
R3,emap3_Bn-4OCF3_OCH2F,CCN(Cc1ccc(OC(F)(F)F)cc1)C(=O)Cn2c3c(cnc(n3)c4ccccc4)n(c2=O)COF,519.455,4.066,,3.304,91.480,0,6,9,-5.028,2,-6.460,3.600,
R3,emap3_Bn-4OCF3_OCH2CHF2,CCN(Cc1ccc(OC(F)(F)F)cc1)C(=O)Cn2c3c(cnc(n3)c4ccccc4)n(c2=O)COC(F)F,551.472,4.404,,3.642,91.480,0,6,10,-5.374,2,-6.302,3.000,
R3,emap3_Bn-4OCF3_OCH2CF3,CCN(Cc1ccc(OC(F)(F)F)cc1)C(=O)Cn2c3c(cnc(n3)c4ccccc4)n(c2=O)COC(F)(F)F,569.462,4.701,,3.939,91.480,0,6,9,-5.738,2,-6.469,2.400,
R3,emap3_Bn-4OCF3_OCH2CH2F,CCN(Cc1ccc(OC(F)(F)F)cc1)C(=O)Cn2c3c(cnc(n3)c4ccccc4)n(c2=O)COCF,533.482,4.108,,3.346,91.480,0,6,10,-5.076,2,-6.156,3.600,
R3,emap3_Bn-4OCF3_OCH2CH2CF3,CCN(Cc1ccc(OC(F)(F)F)cc1)C(=O)Cn2c3c(cnc(n3)c4ccccc4)n(c2=O)COCC(F)(F)F,583.489,4.744,,3.981,91.480,0,6,10,-5.786,2,-5.772,2.400,
R3,emap3_Bn-4OCF3_OCH2CH2CHF2,CCN(Cc1ccc(OC(F)(F)F)cc1)C(=O)Cn2c3c(cnc(n3)c4ccccc4)n(c2=O)COCC(F)F,565.499,4.447,,3.684,91.480,0,6,11,-5.421,2,-6.388,3.000,
R3,emap3_Bn-4OCF3_OCH2CH2CH2F,CCN(Cc1ccc(OC(F)(F)F)cc1)C(=O)Cn2c3c(cnc(n3)c4ccccc4)n(c2=O)COCCF,547.509,4.151,,3.389,91.480,0,6,11,-5.124,2,-6.108,3.600,
R3,emap3_Bn-4OCF3_OCH2CH2CH2CF3,CCN(Cc1ccc(OC(F)(F)F)cc1)C(=O)Cn2c3c(cnc(n3)c4ccccc4)n(c2=O)COCCC(F)(F)F,597.516,5.134,,4.371,91.480,0,6,11,-6.053,2,-5.810,1.800,
R3,emap3_Bn-4OCF3_CH2SiMe3,CCN(Cc1ccc(OC(F)(F)F)cc1)C(=O)Cn2c3c(cnc(n3)c4ccccc4)n(c2=O)C[Si](C)(C)C,557.649,5.085,,4.399,82.250,0,5,9,-5.907,2,-6.086,2.400,
R3,emap3_Bn-4OCF3_CH2CH2SiMe3,CCN(Cc1ccc(OC(F)(F)F)cc1)C(=O)Cn2c3c(cnc(n3)c4ccccc4)n(c2=O)CC[Si](C)(C)C,571.676,5.546,,4.860,82.250,0,5,10,-6.218,2,-6.329,1.800,
R3,emap3_Bn-4OCF3_OSiMe3,CCN(Cc1ccc(OC(F)(F)F)cc1)C(=O)Cn2c3c(cnc(n3)c4ccccc4)n(c2=O)O[Si](C)(C)C,559.621,4.471,,3.708,91.480,0,6,9,-5.532,2,-6.064,3.000,
R3,emap3_Bn-4OCF3_CH2SiEt3,CCN(Cc1ccc(OC(F)(F)F)cc1)C(=O)Cn2c3c(cnc(n3)c4ccccc4)n(c2=O)C[Si](CC)(CC)CC,599.730,6.255,,5.570,82.250,0,5,12,-6.707,2,-6.011,1.800,
R3,emap3_Bn-4OCF3_tBu,CCN(Cc1ccc(OC(F)(F)F)cc1)C(=O)Cn2c3c(cnc(n3)c4ccccc4)n(c2=O)C(C)(C)C,527.547,4.962,,4.277,82.250,0,5,7,-5.775,1,-6.817,3.000,
R3,emap3_Bn-4OCF3_BnCH2,CCN(Cc1ccc(OC(F)(F)F)cc1)C(=O)Cn2c3c(cnc(n3)c4ccccc4)n(c2=O)Cc1ccccc1C,575.591,5.564,,4.879,82.250,0,5,9,-6.320,2,-6.604,1.800,
R3,emap3_Bn-4OCF3_PhCH2F,CCN(Cc1ccc(OC(F)(F)F)cc1)C(=O)Cn2c3c(cnc(n3)c4ccccc4)n(c2=O)c1ccccc1CF,579.554,5.666,,4.981,82.250,0,5,9,-6.409,2,-6.172,1.800,
R3,emap3_Bn-4OCF3_OCH2CF2H,CCN(Cc1ccc(OC(F)(F)F)cc1)C(=O)Cn2c3c(cnc(n3)c4ccccc4)n(c2=O)COC(F)F,551.472,4.404,,3.642,91.480,0,6,10,-5.374,2,-6.208,3.000,
R3,emap3_Bn-4OCF3_OCH2CH2CF2H,CCN(Cc1ccc(OC(F)(F)F)cc1)C(=O)Cn2c3c(cnc(n3)c4ccccc4)n(c2=O)COCC(F)F,565.499,4.447,,3.684,91.480,0,6,11,-5.421,2,-6.452,3.000,
R3,emap3_Bn-4OCF3_CH2CF2H,CCN(Cc1ccc(OC(F)(F)F)cc1)C(=O)Cn2c3c(cnc(n3)c4ccccc4)n(c2=O)C(F)F,521.446,4.602,,3.917,82.250,0,5,8,-5.444,1,-6.671,3.600,
R3,emap3_Bn-4OCF3_CH2CH2CF2H,CCN(Cc1ccc(OC(F)(F)F)cc1)C(=O)Cn2c3c(cnc(n3)c4ccccc4)n(c2=O)CC(F)F,535.473,4.472,,3.787,82.250,0,5,9,-5.384,1,-6.462,4.200,
R3,emap3_Bn-4OCF3_OCH2CH2CH2CHF2,CCN(Cc1ccc(OC(F)(F)F)cc1)C(=O)Cn2c3c(cnc(n3)c4ccccc4)n(c2=O)COCCC(F)F,579.526,4.837,,4.074,91.480,0,6,12,-5.688,2,-6.499,1.800,
R3,emap3_Bn-4OCF3_CH2CH2CF2CF3,CCN(Cc1ccc(OC(F)(F)F)cc1)C(=O)Cn2c3c(cnc(n3)c4ccccc4)n(c2=O)CC(F)C(F)(F)F,585.480,5.108,,4.422,82.250,0,5,9,-6.094,2,-6.429,2.400,
R3,emap3_Bn-4OCF3_CH2CF2CF3,CCN(Cc1ccc(OC(F)(F)F)cc1)C(=O)Cn2c3c(cnc(n3)c4ccccc4)n(c2=O)C(F)C(F)(F)F,571.453,5.238,,4.552,82.250,0,5,8,-6.155,2,-6.362,1.800,
R3,emap3_Bn-4OCF3_CH2CH2CH2CF2CF3,CCN(Cc1ccc(OC(F)(F)F)cc1)C(=O)Cn2c3c(cnc(n3)c4ccccc4)n(c2=O)CCC(F)C(F)(F)F,599.507,5.498,,4.812,82.250,0,5,10,-6.361,2,-6.047,1.800,
R3,emap3_Bn-4OCF3_CH2CH2CF2CH3,CCN(Cc1ccc(OC(F)(F)F)cc1)C(=O)Cn2c3c(cnc(n3)c4ccccc4)n(c2=O)CC(F)C,531.510,4.565,,3.880,82.250,0,5,9,-5.418,1,-6.454,3.600,
R3,emap3_Bn-4OCF3_OCH2CF2CF3,CCN(Cc1ccc(OC(F)(F)F)cc1)C(=O)Cn2c3c(cnc(n3)c4ccccc4)n(c2=O)COC(F)C(F)(F)F,601.479,5.039,,4.277,91.480,0,6,10,-6.084,2,-6.461,1.800,
R3,emap3_Bn-4OCF3_OCH2CF2CH3,CCN(Cc1ccc(OC(F)(F)F)cc1)C(=O)Cn2c3c(cnc(n3)c4ccccc4)n(c2=O)COC(F)C,547.509,4.497,,3.735,91.480,0,6,10,-5.408,2,-6.280,3.600,
R3,emap3_Bn-4OCF3_OCH2CH2CF2CF3,CCN(Cc1ccc(OC(F)(F)F)cc1)C(=O)Cn2c3c(cnc(n3)c4ccccc4)n(c2=O)COCC(F)C(F)(F)F,615.506,5.082,,4.319,91.480,0,6,11,-6.132,2,-5.867,1.800,
R3,emap3_Bn-4OCF3_CH2CF2CH2F,CCN(Cc1ccc(OC(F)(F)F)cc1)C(=O)Cn2c3c(cnc(n3)c4ccccc4)n(c2=O)C(F)CF,535.473,4.645,,3.959,82.250,0,5,9,-5.492,1,-6.350,3.600,
R3,emap3_Bn-4OCF3_CH2CH2CF2CH2F,CCN(Cc1ccc(OC(F)(F)F)cc1)C(=O)Cn2c3c(cnc(n3)c4ccccc4)n(c2=O)CC(F)CF,549.500,4.515,,3.829,82.250,0,5,10,-5.431,1,-6.306,3.600,
R3,emap3_Bn-4OCF3_OCH2CF2CH2F,CCN(Cc1ccc(OC(F)(F)F)cc1)C(=O)Cn2c3c(cnc(n3)c4ccccc4)n(c2=O)COC(F)CF,565.499,4.447,,3.684,91.480,0,6,11,-5.421,2,-6.388,3.000,
R3,emap3_Bn-4OCF3_CH2CH2CF2CH2CHF2,CCN(Cc1ccc(OC(F)(F)F)cc1)C(=O)Cn2c3c(cnc(n3)c4ccccc4)n(c2=O)CC(F)C(F)F,567.490,4.811,,4.125,82.250,0,5,10,-5.729,2,-6.411,2.400,
R3,emap3_Bn-4OCF3_CH2CH2CF2CH2CF3,CCN(Cc1ccc(OC(F)(F)F)cc1)C(=O)Cn2c3c(cnc(n3)c4ccccc4)n(c2=O)CC(F)C(F)(F)F,585.480,5.108,,4.422,82.250,0,5,9,-6.094,2,-6.468,2.400,
R3,emap3_Bn-4OCF3_OCH2CH2CF2CH2F,CCN(Cc1ccc(OC(F)(F)F)cc1)C(=O)Cn2c3c(cnc(n3)c4ccccc4)n(c2=O)COCC(F)CF,579.526,4.489,,3.727,91.480,0,6,12,-5.469,2,-6.378,3.000,
R3,emap3_Bn-4OCF3_CH2CH2CF2CH2CH2F,CCN(Cc1ccc(OC(F)(F)F)cc1)C(=O)Cn2c3c(cnc(n3)c4ccccc4)n(c2=O)CC(F)CCF,563.527,4.905,,4.220,82.250,0,5,11,-5.698,2,-6.355,2.400,
R3,emap3_Bn-4OCF3_CH2CF2CH2CH2F,CCN(Cc1ccc(OC(F)(F)F)cc1)C(=O)Cn2c3c(cnc(n3)c4ccccc4)n(c2=O)C(F)CCF,549.500,5.035,,4.350,82.250,0,5,10,-5.759,1,-6.289,3.000,
R3,emap3_Bn-4OCF3_CH2CF2CH2CHF2,CCN(Cc1ccc(OC(F)(F)F)cc1)C(=O)Cn2c3c(cnc(n3)c4ccccc4)n(c2=O)C(F)C(F)F,553.463,4.941,,4.255,82.250,0,5,9,-5.790,2,-6.520,2.400,
R3,emap3_Bn-4OCF3_CH2CF2CH2CF3,CCN(Cc1ccc(OC(F)(F)F)cc1)C(=O)Cn2c3c(cnc(n3)c4ccccc4)n(c2=O)C(F)C(F)(F)F,571.453,5.238,,4.552,82.250,0,5,8,-6.155,2,-6.326,1.800,
R3,emap3_Bn-4OCF3_OCH2CF2CH2CH2F,CCN(Cc1ccc(OC(F)(F)F)cc1)C(=O)Cn2c3c(cnc(n3)c4ccccc4)n(c2=O)COC(F)CCF,579.526,4.837,,4.074,91.480,0,6,12,-5.688,2,-5.796,1.800,
R3,emap3_Bn-4OCF3_OCH2CH2CF2CH2CH2F,CCN(Cc1ccc(OC(F)(F)F)cc1)C(=O)Cn2c3c(cnc(n3)c4ccccc4)n(c2=O)COCC(F)CCF,593.553,4.879,,4.117,91.480,0,6,13,-5.736,2,-6.386,1.800,
R3,emap3_Bn-4OCF3_CH2CH2CF2CH2CH2CHF2,CCN(Cc1ccc(OC(F)(F)F)cc1)C(=O)Cn2c3c(cnc(n3)c4ccccc4)n(c2=O)CC(F)CC(F)F,581.517,5.201,,4.515,82.250,0,5,11,-5.996,2,-6.601,1.800,
R3,emap3_Bn-4OCF3_CH2CH2CF2CH2CH2CF3,CCN(Cc1ccc(OC(F)(F)F)cc1)C(=O)Cn2c3c(cnc(n3)c4ccccc4)n(c2=O)CC(F)CC(F)(F)F,599.507,5.498,,4.812,82.250,0,5,10,-6.361,2,-5.802,1.800,
R3,emap3_Bn-4CF3_Me,CCN(Cc1ccc(C(F)(F)F)cc1)C(=O)Cn2c3c(cnc(n3)c4ccccc4)n(c2=O)C,469.467,3.865,,3.256,73.020,0,4,6,-4.789,0,-5.676,5.400,
R3,emap3_Bn-4CF3_Et,CCN(Cc1ccc(C(F)(F)F)cc1)C(=O)Cn2c3c(cnc(n3)c4ccccc4)n(c2=O)CC,483.494,4.347,,3.739,73.020,0,4,7,-5.115,0,-5.141,4.800,
R3,emap3_Bn-4CF3_nPr,CCN(Cc1ccc(C(F)(F)F)cc1)C(=O)Cn2c3c(cnc(n3)c4ccccc4)n(c2=O)CCC,497.521,4.738,,4.129,73.020,0,4,8,-5.381,1,-4.969,3.600,
R3,emap3_Bn-4CF3_nBu,CCN(Cc1ccc(C(F)(F)F)cc1)C(=O)Cn2c3c(cnc(n3)c4ccccc4)n(c2=O)CCCC,511.548,5.128,,4.519,73.020,0,4,9,-5.648,2,-5.316,2.400,
R3,emap3_Bn-4CF3_CH2F,CCN(Cc1ccc(C(F)(F)F)cc1)C(=O)Cn2c3c(cnc(n3)c4ccccc4)n(c2=O)CF,487.457,4.255,,3.646,73.020,0,4,7,-5.081,0,-5.117,4.800,
R3,emap3_Bn-4CF3_CH2CH2F,CCN(Cc1ccc(C(F)(F)F)cc1)C(=O)Cn2c3c(cnc(n3)c4ccccc4)n(c2=O)CCF,501.484,4.297,,3.689,73.020,0,4,8,-5.128,1,-6.438,4.200,
R3,emap3_Bn-4CF3_CH2CH2CH2F,CCN(Cc1ccc(C(F)(F)F)cc1)C(=O)Cn2c3c(cnc(n3)c4ccccc4)n(c2=O)CCCF,515.511,4.687,,4.079,73.020,0,4,9,-5.395,1,-5.677,3.000,
R3,emap3_Bn-4CF3_CH2CHF2,CCN(Cc1ccc(C(F)(F)F)cc1)C(=O)Cn2c3c(cnc(n3)c4ccccc4)n(c2=O)C(F)F,505.447,4.723,,4.114,73.020,0,4,7,-5.487,1,-5.959,3.000,
R3,emap3_Bn-4CF3_CH2CH2CHF2,CCN(Cc1ccc(C(F)(F)F)cc1)C(=O)Cn2c3c(cnc(n3)c4ccccc4)n(c2=O)CC(F)F,519.474,4.593,,3.984,73.020,0,4,8,-5.426,1,-7.029,3.600,
R3,emap3_Bn-4CF3_CH2CH2CH2CHF2,CCN(Cc1ccc(C(F)(F)F)cc1)C(=O)Cn2c3c(cnc(n3)c4ccccc4)n(c2=O)CCC(F)F,533.501,4.983,,4.374,73.020,0,4,9,-5.693,1,-6.685,3.000,
R3,emap3_Bn-4CF3_CH2CF3,CCN(Cc1ccc(C(F)(F)F)cc1)C(=O)Cn2c3c(cnc(n3)c4ccccc4)n(c2=O)C(F)(F)F,523.437,4.804,,4.195,73.020,0,4,6,-5.716,1,-5.455,3.000,
R3,emap3_Bn-4CF3_CH2CH2CF3,CCN(Cc1ccc(C(F)(F)F)cc1)C(=O)Cn2c3c(cnc(n3)c4ccccc4)n(c2=O)CC(F)(F)F,537.464,4.890,,4.281,73.020,0,4,7,-5.791,1,-5.515,3.000,
R3,emap3_Bn-4CF3_CH2CH2CH2CF3,CCN(Cc1ccc(C(F)(F)F)cc1)C(=O)Cn2c3c(cnc(n3)c4ccccc4)n(c2=O)CCC(F)(F)F,551.491,5.280,,4.671,73.020,0,4,8,-6.058,2,-5.299,1.800,
R3,emap3_Bn-4CF3_OCH2F,CCN(Cc1ccc(C(F)(F)F)cc1)C(=O)Cn2c3c(cnc(n3)c4ccccc4)n(c2=O)COF,503.456,4.186,,3.501,82.250,0,5,8,-5.071,1,-4.896,4.200,
R3,emap3_Bn-4CF3_OCH2CHF2,CCN(Cc1ccc(C(F)(F)F)cc1)C(=O)Cn2c3c(cnc(n3)c4ccccc4)n(c2=O)COC(F)F,535.473,4.524,,3.839,82.250,0,5,9,-5.416,1,-5.696,3.600,
R3,emap3_Bn-4CF3_OCH2CF3,CCN(Cc1ccc(C(F)(F)F)cc1)C(=O)Cn2c3c(cnc(n3)c4ccccc4)n(c2=O)COC(F)(F)F,553.463,4.821,,4.136,82.250,0,5,8,-5.781,2,-5.971,2.400,
R3,emap3_Bn-4CF3_OCH2CH2F,CCN(Cc1ccc(C(F)(F)F)cc1)C(=O)Cn2c3c(cnc(n3)c4ccccc4)n(c2=O)COCF,517.483,4.229,,3.543,82.250,0,5,9,-5.118,1,-5.371,4.200,
R3,emap3_Bn-4CF3_OCH2CH2CF3,CCN(Cc1ccc(C(F)(F)F)cc1)C(=O)Cn2c3c(cnc(n3)c4ccccc4)n(c2=O)COCC(F)(F)F,567.490,4.864,,4.178,82.250,0,5,9,-5.829,2,-5.505,2.400,
R3,emap3_Bn-4CF3_OCH2CH2CHF2,CCN(Cc1ccc(C(F)(F)F)cc1)C(=O)Cn2c3c(cnc(n3)c4ccccc4)n(c2=O)COCC(F)F,549.500,4.567,,3.881,82.250,0,5,10,-5.464,1,-5.272,3.600,
R3,emap3_Bn-4CF3_OCH2CH2CH2F,CCN(Cc1ccc(C(F)(F)F)cc1)C(=O)Cn2c3c(cnc(n3)c4ccccc4)n(c2=O)COCCF,531.510,4.271,,3.586,82.250,0,5,10,-5.166,1,-5.685,4.200,
R3,emap3_Bn-4CF3_OCH2CH2CH2CF3,CCN(Cc1ccc(C(F)(F)F)cc1)C(=O)Cn2c3c(cnc(n3)c4ccccc4)n(c2=O)COCCC(F)(F)F,581.517,5.254,,4.569,82.250,0,5,10,-6.095,2,-5.823,1.800,
R3,emap3_Bn-4CF3_CH2SiMe3,CCN(Cc1ccc(C(F)(F)F)cc1)C(=O)Cn2c3c(cnc(n3)c4ccccc4)n(c2=O)C[Si](C)(C)C,541.650,5.205,,4.596,73.020,0,4,8,-5.949,2,-5.456,2.400,
R3,emap3_Bn-4CF3_CH2CH2SiMe3,CCN(Cc1ccc(C(F)(F)F)cc1)C(=O)Cn2c3c(cnc(n3)c4ccccc4)n(c2=O)CC[Si](C)(C)C,555.677,5.666,,5.057,73.020,0,4,9,-6.261,2,-5.243,1.800,
R3,emap3_Bn-4CF3_OSiMe3,CCN(Cc1ccc(C(F)(F)F)cc1)C(=O)Cn2c3c(cnc(n3)c4ccccc4)n(c2=O)O[Si](C)(C)C,543.622,4.591,,3.906,82.250,0,5,8,-5.575,1,-5.874,3.600,
R3,emap3_Bn-4CF3_CH2SiEt3,CCN(Cc1ccc(C(F)(F)F)cc1)C(=O)Cn2c3c(cnc(n3)c4ccccc4)n(c2=O)C[Si](CC)(CC)CC,583.731,6.375,,5.767,73.020,0,4,11,-6.750,2,-5.299,1.800,
R3,emap3_Bn-4CF3_tBu,CCN(Cc1ccc(C(F)(F)F)cc1)C(=O)Cn2c3c(cnc(n3)c4ccccc4)n(c2=O)C(C)(C)C,511.548,5.083,,4.474,73.020,0,4,6,-5.818,1,-6.021,3.000,
R3,emap3_Bn-4CF3_BnCH2,CCN(Cc1ccc(C(F)(F)F)cc1)C(=O)Cn2c3c(cnc(n3)c4ccccc4)n(c2=O)Cc1ccccc1C,559.592,5.684,,5.076,73.020,0,4,8,-6.363,2,-6.345,1.800,
R3,emap3_Bn-4CF3_PhCH2F,CCN(Cc1ccc(C(F)(F)F)cc1)C(=O)Cn2c3c(cnc(n3)c4ccccc4)n(c2=O)c1ccccc1CF,563.555,5.786,,5.178,73.020,0,4,8,-6.451,2,-7.149,1.800,
R3,emap3_Bn-4CF3_OCH2CF2H,CCN(Cc1ccc(C(F)(F)F)cc1)C(=O)Cn2c3c(cnc(n3)c4ccccc4)n(c2=O)COC(F)F,535.473,4.524,,3.839,82.250,0,5,9,-5.416,1,-5.582,3.600,
R3,emap3_Bn-4CF3_OCH2CH2CF2H,CCN(Cc1ccc(C(F)(F)F)cc1)C(=O)Cn2c3c(cnc(n3)c4ccccc4)n(c2=O)COCC(F)F,549.500,4.567,,3.881,82.250,0,5,10,-5.464,1,-6.503,3.600,
R3,emap3_Bn-4CF3_CH2CF2H,CCN(Cc1ccc(C(F)(F)F)cc1)C(=O)Cn2c3c(cnc(n3)c4ccccc4)n(c2=O)C(F)F,505.447,4.723,,4.114,73.020,0,4,7,-5.487,1,-5.960,3.000,
R3,emap3_Bn-4CF3_CH2CH2CF2H,CCN(Cc1ccc(C(F)(F)F)cc1)C(=O)Cn2c3c(cnc(n3)c4ccccc4)n(c2=O)CC(F)F,519.474,4.593,,3.984,73.020,0,4,8,-5.426,1,-5.412,3.600,
R3,emap3_Bn-4CF3_OCH2CH2CH2CHF2,CCN(Cc1ccc(C(F)(F)F)cc1)C(=O)Cn2c3c(cnc(n3)c4ccccc4)n(c2=O)COCCC(F)F,563.527,4.957,,4.271,82.250,0,5,11,-5.731,2,-5.655,2.400,
R3,emap3_Bn-4CF3_CH2CH2CF2CF3,CCN(Cc1ccc(C(F)(F)F)cc1)C(=O)Cn2c3c(cnc(n3)c4ccccc4)n(c2=O)CC(F)C(F)(F)F,569.481,5.228,,4.619,73.020,0,4,8,-6.136,2,-5.476,1.800,
R3,emap3_Bn-4CF3_CH2CF2CF3,CCN(Cc1ccc(C(F)(F)F)cc1)C(=O)Cn2c3c(cnc(n3)c4ccccc4)n(c2=O)C(F)C(F)(F)F,555.454,5.358,,4.749,73.020,0,4,7,-6.197,2,-5.567,1.800,
R3,emap3_Bn-4CF3_CH2CH2CH2CF2CF3,CCN(Cc1ccc(C(F)(F)F)cc1)C(=O)Cn2c3c(cnc(n3)c4ccccc4)n(c2=O)CCC(F)C(F)(F)F,583.508,5.618,,5.010,73.020,0,4,9,-6.403,2,-6.021,1.800,
R3,emap3_Bn-4CF3_CH2CH2CF2CH3,CCN(Cc1ccc(C(F)(F)F)cc1)C(=O)Cn2c3c(cnc(n3)c4ccccc4)n(c2=O)CC(F)C,515.511,4.686,,4.077,73.020,0,4,8,-5.460,1,-5.253,3.000,
R3,emap3_Bn-4CF3_OCH2CF2CF3,CCN(Cc1ccc(C(F)(F)F)cc1)C(=O)Cn2c3c(cnc(n3)c4ccccc4)n(c2=O)COC(F)C(F)(F)F,585.480,5.160,,4.474,82.250,0,5,9,-6.126,2,-6.346,2.400,
R3,emap3_Bn-4CF3_OCH2CF2CH3,CCN(Cc1ccc(C(F)(F)F)cc1)C(=O)Cn2c3c(cnc(n3)c4ccccc4)n(c2=O)COC(F)C,531.510,4.617,,3.932,82.250,0,5,9,-5.450,1,-5.621,3.600,
R3,emap3_Bn-4CF3_OCH2CH2CF2CF3,CCN(Cc1ccc(C(F)(F)F)cc1)C(=O)Cn2c3c(cnc(n3)c4ccccc4)n(c2=O)COCC(F)C(F)(F)F,599.507,5.202,,4.517,82.250,0,5,10,-6.174,2,-5.977,1.800,
R3,emap3_Bn-4CF3_CH2CF2CH2F,CCN(Cc1ccc(C(F)(F)F)cc1)C(=O)Cn2c3c(cnc(n3)c4ccccc4)n(c2=O)C(F)CF,519.474,4.765,,4.157,73.020,0,4,8,-5.535,1,-5.847,3.000,
R3,emap3_Bn-4CF3_CH2CH2CF2CH2F,CCN(Cc1ccc(C(F)(F)F)cc1)C(=O)Cn2c3c(cnc(n3)c4ccccc4)n(c2=O)CC(F)CF,533.501,4.635,,4.027,73.020,0,4,9,-5.474,1,-5.477,3.000,
R3,emap3_Bn-4CF3_OCH2CF2CH2F,CCN(Cc1ccc(C(F)(F)F)cc1)C(=O)Cn2c3c(cnc(n3)c4ccccc4)n(c2=O)COC(F)CF,549.500,4.567,,3.881,82.250,0,5,10,-5.464,1,-5.843,3.600,
R3,emap3_Bn-4CF3_CH2CH2CF2CH2CHF2,CCN(Cc1ccc(C(F)(F)F)cc1)C(=O)Cn2c3c(cnc(n3)c4ccccc4)n(c2=O)CC(F)C(F)F,551.491,4.931,,4.322,73.020,0,4,9,-5.772,2,-6.407,2.400,
R3,emap3_Bn-4CF3_CH2CH2CF2CH2CF3,CCN(Cc1ccc(C(F)(F)F)cc1)C(=O)Cn2c3c(cnc(n3)c4ccccc4)n(c2=O)CC(F)C(F)(F)F,569.481,5.228,,4.619,73.020,0,4,8,-6.136,2,-5.308,1.800,
R3,emap3_Bn-4CF3_OCH2CH2CF2CH2F,CCN(Cc1ccc(C(F)(F)F)cc1)C(=O)Cn2c3c(cnc(n3)c4ccccc4)n(c2=O)COCC(F)CF,563.527,4.609,,3.924,82.250,0,5,11,-5.512,2,-5.557,3.000,
R3,emap3_Bn-4CF3_CH2CH2CF2CH2CH2F,CCN(Cc1ccc(C(F)(F)F)cc1)C(=O)Cn2c3c(cnc(n3)c4ccccc4)n(c2=O)CC(F)CCF,547.528,5.025,,4.417,73.020,0,4,10,-5.741,1,-6.557,3.000,
R3,emap3_Bn-4CF3_CH2CF2CH2CH2F,CCN(Cc1ccc(C(F)(F)F)cc1)C(=O)Cn2c3c(cnc(n3)c4ccccc4)n(c2=O)C(F)CCF,533.501,5.155,,4.547,73.020,0,4,9,-5.801,2,-5.773,2.400,
R3,emap3_Bn-4CF3_CH2CF2CH2CHF2,CCN(Cc1ccc(C(F)(F)F)cc1)C(=O)Cn2c3c(cnc(n3)c4ccccc4)n(c2=O)C(F)C(F)F,537.464,5.061,,4.452,73.020,0,4,8,-5.833,1,-5.480,3.000,
R3,emap3_Bn-4CF3_CH2CF2CH2CF3,CCN(Cc1ccc(C(F)(F)F)cc1)C(=O)Cn2c3c(cnc(n3)c4ccccc4)n(c2=O)C(F)C(F)(F)F,555.454,5.358,,4.749,73.020,0,4,7,-6.197,2,-5.683,1.800,
R3,emap3_Bn-4CF3_OCH2CF2CH2CH2F,CCN(Cc1ccc(C(F)(F)F)cc1)C(=O)Cn2c3c(cnc(n3)c4ccccc4)n(c2=O)COC(F)CCF,563.527,4.957,,4.271,82.250,0,5,11,-5.731,2,-5.516,2.400,
R3,emap3_Bn-4CF3_OCH2CH2CF2CH2CH2F,CCN(Cc1ccc(C(F)(F)F)cc1)C(=O)Cn2c3c(cnc(n3)c4ccccc4)n(c2=O)COCC(F)CCF,577.554,4.999,,4.314,82.250,0,5,12,-5.778,2,-5.262,2.400,
R3,emap3_Bn-4CF3_CH2CH2CF2CH2CH2CHF2,CCN(Cc1ccc(C(F)(F)F)cc1)C(=O)Cn2c3c(cnc(n3)c4ccccc4)n(c2=O)CC(F)CC(F)F,565.518,5.321,,4.712,73.020,0,4,10,-6.038,2,-5.618,1.800,
R3,emap3_Bn-4CF3_CH2CH2CF2CH2CH2CF3,CCN(Cc1ccc(C(F)(F)F)cc1)C(=O)Cn2c3c(cnc(n3)c4ccccc4)n(c2=O)CC(F)CC(F)(F)F,583.508,5.618,,5.010,73.020,0,4,9,-6.403,2,-6.297,1.800,
R3,emap3_Bn-3CF3_Me,CCN(Cc1cc(C(F)(F)F)ccc1)C(=O)Cn2c3c(cnc(n3)c4ccccc4)n(c2=O)C,469.467,3.865,,3.256,73.020,0,4,6,-4.789,0,-5.689,5.400,
R3,emap3_Bn-3CF3_Et,CCN(Cc1cc(C(F)(F)F)ccc1)C(=O)Cn2c3c(cnc(n3)c4ccccc4)n(c2=O)CC,483.494,4.347,,3.739,73.020,0,4,7,-5.115,0,-5.406,4.800,
R3,emap3_Bn-3CF3_nPr,CCN(Cc1cc(C(F)(F)F)ccc1)C(=O)Cn2c3c(cnc(n3)c4ccccc4)n(c2=O)CCC,497.521,4.738,,4.129,73.020,0,4,8,-5.381,1,-5.531,3.600,
R3,emap3_Bn-3CF3_nBu,CCN(Cc1cc(C(F)(F)F)ccc1)C(=O)Cn2c3c(cnc(n3)c4ccccc4)n(c2=O)CCCC,511.548,5.128,,4.519,73.020,0,4,9,-5.648,2,-6.676,2.400,
R3,emap3_Bn-3CF3_CH2F,CCN(Cc1cc(C(F)(F)F)ccc1)C(=O)Cn2c3c(cnc(n3)c4ccccc4)n(c2=O)CF,487.457,4.255,,3.646,73.020,0,4,7,-5.081,0,-5.377,4.800,
R3,emap3_Bn-3CF3_CH2CH2F,CCN(Cc1cc(C(F)(F)F)ccc1)C(=O)Cn2c3c(cnc(n3)c4ccccc4)n(c2=O)CCF,501.484,4.297,,3.689,73.020,0,4,8,-5.128,1,-5.487,4.200,
R3,emap3_Bn-3CF3_CH2CH2CH2F,CCN(Cc1cc(C(F)(F)F)ccc1)C(=O)Cn2c3c(cnc(n3)c4ccccc4)n(c2=O)CCCF,515.511,4.687,,4.079,73.020,0,4,9,-5.395,1,-6.603,3.000,
R3,emap3_Bn-3CF3_CH2CHF2,CCN(Cc1cc(C(F)(F)F)ccc1)C(=O)Cn2c3c(cnc(n3)c4ccccc4)n(c2=O)C(F)F,505.447,4.723,,4.114,73.020,0,4,7,-5.487,1,-5.007,3.000,
R3,emap3_Bn-3CF3_CH2CH2CHF2,CCN(Cc1cc(C(F)(F)F)ccc1)C(=O)Cn2c3c(cnc(n3)c4ccccc4)n(c2=O)CC(F)F,519.474,4.593,,3.984,73.020,0,4,8,-5.426,1,-6.756,3.600,
R3,emap3_Bn-3CF3_CH2CH2CH2CHF2,CCN(Cc1cc(C(F)(F)F)ccc1)C(=O)Cn2c3c(cnc(n3)c4ccccc4)n(c2=O)CCC(F)F,533.501,4.983,,4.374,73.020,0,4,9,-5.693,1,-6.897,3.000,
R3,emap3_Bn-3CF3_CH2CF3,CCN(Cc1cc(C(F)(F)F)ccc1)C(=O)Cn2c3c(cnc(n3)c4ccccc4)n(c2=O)C(F)(F)F,523.437,4.804,,4.195,73.020,0,4,6,-5.716,1,-7.017,3.000,
R3,emap3_Bn-3CF3_CH2CH2CF3,CCN(Cc1cc(C(F)(F)F)ccc1)C(=O)Cn2c3c(cnc(n3)c4ccccc4)n(c2=O)CC(F)(F)F,537.464,4.890,,4.281,73.020,0,4,7,-5.791,1,-6.990,3.000,
R3,emap3_Bn-3CF3_CH2CH2CH2CF3,CCN(Cc1cc(C(F)(F)F)ccc1)C(=O)Cn2c3c(cnc(n3)c4ccccc4)n(c2=O)CCC(F)(F)F,551.491,5.280,,4.671,73.020,0,4,8,-6.058,2,-6.085,1.800,
R3,emap3_Bn-3CF3_OCH2F,CCN(Cc1cc(C(F)(F)F)ccc1)C(=O)Cn2c3c(cnc(n3)c4ccccc4)n(c2=O)COF,503.456,4.186,,3.501,82.250,0,5,8,-5.071,1,-4.910,4.200,
R3,emap3_Bn-3CF3_OCH2CHF2,CCN(Cc1cc(C(F)(F)F)ccc1)C(=O)Cn2c3c(cnc(n3)c4ccccc4)n(c2=O)COC(F)F,535.473,4.524,,3.839,82.250,0,5,9,-5.416,1,-5.492,3.600,
R3,emap3_Bn-3CF3_OCH2CF3,CCN(Cc1cc(C(F)(F)F)ccc1)C(=O)Cn2c3c(cnc(n3)c4ccccc4)n(c2=O)COC(F)(F)F,553.463,4.821,,4.136,82.250,0,5,8,-5.781,2,-6.927,2.400,
R3,emap3_Bn-3CF3_OCH2CH2F,CCN(Cc1cc(C(F)(F)F)ccc1)C(=O)Cn2c3c(cnc(n3)c4ccccc4)n(c2=O)COCF,517.483,4.229,,3.543,82.250,0,5,9,-5.118,1,-6.864,4.200,
R3,emap3_Bn-3CF3_OCH2CH2CF3,CCN(Cc1cc(C(F)(F)F)ccc1)C(=O)Cn2c3c(cnc(n3)c4ccccc4)n(c2=O)COCC(F)(F)F,567.490,4.864,,4.178,82.250,0,5,9,-5.829,2,-5.771,2.400,
R3,emap3_Bn-3CF3_OCH2CH2CHF2,CCN(Cc1cc(C(F)(F)F)ccc1)C(=O)Cn2c3c(cnc(n3)c4ccccc4)n(c2=O)COCC(F)F,549.500,4.567,,3.881,82.250,0,5,10,-5.464,1,-4.919,3.600,
R3,emap3_Bn-3CF3_OCH2CH2CH2F,CCN(Cc1cc(C(F)(F)F)ccc1)C(=O)Cn2c3c(cnc(n3)c4ccccc4)n(c2=O)COCCF,531.510,4.271,,3.586,82.250,0,5,10,-5.166,1,-5.474,4.200,
R3,emap3_Bn-3CF3_OCH2CH2CH2CF3,CCN(Cc1cc(C(F)(F)F)ccc1)C(=O)Cn2c3c(cnc(n3)c4ccccc4)n(c2=O)COCCC(F)(F)F,581.517,5.254,,4.569,82.250,0,5,10,-6.095,2,-6.697,1.800,
R3,emap3_Bn-3CF3_CH2SiMe3,CCN(Cc1cc(C(F)(F)F)ccc1)C(=O)Cn2c3c(cnc(n3)c4ccccc4)n(c2=O)C[Si](C)(C)C,541.650,5.205,,4.596,73.020,0,4,8,-5.949,2,-6.452,2.400,
R3,emap3_Bn-3CF3_CH2CH2SiMe3,CCN(Cc1cc(C(F)(F)F)ccc1)C(=O)Cn2c3c(cnc(n3)c4ccccc4)n(c2=O)CC[Si](C)(C)C,555.677,5.666,,5.057,73.020,0,4,9,-6.261,2,-6.285,1.800,
R3,emap3_Bn-3CF3_OSiMe3,CCN(Cc1cc(C(F)(F)F)ccc1)C(=O)Cn2c3c(cnc(n3)c4ccccc4)n(c2=O)O[Si](C)(C)C,543.622,4.591,,3.906,82.250,0,5,8,-5.575,1,-5.426,3.600,
R3,emap3_Bn-3CF3_CH2SiEt3,CCN(Cc1cc(C(F)(F)F)ccc1)C(=O)Cn2c3c(cnc(n3)c4ccccc4)n(c2=O)C[Si](CC)(CC)CC,583.731,6.375,,5.767,73.020,0,4,11,-6.750,2,-5.304,1.800,
R3,emap3_Bn-3CF3_tBu,CCN(Cc1cc(C(F)(F)F)ccc1)C(=O)Cn2c3c(cnc(n3)c4ccccc4)n(c2=O)C(C)(C)C,511.548,5.083,,4.474,73.020,0,4,6,-5.818,1,-5.405,3.000,
R3,emap3_Bn-3CF3_BnCH2,CCN(Cc1cc(C(F)(F)F)ccc1)C(=O)Cn2c3c(cnc(n3)c4ccccc4)n(c2=O)Cc1ccccc1C,559.592,5.684,,5.076,73.020,0,4,8,-6.363,2,-6.824,1.800,
R3,emap3_Bn-3CF3_PhCH2F,CCN(Cc1cc(C(F)(F)F)ccc1)C(=O)Cn2c3c(cnc(n3)c4ccccc4)n(c2=O)c1ccccc1CF,563.555,5.786,,5.178,73.020,0,4,8,-6.451,2,-5.763,1.800,
R3,emap3_Bn-3CF3_OCH2CF2H,CCN(Cc1cc(C(F)(F)F)ccc1)C(=O)Cn2c3c(cnc(n3)c4ccccc4)n(c2=O)COC(F)F,535.473,4.524,,3.839,82.250,0,5,9,-5.416,1,-6.721,3.600,
R3,emap3_Bn-3CF3_OCH2CH2CF2H,CCN(Cc1cc(C(F)(F)F)ccc1)C(=O)Cn2c3c(cnc(n3)c4ccccc4)n(c2=O)COCC(F)F,549.500,4.567,,3.881,82.250,0,5,10,-5.464,1,-4.935,3.600,
R3,emap3_Bn-3CF3_CH2CF2H,CCN(Cc1cc(C(F)(F)F)ccc1)C(=O)Cn2c3c(cnc(n3)c4ccccc4)n(c2=O)C(F)F,505.447,4.723,,4.114,73.020,0,4,7,-5.487,1,-5.054,3.000,
R3,emap3_Bn-3CF3_CH2CH2CF2H,CCN(Cc1cc(C(F)(F)F)ccc1)C(=O)Cn2c3c(cnc(n3)c4ccccc4)n(c2=O)CC(F)F,519.474,4.593,,3.984,73.020,0,4,8,-5.426,1,-5.622,3.600,
R3,emap3_Bn-3CF3_OCH2CH2CH2CHF2,CCN(Cc1cc(C(F)(F)F)ccc1)C(=O)Cn2c3c(cnc(n3)c4ccccc4)n(c2=O)COCCC(F)F,563.527,4.957,,4.271,82.250,0,5,11,-5.731,2,-6.677,2.400,
R3,emap3_Bn-3CF3_CH2CH2CF2CF3,CCN(Cc1cc(C(F)(F)F)ccc1)C(=O)Cn2c3c(cnc(n3)c4ccccc4)n(c2=O)CC(F)C(F)(F)F,569.481,5.228,,4.619,73.020,0,4,8,-6.136,2,-6.756,1.800,
R3,emap3_Bn-3CF3_CH2CF2CF3,CCN(Cc1cc(C(F)(F)F)ccc1)C(=O)Cn2c3c(cnc(n3)c4ccccc4)n(c2=O)C(F)C(F)(F)F,555.454,5.358,,4.749,73.020,0,4,7,-6.197,2,-5.451,1.800,
R3,emap3_Bn-3CF3_CH2CH2CH2CF2CF3,CCN(Cc1cc(C(F)(F)F)ccc1)C(=O)Cn2c3c(cnc(n3)c4ccccc4)n(c2=O)CCC(F)C(F)(F)F,583.508,5.618,,5.010,73.020,0,4,9,-6.403,2,-6.417,1.800,
R3,emap3_Bn-3CF3_CH2CH2CF2CH3,CCN(Cc1cc(C(F)(F)F)ccc1)C(=O)Cn2c3c(cnc(n3)c4ccccc4)n(c2=O)CC(F)C,515.511,4.686,,4.077,73.020,0,4,8,-5.460,1,-6.725,3.000,
R3,emap3_Bn-3CF3_OCH2CF2CF3,CCN(Cc1cc(C(F)(F)F)ccc1)C(=O)Cn2c3c(cnc(n3)c4ccccc4)n(c2=O)COC(F)C(F)(F)F,585.480,5.160,,4.474,82.250,0,5,9,-6.126,2,-6.438,2.400,
R3,emap3_Bn-3CF3_OCH2CF2CH3,CCN(Cc1cc(C(F)(F)F)ccc1)C(=O)Cn2c3c(cnc(n3)c4ccccc4)n(c2=O)COC(F)C,531.510,4.617,,3.932,82.250,0,5,9,-5.450,1,-5.519,3.600,
R3,emap3_Bn-3CF3_OCH2CH2CF2CF3,CCN(Cc1cc(C(F)(F)F)ccc1)C(=O)Cn2c3c(cnc(n3)c4ccccc4)n(c2=O)COCC(F)C(F)(F)F,599.507,5.202,,4.517,82.250,0,5,10,-6.174,2,-5.489,1.800,
R3,emap3_Bn-3CF3_CH2CF2CH2F,CCN(Cc1cc(C(F)(F)F)ccc1)C(=O)Cn2c3c(cnc(n3)c4ccccc4)n(c2=O)C(F)CF,519.474,4.765,,4.157,73.020,0,4,8,-5.535,1,-6.618,3.000,
R3,emap3_Bn-3CF3_CH2CH2CF2CH2F,CCN(Cc1cc(C(F)(F)F)ccc1)C(=O)Cn2c3c(cnc(n3)c4ccccc4)n(c2=O)CC(F)CF,533.501,4.635,,4.027,73.020,0,4,9,-5.474,1,-6.618,3.000,
R3,emap3_Bn-3CF3_OCH2CF2CH2F,CCN(Cc1cc(C(F)(F)F)ccc1)C(=O)Cn2c3c(cnc(n3)c4ccccc4)n(c2=O)COC(F)CF,549.500,4.567,,3.881,82.250,0,5,10,-5.464,1,-5.684,3.600,
R3,emap3_Bn-3CF3_CH2CH2CF2CH2CHF2,CCN(Cc1cc(C(F)(F)F)ccc1)C(=O)Cn2c3c(cnc(n3)c4ccccc4)n(c2=O)CC(F)C(F)F,551.491,4.931,,4.322,73.020,0,4,9,-5.772,2,-6.652,2.400,
R3,emap3_Bn-3CF3_CH2CH2CF2CH2CF3,CCN(Cc1cc(C(F)(F)F)ccc1)C(=O)Cn2c3c(cnc(n3)c4ccccc4)n(c2=O)CC(F)C(F)(F)F,569.481,5.228,,4.619,73.020,0,4,8,-6.136,2,-5.190,1.800,
R3,emap3_Bn-3CF3_OCH2CH2CF2CH2F,CCN(Cc1cc(C(F)(F)F)ccc1)C(=O)Cn2c3c(cnc(n3)c4ccccc4)n(c2=O)COCC(F)CF,563.527,4.609,,3.924,82.250,0,5,11,-5.512,2,-5.479,3.000,
R3,emap3_Bn-3CF3_CH2CH2CF2CH2CH2F,CCN(Cc1cc(C(F)(F)F)ccc1)C(=O)Cn2c3c(cnc(n3)c4ccccc4)n(c2=O)CC(F)CCF,547.528,5.025,,4.417,73.020,0,4,10,-5.741,1,-6.465,3.000,
R3,emap3_Bn-3CF3_CH2CF2CH2CH2F,CCN(Cc1cc(C(F)(F)F)ccc1)C(=O)Cn2c3c(cnc(n3)c4ccccc4)n(c2=O)C(F)CCF,533.501,5.155,,4.547,73.020,0,4,9,-5.801,2,-6.578,2.400,
R3,emap3_Bn-3CF3_CH2CF2CH2CHF2,CCN(Cc1cc(C(F)(F)F)ccc1)C(=O)Cn2c3c(cnc(n3)c4ccccc4)n(c2=O)C(F)C(F)F,537.464,5.061,,4.452,73.020,0,4,8,-5.833,1,-5.580,3.000,
R3,emap3_Bn-3CF3_CH2CF2CH2CF3,CCN(Cc1cc(C(F)(F)F)ccc1)C(=O)Cn2c3c(cnc(n3)c4ccccc4)n(c2=O)C(F)C(F)(F)F,555.454,5.358,,4.749,73.020,0,4,7,-6.197,2,-5.440,1.800,
R3,emap3_Bn-3CF3_OCH2CF2CH2CH2F,CCN(Cc1cc(C(F)(F)F)ccc1)C(=O)Cn2c3c(cnc(n3)c4ccccc4)n(c2=O)COC(F)CCF,563.527,4.957,,4.271,82.250,0,5,11,-5.731,2,-6.687,2.400,
R3,emap3_Bn-3CF3_OCH2CH2CF2CH2CH2F,CCN(Cc1cc(C(F)(F)F)ccc1)C(=O)Cn2c3c(cnc(n3)c4ccccc4)n(c2=O)COCC(F)CCF,577.554,4.999,,4.314,82.250,0,5,12,-5.778,2,-6.697,2.400,
R3,emap3_Bn-3CF3_CH2CH2CF2CH2CH2CHF2,CCN(Cc1cc(C(F)(F)F)ccc1)C(=O)Cn2c3c(cnc(n3)c4ccccc4)n(c2=O)CC(F)CC(F)F,565.518,5.321,,4.712,73.020,0,4,10,-6.038,2,-5.679,1.800,
R3,emap3_Bn-3CF3_CH2CH2CF2CH2CH2CF3,CCN(Cc1cc(C(F)(F)F)ccc1)C(=O)Cn2c3c(cnc(n3)c4ccccc4)n(c2=O)CC(F)CC(F)(F)F,583.508,5.618,,5.010,73.020,0,4,9,-6.403,2,-5.996,1.800,
R3,emap3_Bn-4CF2H_Me,CCN(Cc1ccc(C(F)F)cc1)C(=O)Cn2c3c(cnc(n3)c4ccccc4)n(c2=O)C,451.477,3.783,,3.175,73.020,0,4,7,-4.561,0,-5.626,5.400,
R3,emap3_Bn-4CF2H_Et,CCN(Cc1ccc(C(F)F)cc1)C(=O)Cn2c3c(cnc(n3)c4ccccc4)n(c2=O)CC,465.504,4.266,,3.658,73.020,0,4,8,-4.886,0,-5.625,4.800,
R3,emap3_Bn-4CF2H_nPr,CCN(Cc1ccc(C(F)F)cc1)C(=O)Cn2c3c(cnc(n3)c4ccccc4)n(c2=O)CCC,479.531,4.656,,4.048,73.020,0,4,9,-5.153,1,-5.780,3.600,
R3,emap3_Bn-4CF2H_nBu,CCN(Cc1ccc(C(F)F)cc1)C(=O)Cn2c3c(cnc(n3)c4ccccc4)n(c2=O)CCCC,493.558,5.046,,4.438,73.020,0,4,10,-5.419,1,-4.946,3.600,
R3,emap3_Bn-4CF2H_CH2F,CCN(Cc1ccc(C(F)F)cc1)C(=O)Cn2c3c(cnc(n3)c4ccccc4)n(c2=O)CF,469.467,4.173,,3.565,73.020,0,4,8,-4.852,0,-5.382,4.800,
R3,emap3_Bn-4CF2H_CH2CH2F,CCN(Cc1ccc(C(F)F)cc1)C(=O)Cn2c3c(cnc(n3)c4ccccc4)n(c2=O)CCF,483.494,4.216,,3.607,73.020,0,4,9,-4.900,0,-5.734,4.800,
R3,emap3_Bn-4CF2H_CH2CH2CH2F,CCN(Cc1ccc(C(F)F)cc1)C(=O)Cn2c3c(cnc(n3)c4ccccc4)n(c2=O)CCCF,497.521,4.606,,3.997,73.020,0,4,10,-5.166,0,-5.913,4.200,
R3,emap3_Bn-4CF2H_CH2CHF2,CCN(Cc1ccc(C(F)F)cc1)C(=O)Cn2c3c(cnc(n3)c4ccccc4)n(c2=O)C(F)F,487.457,4.641,,4.033,73.020,0,4,8,-5.258,1,-5.803,3.600,
R3,emap3_Bn-4CF2H_CH2CH2CHF2,CCN(Cc1ccc(C(F)F)cc1)C(=O)Cn2c3c(cnc(n3)c4ccccc4)n(c2=O)CC(F)F,501.484,4.511,,3.903,73.020,0,4,9,-5.197,1,-6.004,3.600,
R3,emap3_Bn-4CF2H_CH2CH2CH2CHF2,CCN(Cc1ccc(C(F)F)cc1)C(=O)Cn2c3c(cnc(n3)c4ccccc4)n(c2=O)CCC(F)F,515.511,4.902,,4.293,73.020,0,4,10,-5.464,1,-6.627,3.000,
R3,emap3_Bn-4CF2H_CH2CF3,CCN(Cc1ccc(C(F)F)cc1)C(=O)Cn2c3c(cnc(n3)c4ccccc4)n(c2=O)C(F)(F)F,505.447,4.723,,4.114,73.020,0,4,7,-5.487,1,-6.474,3.000,
R3,emap3_Bn-4CF2H_CH2CH2CF3,CCN(Cc1ccc(C(F)F)cc1)C(=O)Cn2c3c(cnc(n3)c4ccccc4)n(c2=O)CC(F)(F)F,519.474,4.809,,4.200,73.020,0,4,8,-5.562,1,-6.149,3.000,
R3,emap3_Bn-4CF2H_CH2CH2CH2CF3,CCN(Cc1ccc(C(F)F)cc1)C(=O)Cn2c3c(cnc(n3)c4ccccc4)n(c2=O)CCC(F)(F)F,533.501,5.199,,4.590,73.020,0,4,9,-5.829,2,-6.485,2.400,
R3,emap3_Bn-4CF2H_OCH2F,CCN(Cc1ccc(C(F)F)cc1)C(=O)Cn2c3c(cnc(n3)c4ccccc4)n(c2=O)COF,485.466,4.105,,3.419,82.250,0,5,9,-4.842,0,-5.510,4.800,
R3,emap3_Bn-4CF2H_OCH2CHF2,CCN(Cc1ccc(C(F)F)cc1)C(=O)Cn2c3c(cnc(n3)c4ccccc4)n(c2=O)COC(F)F,517.483,4.443,,3.758,82.250,0,5,10,-5.187,1,-5.534,4.200,
R3,emap3_Bn-4CF2H_OCH2CF3,CCN(Cc1ccc(C(F)F)cc1)C(=O)Cn2c3c(cnc(n3)c4ccccc4)n(c2=O)COC(F)(F)F,535.473,4.740,,4.055,82.250,0,5,9,-5.552,1,-4.871,3.000,
R3,emap3_Bn-4CF2H_OCH2CH2F,CCN(Cc1ccc(C(F)F)cc1)C(=O)Cn2c3c(cnc(n3)c4ccccc4)n(c2=O)COCF,499.493,4.147,,3.462,82.250,0,5,10,-4.890,0,-5.735,4.800,
R3,emap3_Bn-4CF2H_OCH2CH2CF3,CCN(Cc1ccc(C(F)F)cc1)C(=O)Cn2c3c(cnc(n3)c4ccccc4)n(c2=O)COCC(F)(F)F,549.500,4.783,,4.097,82.250,0,5,10,-5.600,1,-5.245,3.000,
R3,emap3_Bn-4CF2H_OCH2CH2CHF2,CCN(Cc1ccc(C(F)F)cc1)C(=O)Cn2c3c(cnc(n3)c4ccccc4)n(c2=O)COCC(F)F,531.510,4.486,,3.800,82.250,0,5,11,-5.235,1,-4.855,4.200,
R3,emap3_Bn-4CF2H_OCH2CH2CH2F,CCN(Cc1ccc(C(F)F)cc1)C(=O)Cn2c3c(cnc(n3)c4ccccc4)n(c2=O)COCCF,513.520,4.190,,3.504,82.250,0,5,11,-4.937,1,-5.116,4.200,
R3,emap3_Bn-4CF2H_OCH2CH2CH2CF3,CCN(Cc1ccc(C(F)F)cc1)C(=O)Cn2c3c(cnc(n3)c4ccccc4)n(c2=O)COCCC(F)(F)F,563.527,5.173,,4.487,82.250,0,5,11,-5.867,2,-5.730,2.400,
R3,emap3_Bn-4CF2H_CH2SiMe3,CCN(Cc1ccc(C(F)F)cc1)C(=O)Cn2c3c(cnc(n3)c4ccccc4)n(c2=O)C[Si](C)(C)C,523.660,5.124,,4.515,73.020,0,4,9,-5.721,2,-6.200,2.400,
R3,emap3_Bn-4CF2H_CH2CH2SiMe3,CCN(Cc1ccc(C(F)F)cc1)C(=O)Cn2c3c(cnc(n3)c4ccccc4)n(c2=O)CC[Si](C)(C)C,537.687,5.585,,4.976,73.020,0,4,10,-6.032,2,-4.801,2.400,
R3,emap3_Bn-4CF2H_OSiMe3,CCN(Cc1ccc(C(F)F)cc1)C(=O)Cn2c3c(cnc(n3)c4ccccc4)n(c2=O)O[Si](C)(C)C,525.632,4.510,,3.824,82.250,0,5,9,-5.346,1,-4.655,3.600,
R3,emap3_Bn-4CF2H_CH2SiEt3,CCN(Cc1ccc(C(F)F)cc1)C(=O)Cn2c3c(cnc(n3)c4ccccc4)n(c2=O)C[Si](CC)(CC)CC,565.741,6.294,,5.686,73.020,0,4,12,-6.521,2,-5.184,1.800,
R3,emap3_Bn-4CF2H_tBu,CCN(Cc1ccc(C(F)F)cc1)C(=O)Cn2c3c(cnc(n3)c4ccccc4)n(c2=O)C(C)(C)C,493.558,5.001,,4.393,73.020,0,4,7,-5.589,1,-6.178,3.600,
R3,emap3_Bn-4CF2H_BnCH2,CCN(Cc1ccc(C(F)F)cc1)C(=O)Cn2c3c(cnc(n3)c4ccccc4)n(c2=O)Cc1ccccc1C,541.602,5.603,,4.995,73.020,0,4,9,-6.134,2,-6.538,2.400,
R3,emap3_Bn-4CF2H_PhCH2F,CCN(Cc1ccc(C(F)F)cc1)C(=O)Cn2c3c(cnc(n3)c4ccccc4)n(c2=O)c1ccccc1CF,545.565,5.705,,5.097,73.020,0,4,9,-6.223,2,-6.696,2.400,
R3,emap3_Bn-4CF2H_OCH2CF2H,CCN(Cc1ccc(C(F)F)cc1)C(=O)Cn2c3c(cnc(n3)c4ccccc4)n(c2=O)COC(F)F,517.483,4.443,,3.758,82.250,0,5,10,-5.187,1,-4.822,4.200,
R3,emap3_Bn-4CF2H_OCH2CH2CF2H,CCN(Cc1ccc(C(F)F)cc1)C(=O)Cn2c3c(cnc(n3)c4ccccc4)n(c2=O)COCC(F)F,531.510,4.486,,3.800,82.250,0,5,11,-5.235,1,-6.390,4.200,
R3,emap3_Bn-4CF2H_CH2CF2H,CCN(Cc1ccc(C(F)F)cc1)C(=O)Cn2c3c(cnc(n3)c4ccccc4)n(c2=O)C(F)F,487.457,4.641,,4.033,73.020,0,4,8,-5.258,1,-5.779,3.600,
R3,emap3_Bn-4CF2H_CH2CH2CF2H,CCN(Cc1ccc(C(F)F)cc1)C(=O)Cn2c3c(cnc(n3)c4ccccc4)n(c2=O)CC(F)F,501.484,4.511,,3.903,73.020,0,4,9,-5.197,1,-4.914,3.600,
R3,emap3_Bn-4CF2H_OCH2CH2CH2CHF2,CCN(Cc1ccc(C(F)F)cc1)C(=O)Cn2c3c(cnc(n3)c4ccccc4)n(c2=O)COCCC(F)F,545.537,4.876,,4.190,82.250,0,5,12,-5.502,1,-5.213,3.000,
R3,emap3_Bn-4CF2H_CH2CH2CF2CF3,CCN(Cc1ccc(C(F)F)cc1)C(=O)Cn2c3c(cnc(n3)c4ccccc4)n(c2=O)CC(F)C(F)(F)F,551.491,5.147,,4.538,73.020,0,4,9,-5.908,2,-6.102,1.800,
R3,emap3_Bn-4CF2H_CH2CF2CF3,CCN(Cc1ccc(C(F)F)cc1)C(=O)Cn2c3c(cnc(n3)c4ccccc4)n(c2=O)C(F)C(F)(F)F,537.464,5.277,,4.668,73.020,0,4,8,-5.969,2,-5.862,2.400,
R3,emap3_Bn-4CF2H_CH2CH2CH2CF2CF3,CCN(Cc1ccc(C(F)F)cc1)C(=O)Cn2c3c(cnc(n3)c4ccccc4)n(c2=O)CCC(F)C(F)(F)F,565.518,5.537,,4.928,73.020,0,4,10,-6.174,2,-5.499,1.800,
R3,emap3_Bn-4CF2H_CH2CH2CF2CH3,CCN(Cc1ccc(C(F)F)cc1)C(=O)Cn2c3c(cnc(n3)c4ccccc4)n(c2=O)CC(F)C,497.521,4.604,,3.996,73.020,0,4,9,-5.231,0,-6.659,4.200,
R3,emap3_Bn-4CF2H_OCH2CF2CF3,CCN(Cc1ccc(C(F)F)cc1)C(=O)Cn2c3c(cnc(n3)c4ccccc4)n(c2=O)COC(F)C(F)(F)F,567.490,5.078,,4.393,82.250,0,5,10,-5.898,2,-5.440,2.400,
R3,emap3_Bn-4CF2H_OCH2CF2CH3,CCN(Cc1ccc(C(F)F)cc1)C(=O)Cn2c3c(cnc(n3)c4ccccc4)n(c2=O)COC(F)C,513.520,4.536,,3.850,82.250,0,5,10,-5.221,1,-4.953,3.600,
R3,emap3_Bn-4CF2H_OCH2CH2CF2CF3,CCN(Cc1ccc(C(F)F)cc1)C(=O)Cn2c3c(cnc(n3)c4ccccc4)n(c2=O)COCC(F)C(F)(F)F,581.517,5.121,,4.435,82.250,0,5,11,-5.946,2,-5.766,2.400,
R3,emap3_Bn-4CF2H_CH2CF2CH2F,CCN(Cc1ccc(C(F)F)cc1)C(=O)Cn2c3c(cnc(n3)c4ccccc4)n(c2=O)C(F)CF,501.484,4.684,,4.075,73.020,0,4,9,-5.306,1,-6.398,3.000,
R3,emap3_Bn-4CF2H_CH2CH2CF2CH2F,CCN(Cc1ccc(C(F)F)cc1)C(=O)Cn2c3c(cnc(n3)c4ccccc4)n(c2=O)CC(F)CF,515.511,4.554,,3.945,73.020,0,4,10,-5.245,1,-6.396,3.600,
R3,emap3_Bn-4CF2H_OCH2CF2CH2F,CCN(Cc1ccc(C(F)F)cc1)C(=O)Cn2c3c(cnc(n3)c4ccccc4)n(c2=O)COC(F)CF,531.510,4.486,,3.800,82.250,0,5,11,-5.235,1,-5.129,4.200,
R3,emap3_Bn-4CF2H_CH2CH2CF2CH2CHF2,CCN(Cc1ccc(C(F)F)cc1)C(=O)Cn2c3c(cnc(n3)c4ccccc4)n(c2=O)CC(F)C(F)F,533.501,4.850,,4.241,73.020,0,4,10,-5.543,1,-4.981,3.000,
R3,emap3_Bn-4CF2H_CH2CH2CF2CH2CF3,CCN(Cc1ccc(C(F)F)cc1)C(=O)Cn2c3c(cnc(n3)c4ccccc4)n(c2=O)CC(F)C(F)(F)F,551.491,5.147,,4.538,73.020,0,4,9,-5.908,2,-6.259,1.800,
R3,emap3_Bn-4CF2H_OCH2CH2CF2CH2F,CCN(Cc1ccc(C(F)F)cc1)C(=O)Cn2c3c(cnc(n3)c4ccccc4)n(c2=O)COCC(F)CF,545.537,4.528,,3.843,82.250,0,5,12,-5.283,1,-5.124,3.600,
R3,emap3_Bn-4CF2H_CH2CH2CF2CH2CH2F,CCN(Cc1ccc(C(F)F)cc1)C(=O)Cn2c3c(cnc(n3)c4ccccc4)n(c2=O)CC(F)CCF,529.538,4.944,,4.336,73.020,0,4,11,-5.512,1,-5.070,3.000,
R3,emap3_Bn-4CF2H_CH2CF2CH2CH2F,CCN(Cc1ccc(C(F)F)cc1)C(=O)Cn2c3c(cnc(n3)c4ccccc4)n(c2=O)C(F)CCF,515.511,5.074,,4.466,73.020,0,4,10,-5.573,1,-6.383,3.000,
R3,emap3_Bn-4CF2H_CH2CF2CH2CHF2,CCN(Cc1ccc(C(F)F)cc1)C(=O)Cn2c3c(cnc(n3)c4ccccc4)n(c2=O)C(F)C(F)F,519.474,4.980,,4.371,73.020,0,4,9,-5.604,1,-6.270,3.000,
R3,emap3_Bn-4CF2H_CH2CF2CH2CF3,CCN(Cc1ccc(C(F)F)cc1)C(=O)Cn2c3c(cnc(n3)c4ccccc4)n(c2=O)C(F)C(F)(F)F,537.464,5.277,,4.668,73.020,0,4,8,-5.969,2,-5.667,2.400,
R3,emap3_Bn-4CF2H_OCH2CF2CH2CH2F,CCN(Cc1ccc(C(F)F)cc1)C(=O)Cn2c3c(cnc(n3)c4ccccc4)n(c2=O)COC(F)CCF,545.537,4.876,,4.190,82.250,0,5,12,-5.502,1,-5.009,3.000,
R3,emap3_Bn-4CF2H_OCH2CH2CF2CH2CH2F,CCN(Cc1ccc(C(F)F)cc1)C(=O)Cn2c3c(cnc(n3)c4ccccc4)n(c2=O)COCC(F)CCF,559.564,4.918,,4.233,82.250,0,5,13,-5.550,2,-5.853,2.400,
R3,emap3_Bn-4CF2H_CH2CH2CF2CH2CH2CHF2,CCN(Cc1ccc(C(F)F)cc1)C(=O)Cn2c3c(cnc(n3)c4ccccc4)n(c2=O)CC(F)CC(F)F,547.528,5.240,,4.631,73.020,0,4,11,-5.810,2,-5.995,2.400,
R3,emap3_Bn-4CF2H_CH2CH2CF2CH2CH2CF3,CCN(Cc1ccc(C(F)F)cc1)C(=O)Cn2c3c(cnc(n3)c4ccccc4)n(c2=O)CC(F)CC(F)(F)F,565.518,5.537,,4.928,73.020,0,4,10,-6.174,2,-5.279,1.800,
R3,"emap3_Bn-3,5diF_Me",CCN(Cc1c(F)cc(F)cc1)C(=O)Cn2c3c(cnc(n3)c4ccccc4)n(c2=O)C,437.450,3.124,,2.515,73.020,0,4,6,-4.124,0,,5.400,
R3,"emap3_Bn-3,5diF_Et",CCN(Cc1c(F)cc(F)cc1)C(=O)Cn2c3c(cnc(n3)c4ccccc4)n(c2=O)CC,451.477,3.607,,2.998,73.020,0,4,7,-4.449,0,,5.400,
R3,"emap3_Bn-3,5diF_nPr",CCN(Cc1c(F)cc(F)cc1)C(=O)Cn2c3c(cnc(n3)c4ccccc4)n(c2=O)CCC,465.504,3.997,,3.388,73.020,0,4,8,-4.716,0,,5.400,
R3,"emap3_Bn-3,5diF_nBu",CCN(Cc1c(F)cc(F)cc1)C(=O)Cn2c3c(cnc(n3)c4ccccc4)n(c2=O)CCCC,479.531,4.387,,3.779,73.020,0,4,9,-4.983,0,,4.800,
R3,"emap3_Bn-3,5diF_CH2F",CCN(Cc1c(F)cc(F)cc1)C(=O)Cn2c3c(cnc(n3)c4ccccc4)n(c2=O)CF,455.440,3.514,,2.905,73.020,0,4,7,-4.415,0,,5.400,
R3,"emap3_Bn-3,5diF_CH2CH2F",CCN(Cc1c(F)cc(F)cc1)C(=O)Cn2c3c(cnc(n3)c4ccccc4)n(c2=O)CCF,469.467,3.556,,2.948,73.020,0,4,8,-4.463,0,,5.400,
R3,"emap3_Bn-3,5diF_CH2CH2CH2F",CCN(Cc1c(F)cc(F)cc1)C(=O)Cn2c3c(cnc(n3)c4ccccc4)n(c2=O)CCCF,483.494,3.947,,3.338,73.020,0,4,9,-4.730,0,,5.400,
R3,"emap3_Bn-3,5diF_CH2CHF2",CCN(Cc1c(F)cc(F)cc1)C(=O)Cn2c3c(cnc(n3)c4ccccc4)n(c2=O)C(F)F,473.430,3.982,,3.374,73.020,0,4,7,-4.822,0,,5.400,
R3,"emap3_Bn-3,5diF_CH2CH2CHF2",CCN(Cc1c(F)cc(F)cc1)C(=O)Cn2c3c(cnc(n3)c4ccccc4)n(c2=O)CC(F)F,487.457,3.852,,3.244,73.020,0,4,8,-4.761,0,,5.400,
R3,"emap3_Bn-3,5diF_CH2CH2CH2CHF2",CCN(Cc1c(F)cc(F)cc1)C(=O)Cn2c3c(cnc(n3)c4ccccc4)n(c2=O)CCC(F)F,501.484,4.242,,3.634,73.020,0,4,9,-5.028,1,,4.200,
R3,"emap3_Bn-3,5diF_CH2CF3",CCN(Cc1c(F)cc(F)cc1)C(=O)Cn2c3c(cnc(n3)c4ccccc4)n(c2=O)C(F)(F)F,491.420,4.063,,3.455,73.020,0,4,6,-5.051,0,,4.800,
R3,"emap3_Bn-3,5diF_CH2CH2CF3",CCN(Cc1c(F)cc(F)cc1)C(=O)Cn2c3c(cnc(n3)c4ccccc4)n(c2=O)CC(F)(F)F,505.447,4.149,,3.541,73.020,0,4,7,-5.126,1,,4.200,
R3,"emap3_Bn-3,5diF_CH2CH2CH2CF3",CCN(Cc1c(F)cc(F)cc1)C(=O)Cn2c3c(cnc(n3)c4ccccc4)n(c2=O)CCC(F)(F)F,519.474,4.539,,3.931,73.020,0,4,8,-5.392,1,,3.600,
R3,"emap3_Bn-3,5diF_OCH2F",CCN(Cc1c(F)cc(F)cc1)C(=O)Cn2c3c(cnc(n3)c4ccccc4)n(c2=O)COF,471.439,3.446,,2.760,82.250,0,5,8,-4.406,0,,5.400,
R3,"emap3_Bn-3,5diF_OCH2CHF2",CCN(Cc1c(F)cc(F)cc1)C(=O)Cn2c3c(cnc(n3)c4ccccc4)n(c2=O)COC(F)F,503.456,3.784,,3.098,82.250,0,5,9,-4.751,1,,4.800,
R3,"emap3_Bn-3,5diF_OCH2CF3",CCN(Cc1c(F)cc(F)cc1)C(=O)Cn2c3c(cnc(n3)c4ccccc4)n(c2=O)COC(F)(F)F,521.446,4.081,,3.395,82.250,0,5,8,-5.116,1,,4.200,
R3,"emap3_Bn-3,5diF_OCH2CH2F",CCN(Cc1c(F)cc(F)cc1)C(=O)Cn2c3c(cnc(n3)c4ccccc4)n(c2=O)COCF,485.466,3.488,,2.803,82.250,0,5,9,-4.453,0,,5.400,
R3,"emap3_Bn-3,5diF_OCH2CH2CF3",CCN(Cc1c(F)cc(F)cc1)C(=O)Cn2c3c(cnc(n3)c4ccccc4)n(c2=O)COCC(F)(F)F,535.473,4.123,,3.438,82.250,0,5,9,-5.164,1,,4.200,
R3,"emap3_Bn-3,5diF_OCH2CH2CHF2",CCN(Cc1c(F)cc(F)cc1)C(=O)Cn2c3c(cnc(n3)c4ccccc4)n(c2=O)COCC(F)F,517.483,3.826,,3.141,82.250,0,5,10,-4.799,1,,4.800,
R3,"emap3_Bn-3,5diF_OCH2CH2CH2F",CCN(Cc1c(F)cc(F)cc1)C(=O)Cn2c3c(cnc(n3)c4ccccc4)n(c2=O)COCCF,499.493,3.531,,2.845,82.250,0,5,10,-4.501,0,,5.400,
R3,"emap3_Bn-3,5diF_OCH2CH2CH2CF3",CCN(Cc1c(F)cc(F)cc1)C(=O)Cn2c3c(cnc(n3)c4ccccc4)n(c2=O)COCCC(F)(F)F,549.500,4.513,,3.828,82.250,0,5,10,-5.430,1,,3.600,
R3,"emap3_Bn-3,5diF_CH2SiMe3",CCN(Cc1c(F)cc(F)cc1)C(=O)Cn2c3c(cnc(n3)c4ccccc4)n(c2=O)C[Si](C)(C)C,509.633,4.464,,3.856,73.020,0,4,8,-5.284,1,,4.200,
R3,"emap3_Bn-3,5diF_CH2CH2SiMe3",CCN(Cc1c(F)cc(F)cc1)C(=O)Cn2c3c(cnc(n3)c4ccccc4)n(c2=O)CC[Si](C)(C)C,523.660,4.925,,4.317,73.020,0,4,9,-5.596,1,,3.000,
R3,"emap3_Bn-3,5diF_OSiMe3",CCN(Cc1c(F)cc(F)cc1)C(=O)Cn2c3c(cnc(n3)c4ccccc4)n(c2=O)O[Si](C)(C)C,511.605,3.850,,3.165,82.250,0,5,8,-4.910,1,,4.800,
R3,"emap3_Bn-3,5diF_CH2SiEt3",CCN(Cc1c(F)cc(F)cc1)C(=O)Cn2c3c(cnc(n3)c4ccccc4)n(c2=O)C[Si](CC)(CC)CC,551.714,5.635,,5.026,73.020,0,4,11,-6.084,2,,1.800,
R3,"emap3_Bn-3,5diF_tBu",CCN(Cc1c(F)cc(F)cc1)C(=O)Cn2c3c(cnc(n3)c4ccccc4)n(c2=O)C(C)(C)C,479.531,4.342,,3.733,73.020,0,4,6,-5.152,0,,4.800,
R3,"emap3_Bn-3,5diF_BnCH2",CCN(Cc1c(F)cc(F)cc1)C(=O)Cn2c3c(cnc(n3)c4ccccc4)n(c2=O)Cc1ccccc1C,527.575,4.944,,4.335,73.020,0,4,8,-5.697,1,,3.000,
R3,"emap3_Bn-3,5diF_PhCH2F",CCN(Cc1c(F)cc(F)cc1)C(=O)Cn2c3c(cnc(n3)c4ccccc4)n(c2=O)c1ccccc1CF,531.538,5.046,,4.437,73.020,0,4,8,-5.786,1,,3.000,
R3,"emap3_Bn-3,5diF_OCH2CF2H",CCN(Cc1c(F)cc(F)cc1)C(=O)Cn2c3c(cnc(n3)c4ccccc4)n(c2=O)COC(F)F,503.456,3.784,,3.098,82.250,0,5,9,-4.751,1,,4.800,
R3,"emap3_Bn-3,5diF_OCH2CH2CF2H",CCN(Cc1c(F)cc(F)cc1)C(=O)Cn2c3c(cnc(n3)c4ccccc4)n(c2=O)COCC(F)F,517.483,3.826,,3.141,82.250,0,5,10,-4.799,1,,4.800,
R3,"emap3_Bn-3,5diF_CH2CF2H",CCN(Cc1c(F)cc(F)cc1)C(=O)Cn2c3c(cnc(n3)c4ccccc4)n(c2=O)C(F)F,473.430,3.982,,3.374,73.020,0,4,7,-4.822,0,,5.400,
R3,"emap3_Bn-3,5diF_CH2CH2CF2H",CCN(Cc1c(F)cc(F)cc1)C(=O)Cn2c3c(cnc(n3)c4ccccc4)n(c2=O)CC(F)F,487.457,3.852,,3.244,73.020,0,4,8,-4.761,0,,5.400,
R3,"emap3_Bn-3,5diF_OCH2CH2CH2CHF2",CCN(Cc1c(F)cc(F)cc1)C(=O)Cn2c3c(cnc(n3)c4ccccc4)n(c2=O)COCCC(F)F,531.510,4.216,,3.531,82.250,0,5,11,-5.066,1,,4.200,
R3,"emap3_Bn-3,5diF_CH2CH2CF2CF3",CCN(Cc1c(F)cc(F)cc1)C(=O)Cn2c3c(cnc(n3)c4ccccc4)n(c2=O)CC(F)C(F)(F)F,537.464,4.487,,3.879,73.020,0,4,8,-5.471,1,,4.200,
R3,"emap3_Bn-3,5diF_CH2CF2CF3",CCN(Cc1c(F)cc(F)cc1)C(=O)Cn2c3c(cnc(n3)c4ccccc4)n(c2=O)C(F)C(F)(F)F,523.437,4.617,,4.009,73.020,0,4,7,-5.532,1,,3.000,
R3,"emap3_Bn-3,5diF_CH2CH2CH2CF2CF3",CCN(Cc1c(F)cc(F)cc1)C(=O)Cn2c3c(cnc(n3)c4ccccc4)n(c2=O)CCC(F)C(F)(F)F,551.491,4.877,,4.269,73.020,0,4,9,-5.738,2,,2.400,
R3,"emap3_Bn-3,5diF_CH2CH2CF2CH3",CCN(Cc1c(F)cc(F)cc1)C(=O)Cn2c3c(cnc(n3)c4ccccc4)n(c2=O)CC(F)C,483.494,3.945,,3.336,73.020,0,4,8,-4.795,0,,5.400,
R3,"emap3_Bn-3,5diF_OCH2CF2CF3",CCN(Cc1c(F)cc(F)cc1)C(=O)Cn2c3c(cnc(n3)c4ccccc4)n(c2=O)COC(F)C(F)(F)F,553.463,4.419,,3.733,82.250,0,5,9,-5.461,2,,3.600,
R3,"emap3_Bn-3,5diF_OCH2CF2CH3",CCN(Cc1c(F)cc(F)cc1)C(=O)Cn2c3c(cnc(n3)c4ccccc4)n(c2=O)COC(F)C,499.493,3.877,,3.191,82.250,0,5,9,-4.785,0,,5.400,
R3,"emap3_Bn-3,5diF_OCH2CH2CF2CF3",CCN(Cc1c(F)cc(F)cc1)C(=O)Cn2c3c(cnc(n3)c4ccccc4)n(c2=O)COCC(F)C(F)(F)F,567.490,4.461,,3.776,82.250,0,5,10,-5.509,2,,3.600,
R3,"emap3_Bn-3,5diF_CH2CF2CH2F",CCN(Cc1c(F)cc(F)cc1)C(=O)Cn2c3c(cnc(n3)c4ccccc4)n(c2=O)C(F)CF,487.457,4.025,,3.416,73.020,0,4,8,-4.870,0,,4.800,
R3,"emap3_Bn-3,5diF_CH2CH2CF2CH2F",CCN(Cc1c(F)cc(F)cc1)C(=O)Cn2c3c(cnc(n3)c4ccccc4)n(c2=O)CC(F)CF,501.484,3.895,,3.286,73.020,0,4,9,-4.809,1,,4.800,
R3,"emap3_Bn-3,5diF_OCH2CF2CH2F",CCN(Cc1c(F)cc(F)cc1)C(=O)Cn2c3c(cnc(n3)c4ccccc4)n(c2=O)COC(F)CF,517.483,3.826,,3.141,82.250,0,5,10,-4.799,1,,4.800,
R3,"emap3_Bn-3,5diF_CH2CH2CF2CH2CHF2",CCN(Cc1c(F)cc(F)cc1)C(=O)Cn2c3c(cnc(n3)c4ccccc4)n(c2=O)CC(F)C(F)F,519.474,4.190,,3.582,73.020,0,4,9,-5.107,1,,4.200,
R3,"emap3_Bn-3,5diF_CH2CH2CF2CH2CF3",CCN(Cc1c(F)cc(F)cc1)C(=O)Cn2c3c(cnc(n3)c4ccccc4)n(c2=O)CC(F)C(F)(F)F,537.464,4.487,,3.879,73.020,0,4,8,-5.471,1,,4.200,
R3,"emap3_Bn-3,5diF_OCH2CH2CF2CH2F",CCN(Cc1c(F)cc(F)cc1)C(=O)Cn2c3c(cnc(n3)c4ccccc4)n(c2=O)COCC(F)CF,531.510,3.869,,3.183,82.250,0,5,11,-4.847,1,,4.800,
R3,"emap3_Bn-3,5diF_CH2CH2CF2CH2CH2F",CCN(Cc1c(F)cc(F)cc1)C(=O)Cn2c3c(cnc(n3)c4ccccc4)n(c2=O)CC(F)CCF,515.511,4.285,,3.676,73.020,0,4,10,-5.075,1,,4.200,
R3,"emap3_Bn-3,5diF_CH2CF2CH2CH2F",CCN(Cc1c(F)cc(F)cc1)C(=O)Cn2c3c(cnc(n3)c4ccccc4)n(c2=O)C(F)CCF,501.484,4.415,,3.806,73.020,0,4,9,-5.136,1,,4.200,
R3,"emap3_Bn-3,5diF_CH2CF2CH2CHF2",CCN(Cc1c(F)cc(F)cc1)C(=O)Cn2c3c(cnc(n3)c4ccccc4)n(c2=O)C(F)C(F)F,505.447,4.320,,3.712,73.020,0,4,8,-5.167,1,,4.200,
R3,"emap3_Bn-3,5diF_CH2CF2CH2CF3",CCN(Cc1c(F)cc(F)cc1)C(=O)Cn2c3c(cnc(n3)c4ccccc4)n(c2=O)C(F)C(F)(F)F,523.437,4.617,,4.009,73.020,0,4,7,-5.532,1,,3.000,
R3,"emap3_Bn-3,5diF_OCH2CF2CH2CH2F",CCN(Cc1c(F)cc(F)cc1)C(=O)Cn2c3c(cnc(n3)c4ccccc4)n(c2=O)COC(F)CCF,531.510,4.216,,3.531,82.250,0,5,11,-5.066,1,,4.200,
R3,"emap3_Bn-3,5diF_OCH2CH2CF2CH2CH2F",CCN(Cc1c(F)cc(F)cc1)C(=O)Cn2c3c(cnc(n3)c4ccccc4)n(c2=O)COCC(F)CCF,545.537,4.259,,3.573,82.250,0,5,12,-5.113,1,,4.200,
R3,"emap3_Bn-3,5diF_CH2CH2CF2CH2CH2CHF2",CCN(Cc1c(F)cc(F)cc1)C(=O)Cn2c3c(cnc(n3)c4ccccc4)n(c2=O)CC(F)CC(F)F,533.501,4.580,,3.972,73.020,0,4,10,-5.373,1,,3.600,
R3,"emap3_Bn-3,5diF_CH2CH2CF2CH2CH2CF3",CCN(Cc1c(F)cc(F)cc1)C(=O)Cn2c3c(cnc(n3)c4ccccc4)n(c2=O)CC(F)CC(F)(F)F,551.491,4.877,,4.269,73.020,0,4,9,-5.738,2,,2.400,
R3,"emap3_Bn-3,4diF_Me",CCN(Cc1c(F)ccc(F)c1)C(=O)Cn2c3c(cnc(n3)c4ccccc4)n(c2=O)C,437.450,3.124,,2.515,73.020,0,4,6,-4.124,0,,5.400,
R3,"emap3_Bn-3,4diF_Et",CCN(Cc1c(F)ccc(F)c1)C(=O)Cn2c3c(cnc(n3)c4ccccc4)n(c2=O)CC,451.477,3.607,,2.998,73.020,0,4,7,-4.449,0,,5.400,
R3,"emap3_Bn-3,4diF_nPr",CCN(Cc1c(F)ccc(F)c1)C(=O)Cn2c3c(cnc(n3)c4ccccc4)n(c2=O)CCC,465.504,3.997,,3.388,73.020,0,4,8,-4.716,0,,5.400,
R3,"emap3_Bn-3,4diF_nBu",CCN(Cc1c(F)ccc(F)c1)C(=O)Cn2c3c(cnc(n3)c4ccccc4)n(c2=O)CCCC,479.531,4.387,,3.779,73.020,0,4,9,-4.983,0,,4.800,
R3,"emap3_Bn-3,4diF_CH2F",CCN(Cc1c(F)ccc(F)c1)C(=O)Cn2c3c(cnc(n3)c4ccccc4)n(c2=O)CF,455.440,3.514,,2.905,73.020,0,4,7,-4.415,0,,5.400,
R3,"emap3_Bn-3,4diF_CH2CH2F",CCN(Cc1c(F)ccc(F)c1)C(=O)Cn2c3c(cnc(n3)c4ccccc4)n(c2=O)CCF,469.467,3.556,,2.948,73.020,0,4,8,-4.463,0,,5.400,
R3,"emap3_Bn-3,4diF_CH2CH2CH2F",CCN(Cc1c(F)ccc(F)c1)C(=O)Cn2c3c(cnc(n3)c4ccccc4)n(c2=O)CCCF,483.494,3.947,,3.338,73.020,0,4,9,-4.730,0,,5.400,
R3,"emap3_Bn-3,4diF_CH2CHF2",CCN(Cc1c(F)ccc(F)c1)C(=O)Cn2c3c(cnc(n3)c4ccccc4)n(c2=O)C(F)F,473.430,3.982,,3.374,73.020,0,4,7,-4.822,0,,5.400,
R3,"emap3_Bn-3,4diF_CH2CH2CHF2",CCN(Cc1c(F)ccc(F)c1)C(=O)Cn2c3c(cnc(n3)c4ccccc4)n(c2=O)CC(F)F,487.457,3.852,,3.244,73.020,0,4,8,-4.761,0,,5.400,
R3,"emap3_Bn-3,4diF_CH2CH2CH2CHF2",CCN(Cc1c(F)ccc(F)c1)C(=O)Cn2c3c(cnc(n3)c4ccccc4)n(c2=O)CCC(F)F,501.484,4.242,,3.634,73.020,0,4,9,-5.028,1,,4.200,
R3,"emap3_Bn-3,4diF_CH2CF3",CCN(Cc1c(F)ccc(F)c1)C(=O)Cn2c3c(cnc(n3)c4ccccc4)n(c2=O)C(F)(F)F,491.420,4.063,,3.455,73.020,0,4,6,-5.051,0,,4.800,
R3,"emap3_Bn-3,4diF_CH2CH2CF3",CCN(Cc1c(F)ccc(F)c1)C(=O)Cn2c3c(cnc(n3)c4ccccc4)n(c2=O)CC(F)(F)F,505.447,4.149,,3.541,73.020,0,4,7,-5.126,1,,4.200,
R3,"emap3_Bn-3,4diF_CH2CH2CH2CF3",CCN(Cc1c(F)ccc(F)c1)C(=O)Cn2c3c(cnc(n3)c4ccccc4)n(c2=O)CCC(F)(F)F,519.474,4.539,,3.931,73.020,0,4,8,-5.392,1,,3.600,
R3,"emap3_Bn-3,4diF_OCH2F",CCN(Cc1c(F)ccc(F)c1)C(=O)Cn2c3c(cnc(n3)c4ccccc4)n(c2=O)COF,471.439,3.446,,2.760,82.250,0,5,8,-4.406,0,,5.400,
R3,"emap3_Bn-3,4diF_OCH2CHF2",CCN(Cc1c(F)ccc(F)c1)C(=O)Cn2c3c(cnc(n3)c4ccccc4)n(c2=O)COC(F)F,503.456,3.784,,3.098,82.250,0,5,9,-4.751,1,,4.800,
R3,"emap3_Bn-3,4diF_OCH2CF3",CCN(Cc1c(F)ccc(F)c1)C(=O)Cn2c3c(cnc(n3)c4ccccc4)n(c2=O)COC(F)(F)F,521.446,4.081,,3.395,82.250,0,5,8,-5.116,1,,4.200,
R3,"emap3_Bn-3,4diF_OCH2CH2F",CCN(Cc1c(F)ccc(F)c1)C(=O)Cn2c3c(cnc(n3)c4ccccc4)n(c2=O)COCF,485.466,3.488,,2.803,82.250,0,5,9,-4.453,0,,5.400,
R3,"emap3_Bn-3,4diF_OCH2CH2CF3",CCN(Cc1c(F)ccc(F)c1)C(=O)Cn2c3c(cnc(n3)c4ccccc4)n(c2=O)COCC(F)(F)F,535.473,4.123,,3.438,82.250,0,5,9,-5.164,1,,4.200,
R3,"emap3_Bn-3,4diF_OCH2CH2CHF2",CCN(Cc1c(F)ccc(F)c1)C(=O)Cn2c3c(cnc(n3)c4ccccc4)n(c2=O)COCC(F)F,517.483,3.826,,3.141,82.250,0,5,10,-4.799,1,,4.800,
R3,"emap3_Bn-3,4diF_OCH2CH2CH2F",CCN(Cc1c(F)ccc(F)c1)C(=O)Cn2c3c(cnc(n3)c4ccccc4)n(c2=O)COCCF,499.493,3.531,,2.845,82.250,0,5,10,-4.501,0,,5.400,
R3,"emap3_Bn-3,4diF_OCH2CH2CH2CF3",CCN(Cc1c(F)ccc(F)c1)C(=O)Cn2c3c(cnc(n3)c4ccccc4)n(c2=O)COCCC(F)(F)F,549.500,4.513,,3.828,82.250,0,5,10,-5.430,1,,3.600,
R3,"emap3_Bn-3,4diF_CH2SiMe3",CCN(Cc1c(F)ccc(F)c1)C(=O)Cn2c3c(cnc(n3)c4ccccc4)n(c2=O)C[Si](C)(C)C,509.633,4.464,,3.856,73.020,0,4,8,-5.284,1,,4.200,
R3,"emap3_Bn-3,4diF_CH2CH2SiMe3",CCN(Cc1c(F)ccc(F)c1)C(=O)Cn2c3c(cnc(n3)c4ccccc4)n(c2=O)CC[Si](C)(C)C,523.660,4.925,,4.317,73.020,0,4,9,-5.596,1,,3.000,
R3,"emap3_Bn-3,4diF_OSiMe3",CCN(Cc1c(F)ccc(F)c1)C(=O)Cn2c3c(cnc(n3)c4ccccc4)n(c2=O)O[Si](C)(C)C,511.605,3.850,,3.165,82.250,0,5,8,-4.910,1,,4.800,
R3,"emap3_Bn-3,4diF_CH2SiEt3",CCN(Cc1c(F)ccc(F)c1)C(=O)Cn2c3c(cnc(n3)c4ccccc4)n(c2=O)C[Si](CC)(CC)CC,551.714,5.635,,5.026,73.020,0,4,11,-6.084,2,,1.800,
R3,"emap3_Bn-3,4diF_tBu",CCN(Cc1c(F)ccc(F)c1)C(=O)Cn2c3c(cnc(n3)c4ccccc4)n(c2=O)C(C)(C)C,479.531,4.342,,3.733,73.020,0,4,6,-5.152,0,,4.800,
R3,"emap3_Bn-3,4diF_BnCH2",CCN(Cc1c(F)ccc(F)c1)C(=O)Cn2c3c(cnc(n3)c4ccccc4)n(c2=O)Cc1ccccc1C,527.575,4.944,,4.335,73.020,0,4,8,-5.697,1,,3.000,
R3,"emap3_Bn-3,4diF_PhCH2F",CCN(Cc1c(F)ccc(F)c1)C(=O)Cn2c3c(cnc(n3)c4ccccc4)n(c2=O)c1ccccc1CF,531.538,5.046,,4.437,73.020,0,4,8,-5.786,1,,3.000,
R3,"emap3_Bn-3,4diF_OCH2CF2H",CCN(Cc1c(F)ccc(F)c1)C(=O)Cn2c3c(cnc(n3)c4ccccc4)n(c2=O)COC(F)F,503.456,3.784,,3.098,82.250,0,5,9,-4.751,1,,4.800,
R3,"emap3_Bn-3,4diF_OCH2CH2CF2H",CCN(Cc1c(F)ccc(F)c1)C(=O)Cn2c3c(cnc(n3)c4ccccc4)n(c2=O)COCC(F)F,517.483,3.826,,3.141,82.250,0,5,10,-4.799,1,,4.800,
R3,"emap3_Bn-3,4diF_CH2CF2H",CCN(Cc1c(F)ccc(F)c1)C(=O)Cn2c3c(cnc(n3)c4ccccc4)n(c2=O)C(F)F,473.430,3.982,,3.374,73.020,0,4,7,-4.822,0,,5.400,
R3,"emap3_Bn-3,4diF_CH2CH2CF2H",CCN(Cc1c(F)ccc(F)c1)C(=O)Cn2c3c(cnc(n3)c4ccccc4)n(c2=O)CC(F)F,487.457,3.852,,3.244,73.020,0,4,8,-4.761,0,,5.400,
R3,"emap3_Bn-3,4diF_OCH2CH2CH2CHF2",CCN(Cc1c(F)ccc(F)c1)C(=O)Cn2c3c(cnc(n3)c4ccccc4)n(c2=O)COCCC(F)F,531.510,4.216,,3.531,82.250,0,5,11,-5.066,1,,4.200,
R3,"emap3_Bn-3,4diF_CH2CH2CF2CF3",CCN(Cc1c(F)ccc(F)c1)C(=O)Cn2c3c(cnc(n3)c4ccccc4)n(c2=O)CC(F)C(F)(F)F,537.464,4.487,,3.879,73.020,0,4,8,-5.471,1,,4.200,
R3,"emap3_Bn-3,4diF_CH2CF2CF3",CCN(Cc1c(F)ccc(F)c1)C(=O)Cn2c3c(cnc(n3)c4ccccc4)n(c2=O)C(F)C(F)(F)F,523.437,4.617,,4.009,73.020,0,4,7,-5.532,1,,3.000,
R3,"emap3_Bn-3,4diF_CH2CH2CH2CF2CF3",CCN(Cc1c(F)ccc(F)c1)C(=O)Cn2c3c(cnc(n3)c4ccccc4)n(c2=O)CCC(F)C(F)(F)F,551.491,4.877,,4.269,73.020,0,4,9,-5.738,2,,2.400,
R3,"emap3_Bn-3,4diF_CH2CH2CF2CH3",CCN(Cc1c(F)ccc(F)c1)C(=O)Cn2c3c(cnc(n3)c4ccccc4)n(c2=O)CC(F)C,483.494,3.945,,3.336,73.020,0,4,8,-4.795,0,,5.400,
R3,"emap3_Bn-3,4diF_OCH2CF2CF3",CCN(Cc1c(F)ccc(F)c1)C(=O)Cn2c3c(cnc(n3)c4ccccc4)n(c2=O)COC(F)C(F)(F)F,553.463,4.419,,3.733,82.250,0,5,9,-5.461,2,,3.600,
R3,"emap3_Bn-3,4diF_OCH2CF2CH3",CCN(Cc1c(F)ccc(F)c1)C(=O)Cn2c3c(cnc(n3)c4ccccc4)n(c2=O)COC(F)C,499.493,3.877,,3.191,82.250,0,5,9,-4.785,0,,5.400,
R3,"emap3_Bn-3,4diF_OCH2CH2CF2CF3",CCN(Cc1c(F)ccc(F)c1)C(=O)Cn2c3c(cnc(n3)c4ccccc4)n(c2=O)COCC(F)C(F)(F)F,567.490,4.461,,3.776,82.250,0,5,10,-5.509,2,,3.600,
R3,"emap3_Bn-3,4diF_CH2CF2CH2F",CCN(Cc1c(F)ccc(F)c1)C(=O)Cn2c3c(cnc(n3)c4ccccc4)n(c2=O)C(F)CF,487.457,4.025,,3.416,73.020,0,4,8,-4.870,0,,4.800,
R3,"emap3_Bn-3,4diF_CH2CH2CF2CH2F",CCN(Cc1c(F)ccc(F)c1)C(=O)Cn2c3c(cnc(n3)c4ccccc4)n(c2=O)CC(F)CF,501.484,3.895,,3.286,73.020,0,4,9,-4.809,1,,4.800,
R3,"emap3_Bn-3,4diF_OCH2CF2CH2F",CCN(Cc1c(F)ccc(F)c1)C(=O)Cn2c3c(cnc(n3)c4ccccc4)n(c2=O)COC(F)CF,517.483,3.826,,3.141,82.250,0,5,10,-4.799,1,,4.800,
R3,"emap3_Bn-3,4diF_CH2CH2CF2CH2CHF2",CCN(Cc1c(F)ccc(F)c1)C(=O)Cn2c3c(cnc(n3)c4ccccc4)n(c2=O)CC(F)C(F)F,519.474,4.190,,3.582,73.020,0,4,9,-5.107,1,,4.200,
R3,"emap3_Bn-3,4diF_CH2CH2CF2CH2CF3",CCN(Cc1c(F)ccc(F)c1)C(=O)Cn2c3c(cnc(n3)c4ccccc4)n(c2=O)CC(F)C(F)(F)F,537.464,4.487,,3.879,73.020,0,4,8,-5.471,1,,4.200,
R3,"emap3_Bn-3,4diF_OCH2CH2CF2CH2F",CCN(Cc1c(F)ccc(F)c1)C(=O)Cn2c3c(cnc(n3)c4ccccc4)n(c2=O)COCC(F)CF,531.510,3.869,,3.183,82.250,0,5,11,-4.847,1,,4.800,
R3,"emap3_Bn-3,4diF_CH2CH2CF2CH2CH2F",CCN(Cc1c(F)ccc(F)c1)C(=O)Cn2c3c(cnc(n3)c4ccccc4)n(c2=O)CC(F)CCF,515.511,4.285,,3.676,73.020,0,4,10,-5.075,1,,4.200,
R3,"emap3_Bn-3,4diF_CH2CF2CH2CH2F",CCN(Cc1c(F)ccc(F)c1)C(=O)Cn2c3c(cnc(n3)c4ccccc4)n(c2=O)C(F)CCF,501.484,4.415,,3.806,73.020,0,4,9,-5.136,1,,4.200,
R3,"emap3_Bn-3,4diF_CH2CF2CH2CHF2",CCN(Cc1c(F)ccc(F)c1)C(=O)Cn2c3c(cnc(n3)c4ccccc4)n(c2=O)C(F)C(F)F,505.447,4.320,,3.712,73.020,0,4,8,-5.167,1,,4.200,
R3,"emap3_Bn-3,4diF_CH2CF2CH2CF3",CCN(Cc1c(F)ccc(F)c1)C(=O)Cn2c3c(cnc(n3)c4ccccc4)n(c2=O)C(F)C(F)(F)F,523.437,4.617,,4.009,73.020,0,4,7,-5.532,1,,3.000,
R3,"emap3_Bn-3,4diF_OCH2CF2CH2CH2F",CCN(Cc1c(F)ccc(F)c1)C(=O)Cn2c3c(cnc(n3)c4ccccc4)n(c2=O)COC(F)CCF,531.510,4.216,,3.531,82.250,0,5,11,-5.066,1,,4.200,
R3,"emap3_Bn-3,4diF_OCH2CH2CF2CH2CH2F",CCN(Cc1c(F)ccc(F)c1)C(=O)Cn2c3c(cnc(n3)c4ccccc4)n(c2=O)COCC(F)CCF,545.537,4.259,,3.573,82.250,0,5,12,-5.113,1,,4.200,
R3,"emap3_Bn-3,4diF_CH2CH2CF2CH2CH2CHF2",CCN(Cc1c(F)ccc(F)c1)C(=O)Cn2c3c(cnc(n3)c4ccccc4)n(c2=O)CC(F)CC(F)F,533.501,4.580,,3.972,73.020,0,4,10,-5.373,1,,3.600,
R3,"emap3_Bn-3,4diF_CH2CH2CF2CH2CH2CF3",CCN(Cc1c(F)ccc(F)c1)C(=O)Cn2c3c(cnc(n3)c4ccccc4)n(c2=O)CC(F)CC(F)(F)F,551.491,4.877,,4.269,73.020,0,4,9,-5.738,2,,2.400,
R3,"emap3_Bn-2,6diF_Me",CCN(Cc1c(F)cccc(F)1)C(=O)Cn2c3c(cnc(n3)c4ccccc4)n(c2=O)C,437.450,3.124,,2.515,73.020,0,4,6,-4.124,0,,5.400,
R3,"emap3_Bn-2,6diF_Et",CCN(Cc1c(F)cccc(F)1)C(=O)Cn2c3c(cnc(n3)c4ccccc4)n(c2=O)CC,451.477,3.607,,2.998,73.020,0,4,7,-4.449,0,,5.400,
R3,"emap3_Bn-2,6diF_nPr",CCN(Cc1c(F)cccc(F)1)C(=O)Cn2c3c(cnc(n3)c4ccccc4)n(c2=O)CCC,465.504,3.997,,3.388,73.020,0,4,8,-4.716,0,,5.400,
R3,"emap3_Bn-2,6diF_nBu",CCN(Cc1c(F)cccc(F)1)C(=O)Cn2c3c(cnc(n3)c4ccccc4)n(c2=O)CCCC,479.531,4.387,,3.779,73.020,0,4,9,-4.983,0,,4.800,
R3,"emap3_Bn-2,6diF_CH2F",CCN(Cc1c(F)cccc(F)1)C(=O)Cn2c3c(cnc(n3)c4ccccc4)n(c2=O)CF,455.440,3.514,,2.905,73.020,0,4,7,-4.415,0,,5.400,
R3,"emap3_Bn-2,6diF_CH2CH2F",CCN(Cc1c(F)cccc(F)1)C(=O)Cn2c3c(cnc(n3)c4ccccc4)n(c2=O)CCF,469.467,3.556,,2.948,73.020,0,4,8,-4.463,0,,5.400,
R3,"emap3_Bn-2,6diF_CH2CH2CH2F",CCN(Cc1c(F)cccc(F)1)C(=O)Cn2c3c(cnc(n3)c4ccccc4)n(c2=O)CCCF,483.494,3.947,,3.338,73.020,0,4,9,-4.730,0,,5.400,
R3,"emap3_Bn-2,6diF_CH2CHF2",CCN(Cc1c(F)cccc(F)1)C(=O)Cn2c3c(cnc(n3)c4ccccc4)n(c2=O)C(F)F,473.430,3.982,,3.374,73.020,0,4,7,-4.822,0,,5.400,
R3,"emap3_Bn-2,6diF_CH2CH2CHF2",CCN(Cc1c(F)cccc(F)1)C(=O)Cn2c3c(cnc(n3)c4ccccc4)n(c2=O)CC(F)F,487.457,3.852,,3.244,73.020,0,4,8,-4.761,0,,5.400,
R3,"emap3_Bn-2,6diF_CH2CH2CH2CHF2",CCN(Cc1c(F)cccc(F)1)C(=O)Cn2c3c(cnc(n3)c4ccccc4)n(c2=O)CCC(F)F,501.484,4.242,,3.634,73.020,0,4,9,-5.028,1,,4.200,
R3,"emap3_Bn-2,6diF_CH2CF3",CCN(Cc1c(F)cccc(F)1)C(=O)Cn2c3c(cnc(n3)c4ccccc4)n(c2=O)C(F)(F)F,491.420,4.063,,3.455,73.020,0,4,6,-5.051,0,,4.800,
R3,"emap3_Bn-2,6diF_CH2CH2CF3",CCN(Cc1c(F)cccc(F)1)C(=O)Cn2c3c(cnc(n3)c4ccccc4)n(c2=O)CC(F)(F)F,505.447,4.149,,3.541,73.020,0,4,7,-5.126,1,,4.200,
R3,"emap3_Bn-2,6diF_CH2CH2CH2CF3",CCN(Cc1c(F)cccc(F)1)C(=O)Cn2c3c(cnc(n3)c4ccccc4)n(c2=O)CCC(F)(F)F,519.474,4.539,,3.931,73.020,0,4,8,-5.392,1,,3.600,
R3,"emap3_Bn-2,6diF_OCH2F",CCN(Cc1c(F)cccc(F)1)C(=O)Cn2c3c(cnc(n3)c4ccccc4)n(c2=O)COF,471.439,3.446,,2.760,82.250,0,5,8,-4.406,0,,5.400,
R3,"emap3_Bn-2,6diF_OCH2CHF2",CCN(Cc1c(F)cccc(F)1)C(=O)Cn2c3c(cnc(n3)c4ccccc4)n(c2=O)COC(F)F,503.456,3.784,,3.098,82.250,0,5,9,-4.751,1,,4.800,
R3,"emap3_Bn-2,6diF_OCH2CF3",CCN(Cc1c(F)cccc(F)1)C(=O)Cn2c3c(cnc(n3)c4ccccc4)n(c2=O)COC(F)(F)F,521.446,4.081,,3.395,82.250,0,5,8,-5.116,1,,4.200,
R3,"emap3_Bn-2,6diF_OCH2CH2F",CCN(Cc1c(F)cccc(F)1)C(=O)Cn2c3c(cnc(n3)c4ccccc4)n(c2=O)COCF,485.466,3.488,,2.803,82.250,0,5,9,-4.453,0,,5.400,
R3,"emap3_Bn-2,6diF_OCH2CH2CF3",CCN(Cc1c(F)cccc(F)1)C(=O)Cn2c3c(cnc(n3)c4ccccc4)n(c2=O)COCC(F)(F)F,535.473,4.123,,3.438,82.250,0,5,9,-5.164,1,,4.200,
R3,"emap3_Bn-2,6diF_OCH2CH2CHF2",CCN(Cc1c(F)cccc(F)1)C(=O)Cn2c3c(cnc(n3)c4ccccc4)n(c2=O)COCC(F)F,517.483,3.826,,3.141,82.250,0,5,10,-4.799,1,,4.800,
R3,"emap3_Bn-2,6diF_OCH2CH2CH2F",CCN(Cc1c(F)cccc(F)1)C(=O)Cn2c3c(cnc(n3)c4ccccc4)n(c2=O)COCCF,499.493,3.531,,2.845,82.250,0,5,10,-4.501,0,,5.400,
R3,"emap3_Bn-2,6diF_OCH2CH2CH2CF3",CCN(Cc1c(F)cccc(F)1)C(=O)Cn2c3c(cnc(n3)c4ccccc4)n(c2=O)COCCC(F)(F)F,549.500,4.513,,3.828,82.250,0,5,10,-5.430,1,,3.600,
R3,"emap3_Bn-2,6diF_CH2SiMe3",CCN(Cc1c(F)cccc(F)1)C(=O)Cn2c3c(cnc(n3)c4ccccc4)n(c2=O)C[Si](C)(C)C,509.633,4.464,,3.856,73.020,0,4,8,-5.284,1,,4.200,
R3,"emap3_Bn-2,6diF_CH2CH2SiMe3",CCN(Cc1c(F)cccc(F)1)C(=O)Cn2c3c(cnc(n3)c4ccccc4)n(c2=O)CC[Si](C)(C)C,523.660,4.925,,4.317,73.020,0,4,9,-5.596,1,,3.000,
R3,"emap3_Bn-2,6diF_OSiMe3",CCN(Cc1c(F)cccc(F)1)C(=O)Cn2c3c(cnc(n3)c4ccccc4)n(c2=O)O[Si](C)(C)C,511.605,3.850,,3.165,82.250,0,5,8,-4.910,1,,4.800,
R3,"emap3_Bn-2,6diF_CH2SiEt3",CCN(Cc1c(F)cccc(F)1)C(=O)Cn2c3c(cnc(n3)c4ccccc4)n(c2=O)C[Si](CC)(CC)CC,551.714,5.635,,5.026,73.020,0,4,11,-6.084,2,,1.800,
R3,"emap3_Bn-2,6diF_tBu",CCN(Cc1c(F)cccc(F)1)C(=O)Cn2c3c(cnc(n3)c4ccccc4)n(c2=O)C(C)(C)C,479.531,4.342,,3.733,73.020,0,4,6,-5.152,0,,4.800,
R3,"emap3_Bn-2,6diF_BnCH2",CCN(Cc1c(F)cccc(F)1)C(=O)Cn2c3c(cnc(n3)c4ccccc4)n(c2=O)Cc1ccccc1C,527.575,4.944,,4.335,73.020,0,4,8,-5.697,1,,3.000,
R3,"emap3_Bn-2,6diF_PhCH2F",CCN(Cc1c(F)cccc(F)1)C(=O)Cn2c3c(cnc(n3)c4ccccc4)n(c2=O)c1ccccc1CF,531.538,5.046,,4.437,73.020,0,4,8,-5.786,1,,3.000,
R3,"emap3_Bn-2,6diF_OCH2CF2H",CCN(Cc1c(F)cccc(F)1)C(=O)Cn2c3c(cnc(n3)c4ccccc4)n(c2=O)COC(F)F,503.456,3.784,,3.098,82.250,0,5,9,-4.751,1,,4.800,
R3,"emap3_Bn-2,6diF_OCH2CH2CF2H",CCN(Cc1c(F)cccc(F)1)C(=O)Cn2c3c(cnc(n3)c4ccccc4)n(c2=O)COCC(F)F,517.483,3.826,,3.141,82.250,0,5,10,-4.799,1,,4.800,
R3,"emap3_Bn-2,6diF_CH2CF2H",CCN(Cc1c(F)cccc(F)1)C(=O)Cn2c3c(cnc(n3)c4ccccc4)n(c2=O)C(F)F,473.430,3.982,,3.374,73.020,0,4,7,-4.822,0,,5.400,
R3,"emap3_Bn-2,6diF_CH2CH2CF2H",CCN(Cc1c(F)cccc(F)1)C(=O)Cn2c3c(cnc(n3)c4ccccc4)n(c2=O)CC(F)F,487.457,3.852,,3.244,73.020,0,4,8,-4.761,0,,5.400,
R3,"emap3_Bn-2,6diF_OCH2CH2CH2CHF2",CCN(Cc1c(F)cccc(F)1)C(=O)Cn2c3c(cnc(n3)c4ccccc4)n(c2=O)COCCC(F)F,531.510,4.216,,3.531,82.250,0,5,11,-5.066,1,,4.200,
R3,"emap3_Bn-2,6diF_CH2CH2CF2CF3",CCN(Cc1c(F)cccc(F)1)C(=O)Cn2c3c(cnc(n3)c4ccccc4)n(c2=O)CC(F)C(F)(F)F,537.464,4.487,,3.879,73.020,0,4,8,-5.471,1,,4.200,
R3,"emap3_Bn-2,6diF_CH2CF2CF3",CCN(Cc1c(F)cccc(F)1)C(=O)Cn2c3c(cnc(n3)c4ccccc4)n(c2=O)C(F)C(F)(F)F,523.437,4.617,,4.009,73.020,0,4,7,-5.532,1,,3.000,
R3,"emap3_Bn-2,6diF_CH2CH2CH2CF2CF3",CCN(Cc1c(F)cccc(F)1)C(=O)Cn2c3c(cnc(n3)c4ccccc4)n(c2=O)CCC(F)C(F)(F)F,551.491,4.877,,4.269,73.020,0,4,9,-5.738,2,,2.400,
R3,"emap3_Bn-2,6diF_CH2CH2CF2CH3",CCN(Cc1c(F)cccc(F)1)C(=O)Cn2c3c(cnc(n3)c4ccccc4)n(c2=O)CC(F)C,483.494,3.945,,3.336,73.020,0,4,8,-4.795,0,,5.400,
R3,"emap3_Bn-2,6diF_OCH2CF2CF3",CCN(Cc1c(F)cccc(F)1)C(=O)Cn2c3c(cnc(n3)c4ccccc4)n(c2=O)COC(F)C(F)(F)F,553.463,4.419,,3.733,82.250,0,5,9,-5.461,2,,3.600,
R3,"emap3_Bn-2,6diF_OCH2CF2CH3",CCN(Cc1c(F)cccc(F)1)C(=O)Cn2c3c(cnc(n3)c4ccccc4)n(c2=O)COC(F)C,499.493,3.877,,3.191,82.250,0,5,9,-4.785,0,,5.400,
R3,"emap3_Bn-2,6diF_OCH2CH2CF2CF3",CCN(Cc1c(F)cccc(F)1)C(=O)Cn2c3c(cnc(n3)c4ccccc4)n(c2=O)COCC(F)C(F)(F)F,567.490,4.461,,3.776,82.250,0,5,10,-5.509,2,,3.600,
R3,"emap3_Bn-2,6diF_CH2CF2CH2F",CCN(Cc1c(F)cccc(F)1)C(=O)Cn2c3c(cnc(n3)c4ccccc4)n(c2=O)C(F)CF,487.457,4.025,,3.416,73.020,0,4,8,-4.870,0,,4.800,
R3,"emap3_Bn-2,6diF_CH2CH2CF2CH2F",CCN(Cc1c(F)cccc(F)1)C(=O)Cn2c3c(cnc(n3)c4ccccc4)n(c2=O)CC(F)CF,501.484,3.895,,3.286,73.020,0,4,9,-4.809,1,,4.800,
R3,"emap3_Bn-2,6diF_OCH2CF2CH2F",CCN(Cc1c(F)cccc(F)1)C(=O)Cn2c3c(cnc(n3)c4ccccc4)n(c2=O)COC(F)CF,517.483,3.826,,3.141,82.250,0,5,10,-4.799,1,,4.800,
R3,"emap3_Bn-2,6diF_CH2CH2CF2CH2CHF2",CCN(Cc1c(F)cccc(F)1)C(=O)Cn2c3c(cnc(n3)c4ccccc4)n(c2=O)CC(F)C(F)F,519.474,4.190,,3.582,73.020,0,4,9,-5.107,1,,4.200,
R3,"emap3_Bn-2,6diF_CH2CH2CF2CH2CF3",CCN(Cc1c(F)cccc(F)1)C(=O)Cn2c3c(cnc(n3)c4ccccc4)n(c2=O)CC(F)C(F)(F)F,537.464,4.487,,3.879,73.020,0,4,8,-5.471,1,,4.200,
R3,"emap3_Bn-2,6diF_OCH2CH2CF2CH2F",CCN(Cc1c(F)cccc(F)1)C(=O)Cn2c3c(cnc(n3)c4ccccc4)n(c2=O)COCC(F)CF,531.510,3.869,,3.183,82.250,0,5,11,-4.847,1,,4.800,
R3,"emap3_Bn-2,6diF_CH2CH2CF2CH2CH2F",CCN(Cc1c(F)cccc(F)1)C(=O)Cn2c3c(cnc(n3)c4ccccc4)n(c2=O)CC(F)CCF,515.511,4.285,,3.676,73.020,0,4,10,-5.075,1,,4.200,
R3,"emap3_Bn-2,6diF_CH2CF2CH2CH2F",CCN(Cc1c(F)cccc(F)1)C(=O)Cn2c3c(cnc(n3)c4ccccc4)n(c2=O)C(F)CCF,501.484,4.415,,3.806,73.020,0,4,9,-5.136,1,,4.200,
R3,"emap3_Bn-2,6diF_CH2CF2CH2CHF2",CCN(Cc1c(F)cccc(F)1)C(=O)Cn2c3c(cnc(n3)c4ccccc4)n(c2=O)C(F)C(F)F,505.447,4.320,,3.712,73.020,0,4,8,-5.167,1,,4.200,
R3,"emap3_Bn-2,6diF_CH2CF2CH2CF3",CCN(Cc1c(F)cccc(F)1)C(=O)Cn2c3c(cnc(n3)c4ccccc4)n(c2=O)C(F)C(F)(F)F,523.437,4.617,,4.009,73.020,0,4,7,-5.532,1,,3.000,
R3,"emap3_Bn-2,6diF_OCH2CF2CH2CH2F",CCN(Cc1c(F)cccc(F)1)C(=O)Cn2c3c(cnc(n3)c4ccccc4)n(c2=O)COC(F)CCF,531.510,4.216,,3.531,82.250,0,5,11,-5.066,1,,4.200,
R3,"emap3_Bn-2,6diF_OCH2CH2CF2CH2CH2F",CCN(Cc1c(F)cccc(F)1)C(=O)Cn2c3c(cnc(n3)c4ccccc4)n(c2=O)COCC(F)CCF,545.537,4.259,,3.573,82.250,0,5,12,-5.113,1,,4.200,
R3,"emap3_Bn-2,6diF_CH2CH2CF2CH2CH2CHF2",CCN(Cc1c(F)cccc(F)1)C(=O)Cn2c3c(cnc(n3)c4ccccc4)n(c2=O)CC(F)CC(F)F,533.501,4.580,,3.972,73.020,0,4,10,-5.373,1,,3.600,
R3,"emap3_Bn-2,6diF_CH2CH2CF2CH2CH2CF3",CCN(Cc1c(F)cccc(F)1)C(=O)Cn2c3c(cnc(n3)c4ccccc4)n(c2=O)CC(F)CC(F)(F)F,551.491,4.877,,4.269,73.020,0,4,9,-5.738,2,,2.400,
R3,"emap3_Bn-3,4diCl_Me",CCN(Cc1c(Cl)ccc(Cl)c1)C(=O)Cn2c3c(cnc(n3)c4ccccc4)n(c2=O)C,470.360,4.153,,3.544,73.020,0,4,6,-4.976,0,,4.800,
R3,"emap3_Bn-3,4diCl_Et",CCN(Cc1c(Cl)ccc(Cl)c1)C(=O)Cn2c3c(cnc(n3)c4ccccc4)n(c2=O)CC,484.387,4.635,,4.027,73.020,0,4,7,-5.302,1,,3.600,
R3,"emap3_Bn-3,4diCl_nPr",CCN(Cc1c(Cl)ccc(Cl)c1)C(=O)Cn2c3c(cnc(n3)c4ccccc4)n(c2=O)CCC,498.414,5.026,,4.417,73.020,0,4,8,-5.568,1,,3.600,
R3,"emap3_Bn-3,4diCl_nBu",CCN(Cc1c(Cl)ccc(Cl)c1)C(=O)Cn2c3c(cnc(n3)c4ccccc4)n(c2=O)CCCC,512.441,5.416,,4.807,73.020,0,4,9,-5.835,2,,2.400,
R3,"emap3_Bn-3,4diCl_CH2F",CCN(Cc1c(Cl)ccc(Cl)c1)C(=O)Cn2c3c(cnc(n3)c4ccccc4)n(c2=O)CF,488.350,4.543,,3.934,73.020,0,4,7,-5.268,0,,4.200,
R3,"emap3_Bn-3,4diCl_CH2CH2F",CCN(Cc1c(Cl)ccc(Cl)c1)C(=O)Cn2c3c(cnc(n3)c4ccccc4)n(c2=O)CCF,502.377,4.585,,3.977,73.020,0,4,8,-5.315,1,,3.600,
R3,"emap3_Bn-3,4diCl_CH2CH2CH2F",CCN(Cc1c(Cl)ccc(Cl)c1)C(=O)Cn2c3c(cnc(n3)c4ccccc4)n(c2=O)CCCF,516.404,4.975,,4.367,73.020,0,4,9,-5.582,1,,3.000,
R3,"emap3_Bn-3,4diCl_CH2CHF2",CCN(Cc1c(Cl)ccc(Cl)c1)C(=O)Cn2c3c(cnc(n3)c4ccccc4)n(c2=O)C(F)F,506.340,5.011,,4.402,73.020,0,4,7,-5.674,1,,3.000,
R3,"emap3_Bn-3,4diCl_CH2CH2CHF2",CCN(Cc1c(Cl)ccc(Cl)c1)C(=O)Cn2c3c(cnc(n3)c4ccccc4)n(c2=O)CC(F)F,520.367,4.881,,4.272,73.020,0,4,8,-5.613,1,,3.000,
R3,"emap3_Bn-3,4diCl_CH2CH2CH2CHF2",CCN(Cc1c(Cl)ccc(Cl)c1)C(=O)Cn2c3c(cnc(n3)c4ccccc4)n(c2=O)CCC(F)F,534.394,5.271,,4.662,73.020,0,4,9,-5.880,2,,2.400,
R3,"emap3_Bn-3,4diCl_CH2CF3",CCN(Cc1c(Cl)ccc(Cl)c1)C(=O)Cn2c3c(cnc(n3)c4ccccc4)n(c2=O)C(F)(F)F,524.330,5.092,,4.483,73.020,0,4,6,-5.903,1,,3.000,
R3,"emap3_Bn-3,4diCl_CH2CH2CF3",CCN(Cc1c(Cl)ccc(Cl)c1)C(=O)Cn2c3c(cnc(n3)c4ccccc4)n(c2=O)CC(F)(F)F,538.357,5.178,,4.569,73.020,0,4,7,-5.978,2,,2.400,
R3,"emap3_Bn-3,4diCl_CH2CH2CH2CF3",CCN(Cc1c(Cl)ccc(Cl)c1)C(=O)Cn2c3c(cnc(n3)c4ccccc4)n(c2=O)CCC(F)(F)F,552.384,5.568,,4.959,73.020,0,4,8,-6.245,2,,1.800,
R3,"emap3_Bn-3,4diCl_OCH2F",CCN(Cc1c(Cl)ccc(Cl)c1)C(=O)Cn2c3c(cnc(n3)c4ccccc4)n(c2=O)COF,504.349,4.474,,3.789,82.250,0,5,8,-5.258,1,,4.200,
R3,"emap3_Bn-3,4diCl_OCH2CHF2",CCN(Cc1c(Cl)ccc(Cl)c1)C(=O)Cn2c3c(cnc(n3)c4ccccc4)n(c2=O)COC(F)F,536.366,4.812,,4.127,82.250,0,5,9,-5.603,1,,3.000,
R3,"emap3_Bn-3,4diCl_OCH2CF3",CCN(Cc1c(Cl)ccc(Cl)c1)C(=O)Cn2c3c(cnc(n3)c4ccccc4)n(c2=O)COC(F)(F)F,554.356,5.109,,4.424,82.250,0,5,8,-5.968,2,,2.400,
R3,"emap3_Bn-3,4diCl_OCH2CH2F",CCN(Cc1c(Cl)ccc(Cl)c1)C(=O)Cn2c3c(cnc(n3)c4ccccc4)n(c2=O)COCF,518.376,4.517,,3.831,82.250,0,5,9,-5.305,1,,3.600,
R3,"emap3_Bn-3,4diCl_OCH2CH2CF3",CCN(Cc1c(Cl)ccc(Cl)c1)C(=O)Cn2c3c(cnc(n3)c4ccccc4)n(c2=O)COCC(F)(F)F,568.383,5.152,,4.466,82.250,0,5,9,-6.016,2,,2.400,
R3,"emap3_Bn-3,4diCl_OCH2CH2CHF2",CCN(Cc1c(Cl)ccc(Cl)c1)C(=O)Cn2c3c(cnc(n3)c4ccccc4)n(c2=O)COCC(F)F,550.393,4.855,,4.169,82.250,0,5,10,-5.651,2,,2.400,
R3,"emap3_Bn-3,4diCl_OCH2CH2CH2F",CCN(Cc1c(Cl)ccc(Cl)c1)C(=O)Cn2c3c(cnc(n3)c4ccccc4)n(c2=O)COCCF,532.403,4.559,,3.874,82.250,0,5,10,-5.353,1,,3.600,
R3,"emap3_Bn-3,4diCl_OCH2CH2CH2CF3",CCN(Cc1c(Cl)ccc(Cl)c1)C(=O)Cn2c3c(cnc(n3)c4ccccc4)n(c2=O)COCCC(F)(F)F,582.410,5.542,,4.857,82.250,0,5,10,-6.282,2,,1.800,
R3,"emap3_Bn-3,4diCl_CH2SiMe3",CCN(Cc1c(Cl)ccc(Cl)c1)C(=O)Cn2c3c(cnc(n3)c4ccccc4)n(c2=O)C[Si](C)(C)C,542.543,5.493,,4.884,73.020,0,4,8,-6.136,2,,2.400,
R3,"emap3_Bn-3,4diCl_CH2CH2SiMe3",CCN(Cc1c(Cl)ccc(Cl)c1)C(=O)Cn2c3c(cnc(n3)c4ccccc4)n(c2=O)CC[Si](C)(C)C,556.570,5.954,,5.345,73.020,0,4,9,-6.448,2,,1.800,
R3,"emap3_Bn-3,4diCl_OSiMe3",CCN(Cc1c(Cl)ccc(Cl)c1)C(=O)Cn2c3c(cnc(n3)c4ccccc4)n(c2=O)O[Si](C)(C)C,544.515,4.879,,4.194,82.250,0,5,8,-5.762,1,,3.000,
R3,"emap3_Bn-3,4diCl_CH2SiEt3",CCN(Cc1c(Cl)ccc(Cl)c1)C(=O)Cn2c3c(cnc(n3)c4ccccc4)n(c2=O)C[Si](CC)(CC)CC,584.624,6.663,,6.055,73.020,0,4,11,-6.936,2,,1.800,
R3,"emap3_Bn-3,4diCl_tBu",CCN(Cc1c(Cl)ccc(Cl)c1)C(=O)Cn2c3c(cnc(n3)c4ccccc4)n(c2=O)C(C)(C)C,512.441,5.371,,4.762,73.020,0,4,6,-6.005,2,,2.400,
R3,"emap3_Bn-3,4diCl_BnCH2",CCN(Cc1c(Cl)ccc(Cl)c1)C(=O)Cn2c3c(cnc(n3)c4ccccc4)n(c2=O)Cc1ccccc1C,560.485,5.972,,5.364,73.020,0,4,8,-6.550,2,,1.800,
R3,"emap3_Bn-3,4diCl_PhCH2F",CCN(Cc1c(Cl)ccc(Cl)c1)C(=O)Cn2c3c(cnc(n3)c4ccccc4)n(c2=O)c1ccccc1CF,564.448,6.074,,5.466,73.020,0,4,8,-6.638,2,,1.800,
R3,"emap3_Bn-3,4diCl_OCH2CF2H",CCN(Cc1c(Cl)ccc(Cl)c1)C(=O)Cn2c3c(cnc(n3)c4ccccc4)n(c2=O)COC(F)F,536.366,4.812,,4.127,82.250,0,5,9,-5.603,1,,3.000,
R3,"emap3_Bn-3,4diCl_OCH2CH2CF2H",CCN(Cc1c(Cl)ccc(Cl)c1)C(=O)Cn2c3c(cnc(n3)c4ccccc4)n(c2=O)COCC(F)F,550.393,4.855,,4.169,82.250,0,5,10,-5.651,2,,2.400,
R3,"emap3_Bn-3,4diCl_CH2CF2H",CCN(Cc1c(Cl)ccc(Cl)c1)C(=O)Cn2c3c(cnc(n3)c4ccccc4)n(c2=O)C(F)F,506.340,5.011,,4.402,73.020,0,4,7,-5.674,1,,3.000,
R3,"emap3_Bn-3,4diCl_CH2CH2CF2H",CCN(Cc1c(Cl)ccc(Cl)c1)C(=O)Cn2c3c(cnc(n3)c4ccccc4)n(c2=O)CC(F)F,520.367,4.881,,4.272,73.020,0,4,8,-5.613,1,,3.000,
R3,"emap3_Bn-3,4diCl_OCH2CH2CH2CHF2",CCN(Cc1c(Cl)ccc(Cl)c1)C(=O)Cn2c3c(cnc(n3)c4ccccc4)n(c2=O)COCCC(F)F,564.420,5.245,,4.559,82.250,0,5,11,-5.918,2,,1.800,
R3,"emap3_Bn-3,4diCl_CH2CH2CF2CF3",CCN(Cc1c(Cl)ccc(Cl)c1)C(=O)Cn2c3c(cnc(n3)c4ccccc4)n(c2=O)CC(F)C(F)(F)F,570.374,5.516,,4.907,73.020,0,4,8,-6.323,2,,1.800,
R3,"emap3_Bn-3,4diCl_CH2CF2CF3",CCN(Cc1c(Cl)ccc(Cl)c1)C(=O)Cn2c3c(cnc(n3)c4ccccc4)n(c2=O)C(F)C(F)(F)F,556.347,5.646,,5.037,73.020,0,4,7,-6.384,2,,1.800,
R3,"emap3_Bn-3,4diCl_CH2CH2CH2CF2CF3",CCN(Cc1c(Cl)ccc(Cl)c1)C(=O)Cn2c3c(cnc(n3)c4ccccc4)n(c2=O)CCC(F)C(F)(F)F,584.401,5.906,,5.298,73.020,0,4,9,-6.590,2,,1.800,
R3,"emap3_Bn-3,4diCl_CH2CH2CF2CH3",CCN(Cc1c(Cl)ccc(Cl)c1)C(=O)Cn2c3c(cnc(n3)c4ccccc4)n(c2=O)CC(F)C,516.404,4.974,,4.365,73.020,0,4,8,-5.647,1,,3.000,
R3,"emap3_Bn-3,4diCl_OCH2CF2CF3",CCN(Cc1c(Cl)ccc(Cl)c1)C(=O)Cn2c3c(cnc(n3)c4ccccc4)n(c2=O)COC(F)C(F)(F)F,586.373,5.448,,4.762,82.250,0,5,9,-6.313,2,,1.800,
R3,"emap3_Bn-3,4diCl_OCH2CF2CH3",CCN(Cc1c(Cl)ccc(Cl)c1)C(=O)Cn2c3c(cnc(n3)c4ccccc4)n(c2=O)COC(F)C,532.403,4.905,,4.220,82.250,0,5,9,-5.637,1,,3.000,
R3,"emap3_Bn-3,4diCl_OCH2CH2CF2CF3",CCN(Cc1c(Cl)ccc(Cl)c1)C(=O)Cn2c3c(cnc(n3)c4ccccc4)n(c2=O)COCC(F)C(F)(F)F,600.400,5.490,,4.805,82.250,0,5,10,-6.361,2,,1.800,
R3,"emap3_Bn-3,4diCl_CH2CF2CH2F",CCN(Cc1c(Cl)ccc(Cl)c1)C(=O)Cn2c3c(cnc(n3)c4ccccc4)n(c2=O)C(F)CF,520.367,5.053,,4.445,73.020,0,4,8,-5.722,1,,3.000,
R3,"emap3_Bn-3,4diCl_CH2CH2CF2CH2F",CCN(Cc1c(Cl)ccc(Cl)c1)C(=O)Cn2c3c(cnc(n3)c4ccccc4)n(c2=O)CC(F)CF,534.394,4.923,,4.315,73.020,0,4,9,-5.661,1,,3.000,
R3,"emap3_Bn-3,4diCl_OCH2CF2CH2F",CCN(Cc1c(Cl)ccc(Cl)c1)C(=O)Cn2c3c(cnc(n3)c4ccccc4)n(c2=O)COC(F)CF,550.393,4.855,,4.169,82.250,0,5,10,-5.651,2,,2.400,
R3,"emap3_Bn-3,4diCl_CH2CH2CF2CH2CHF2",CCN(Cc1c(Cl)ccc(Cl)c1)C(=O)Cn2c3c(cnc(n3)c4ccccc4)n(c2=O)CC(F)C(F)F,552.384,5.219,,4.610,73.020,0,4,9,-5.959,2,,1.800,
R3,"emap3_Bn-3,4diCl_CH2CH2CF2CH2CF3",CCN(Cc1c(Cl)ccc(Cl)c1)C(=O)Cn2c3c(cnc(n3)c4ccccc4)n(c2=O)CC(F)C(F)(F)F,570.374,5.516,,4.907,73.020,0,4,8,-6.323,2,,1.800,
R3,"emap3_Bn-3,4diCl_OCH2CH2CF2CH2F",CCN(Cc1c(Cl)ccc(Cl)c1)C(=O)Cn2c3c(cnc(n3)c4ccccc4)n(c2=O)COCC(F)CF,564.420,4.897,,4.212,82.250,0,5,11,-5.699,2,,2.400,
R3,"emap3_Bn-3,4diCl_CH2CH2CF2CH2CH2F",CCN(Cc1c(Cl)ccc(Cl)c1)C(=O)Cn2c3c(cnc(n3)c4ccccc4)n(c2=O)CC(F)CCF,548.421,5.313,,4.705,73.020,0,4,10,-5.928,2,,2.400,
R3,"emap3_Bn-3,4diCl_CH2CF2CH2CH2F",CCN(Cc1c(Cl)ccc(Cl)c1)C(=O)Cn2c3c(cnc(n3)c4ccccc4)n(c2=O)C(F)CCF,534.394,5.443,,4.835,73.020,0,4,9,-5.988,2,,2.400,
R3,"emap3_Bn-3,4diCl_CH2CF2CH2CHF2",CCN(Cc1c(Cl)ccc(Cl)c1)C(=O)Cn2c3c(cnc(n3)c4ccccc4)n(c2=O)C(F)C(F)F,538.357,5.349,,4.740,73.020,0,4,8,-6.019,2,,2.400,
R3,"emap3_Bn-3,4diCl_CH2CF2CH2CF3",CCN(Cc1c(Cl)ccc(Cl)c1)C(=O)Cn2c3c(cnc(n3)c4ccccc4)n(c2=O)C(F)C(F)(F)F,556.347,5.646,,5.037,73.020,0,4,7,-6.384,2,,1.800,
R3,"emap3_Bn-3,4diCl_OCH2CF2CH2CH2F",CCN(Cc1c(Cl)ccc(Cl)c1)C(=O)Cn2c3c(cnc(n3)c4ccccc4)n(c2=O)COC(F)CCF,564.420,5.245,,4.559,82.250,0,5,11,-5.918,2,,1.800,
R3,"emap3_Bn-3,4diCl_OCH2CH2CF2CH2CH2F",CCN(Cc1c(Cl)ccc(Cl)c1)C(=O)Cn2c3c(cnc(n3)c4ccccc4)n(c2=O)COCC(F)CCF,578.447,5.287,,4.602,82.250,0,5,12,-5.965,2,,1.800,
R3,"emap3_Bn-3,4diCl_CH2CH2CF2CH2CH2CHF2",CCN(Cc1c(Cl)ccc(Cl)c1)C(=O)Cn2c3c(cnc(n3)c4ccccc4)n(c2=O)CC(F)CC(F)F,566.411,5.609,,5.000,73.020,0,4,10,-6.225,2,,1.800,
R3,"emap3_Bn-3,4diCl_CH2CH2CF2CH2CH2CF3",CCN(Cc1c(Cl)ccc(Cl)c1)C(=O)Cn2c3c(cnc(n3)c4ccccc4)n(c2=O)CC(F)CC(F)(F)F,584.401,5.906,,5.298,73.020,0,4,9,-6.590,2,,1.800,
R3,"emap3_Bn-3,5diCl_Me",CCN(Cc1c(Cl)cc(Cl)cc1)C(=O)Cn2c3c(cnc(n3)c4ccccc4)n(c2=O)C,470.360,4.153,,3.544,73.020,0,4,6,-4.976,0,,4.800,
R3,"emap3_Bn-3,5diCl_Et",CCN(Cc1c(Cl)cc(Cl)cc1)C(=O)Cn2c3c(cnc(n3)c4ccccc4)n(c2=O)CC,484.387,4.635,,4.027,73.020,0,4,7,-5.302,1,,3.600,
R3,"emap3_Bn-3,5diCl_nPr",CCN(Cc1c(Cl)cc(Cl)cc1)C(=O)Cn2c3c(cnc(n3)c4ccccc4)n(c2=O)CCC,498.414,5.026,,4.417,73.020,0,4,8,-5.568,1,,3.600,
R3,"emap3_Bn-3,5diCl_nBu",CCN(Cc1c(Cl)cc(Cl)cc1)C(=O)Cn2c3c(cnc(n3)c4ccccc4)n(c2=O)CCCC,512.441,5.416,,4.807,73.020,0,4,9,-5.835,2,,2.400,
R3,"emap3_Bn-3,5diCl_CH2F",CCN(Cc1c(Cl)cc(Cl)cc1)C(=O)Cn2c3c(cnc(n3)c4ccccc4)n(c2=O)CF,488.350,4.543,,3.934,73.020,0,4,7,-5.268,0,,4.200,
R3,"emap3_Bn-3,5diCl_CH2CH2F",CCN(Cc1c(Cl)cc(Cl)cc1)C(=O)Cn2c3c(cnc(n3)c4ccccc4)n(c2=O)CCF,502.377,4.585,,3.977,73.020,0,4,8,-5.315,1,,3.600,
R3,"emap3_Bn-3,5diCl_CH2CH2CH2F",CCN(Cc1c(Cl)cc(Cl)cc1)C(=O)Cn2c3c(cnc(n3)c4ccccc4)n(c2=O)CCCF,516.404,4.975,,4.367,73.020,0,4,9,-5.582,1,,3.000,
R3,"emap3_Bn-3,5diCl_CH2CHF2",CCN(Cc1c(Cl)cc(Cl)cc1)C(=O)Cn2c3c(cnc(n3)c4ccccc4)n(c2=O)C(F)F,506.340,5.011,,4.402,73.020,0,4,7,-5.674,1,,3.000,
R3,"emap3_Bn-3,5diCl_CH2CH2CHF2",CCN(Cc1c(Cl)cc(Cl)cc1)C(=O)Cn2c3c(cnc(n3)c4ccccc4)n(c2=O)CC(F)F,520.367,4.881,,4.272,73.020,0,4,8,-5.613,1,,3.000,
R3,"emap3_Bn-3,5diCl_CH2CH2CH2CHF2",CCN(Cc1c(Cl)cc(Cl)cc1)C(=O)Cn2c3c(cnc(n3)c4ccccc4)n(c2=O)CCC(F)F,534.394,5.271,,4.662,73.020,0,4,9,-5.880,2,,2.400,
R3,"emap3_Bn-3,5diCl_CH2CF3",CCN(Cc1c(Cl)cc(Cl)cc1)C(=O)Cn2c3c(cnc(n3)c4ccccc4)n(c2=O)C(F)(F)F,524.330,5.092,,4.483,73.020,0,4,6,-5.903,1,,3.000,
R3,"emap3_Bn-3,5diCl_CH2CH2CF3",CCN(Cc1c(Cl)cc(Cl)cc1)C(=O)Cn2c3c(cnc(n3)c4ccccc4)n(c2=O)CC(F)(F)F,538.357,5.178,,4.569,73.020,0,4,7,-5.978,2,,2.400,
R3,"emap3_Bn-3,5diCl_CH2CH2CH2CF3",CCN(Cc1c(Cl)cc(Cl)cc1)C(=O)Cn2c3c(cnc(n3)c4ccccc4)n(c2=O)CCC(F)(F)F,552.384,5.568,,4.959,73.020,0,4,8,-6.245,2,,1.800,
R3,"emap3_Bn-3,5diCl_OCH2F",CCN(Cc1c(Cl)cc(Cl)cc1)C(=O)Cn2c3c(cnc(n3)c4ccccc4)n(c2=O)COF,504.349,4.474,,3.789,82.250,0,5,8,-5.258,1,,4.200,
R3,"emap3_Bn-3,5diCl_OCH2CHF2",CCN(Cc1c(Cl)cc(Cl)cc1)C(=O)Cn2c3c(cnc(n3)c4ccccc4)n(c2=O)COC(F)F,536.366,4.812,,4.127,82.250,0,5,9,-5.603,1,,3.000,
R3,"emap3_Bn-3,5diCl_OCH2CF3",CCN(Cc1c(Cl)cc(Cl)cc1)C(=O)Cn2c3c(cnc(n3)c4ccccc4)n(c2=O)COC(F)(F)F,554.356,5.109,,4.424,82.250,0,5,8,-5.968,2,,2.400,
R3,"emap3_Bn-3,5diCl_OCH2CH2F",CCN(Cc1c(Cl)cc(Cl)cc1)C(=O)Cn2c3c(cnc(n3)c4ccccc4)n(c2=O)COCF,518.376,4.517,,3.831,82.250,0,5,9,-5.305,1,,3.600,
R3,"emap3_Bn-3,5diCl_OCH2CH2CF3",CCN(Cc1c(Cl)cc(Cl)cc1)C(=O)Cn2c3c(cnc(n3)c4ccccc4)n(c2=O)COCC(F)(F)F,568.383,5.152,,4.466,82.250,0,5,9,-6.016,2,,2.400,
R3,"emap3_Bn-3,5diCl_OCH2CH2CHF2",CCN(Cc1c(Cl)cc(Cl)cc1)C(=O)Cn2c3c(cnc(n3)c4ccccc4)n(c2=O)COCC(F)F,550.393,4.855,,4.169,82.250,0,5,10,-5.651,2,,2.400,
R3,"emap3_Bn-3,5diCl_OCH2CH2CH2F",CCN(Cc1c(Cl)cc(Cl)cc1)C(=O)Cn2c3c(cnc(n3)c4ccccc4)n(c2=O)COCCF,532.403,4.559,,3.874,82.250,0,5,10,-5.353,1,,3.600,
R3,"emap3_Bn-3,5diCl_OCH2CH2CH2CF3",CCN(Cc1c(Cl)cc(Cl)cc1)C(=O)Cn2c3c(cnc(n3)c4ccccc4)n(c2=O)COCCC(F)(F)F,582.410,5.542,,4.857,82.250,0,5,10,-6.282,2,,1.800,
R3,"emap3_Bn-3,5diCl_CH2SiMe3",CCN(Cc1c(Cl)cc(Cl)cc1)C(=O)Cn2c3c(cnc(n3)c4ccccc4)n(c2=O)C[Si](C)(C)C,542.543,5.493,,4.884,73.020,0,4,8,-6.136,2,,2.400,
R3,"emap3_Bn-3,5diCl_CH2CH2SiMe3",CCN(Cc1c(Cl)cc(Cl)cc1)C(=O)Cn2c3c(cnc(n3)c4ccccc4)n(c2=O)CC[Si](C)(C)C,556.570,5.954,,5.345,73.020,0,4,9,-6.448,2,,1.800,
R3,"emap3_Bn-3,5diCl_OSiMe3",CCN(Cc1c(Cl)cc(Cl)cc1)C(=O)Cn2c3c(cnc(n3)c4ccccc4)n(c2=O)O[Si](C)(C)C,544.515,4.879,,4.194,82.250,0,5,8,-5.762,1,,3.000,
R3,"emap3_Bn-3,5diCl_CH2SiEt3",CCN(Cc1c(Cl)cc(Cl)cc1)C(=O)Cn2c3c(cnc(n3)c4ccccc4)n(c2=O)C[Si](CC)(CC)CC,584.624,6.663,,6.055,73.020,0,4,11,-6.936,2,,1.800,
R3,"emap3_Bn-3,5diCl_tBu",CCN(Cc1c(Cl)cc(Cl)cc1)C(=O)Cn2c3c(cnc(n3)c4ccccc4)n(c2=O)C(C)(C)C,512.441,5.371,,4.762,73.020,0,4,6,-6.005,2,,2.400,
R3,"emap3_Bn-3,5diCl_BnCH2",CCN(Cc1c(Cl)cc(Cl)cc1)C(=O)Cn2c3c(cnc(n3)c4ccccc4)n(c2=O)Cc1ccccc1C,560.485,5.972,,5.364,73.020,0,4,8,-6.550,2,,1.800,
R3,"emap3_Bn-3,5diCl_PhCH2F",CCN(Cc1c(Cl)cc(Cl)cc1)C(=O)Cn2c3c(cnc(n3)c4ccccc4)n(c2=O)c1ccccc1CF,564.448,6.074,,5.466,73.020,0,4,8,-6.638,2,,1.800,
R3,"emap3_Bn-3,5diCl_OCH2CF2H",CCN(Cc1c(Cl)cc(Cl)cc1)C(=O)Cn2c3c(cnc(n3)c4ccccc4)n(c2=O)COC(F)F,536.366,4.812,,4.127,82.250,0,5,9,-5.603,1,,3.000,
R3,"emap3_Bn-3,5diCl_OCH2CH2CF2H",CCN(Cc1c(Cl)cc(Cl)cc1)C(=O)Cn2c3c(cnc(n3)c4ccccc4)n(c2=O)COCC(F)F,550.393,4.855,,4.169,82.250,0,5,10,-5.651,2,,2.400,
R3,"emap3_Bn-3,5diCl_CH2CF2H",CCN(Cc1c(Cl)cc(Cl)cc1)C(=O)Cn2c3c(cnc(n3)c4ccccc4)n(c2=O)C(F)F,506.340,5.011,,4.402,73.020,0,4,7,-5.674,1,,3.000,
R3,"emap3_Bn-3,5diCl_CH2CH2CF2H",CCN(Cc1c(Cl)cc(Cl)cc1)C(=O)Cn2c3c(cnc(n3)c4ccccc4)n(c2=O)CC(F)F,520.367,4.881,,4.272,73.020,0,4,8,-5.613,1,,3.000,
R3,"emap3_Bn-3,5diCl_OCH2CH2CH2CHF2",CCN(Cc1c(Cl)cc(Cl)cc1)C(=O)Cn2c3c(cnc(n3)c4ccccc4)n(c2=O)COCCC(F)F,564.420,5.245,,4.559,82.250,0,5,11,-5.918,2,,1.800,
R3,"emap3_Bn-3,5diCl_CH2CH2CF2CF3",CCN(Cc1c(Cl)cc(Cl)cc1)C(=O)Cn2c3c(cnc(n3)c4ccccc4)n(c2=O)CC(F)C(F)(F)F,570.374,5.516,,4.907,73.020,0,4,8,-6.323,2,,1.800,
R3,"emap3_Bn-3,5diCl_CH2CF2CF3",CCN(Cc1c(Cl)cc(Cl)cc1)C(=O)Cn2c3c(cnc(n3)c4ccccc4)n(c2=O)C(F)C(F)(F)F,556.347,5.646,,5.037,73.020,0,4,7,-6.384,2,,1.800,
R3,"emap3_Bn-3,5diCl_CH2CH2CH2CF2CF3",CCN(Cc1c(Cl)cc(Cl)cc1)C(=O)Cn2c3c(cnc(n3)c4ccccc4)n(c2=O)CCC(F)C(F)(F)F,584.401,5.906,,5.298,73.020,0,4,9,-6.590,2,,1.800,
R3,"emap3_Bn-3,5diCl_CH2CH2CF2CH3",CCN(Cc1c(Cl)cc(Cl)cc1)C(=O)Cn2c3c(cnc(n3)c4ccccc4)n(c2=O)CC(F)C,516.404,4.974,,4.365,73.020,0,4,8,-5.647,1,,3.000,
R3,"emap3_Bn-3,5diCl_OCH2CF2CF3",CCN(Cc1c(Cl)cc(Cl)cc1)C(=O)Cn2c3c(cnc(n3)c4ccccc4)n(c2=O)COC(F)C(F)(F)F,586.373,5.448,,4.762,82.250,0,5,9,-6.313,2,,1.800,
R3,"emap3_Bn-3,5diCl_OCH2CF2CH3",CCN(Cc1c(Cl)cc(Cl)cc1)C(=O)Cn2c3c(cnc(n3)c4ccccc4)n(c2=O)COC(F)C,532.403,4.905,,4.220,82.250,0,5,9,-5.637,1,,3.000,
R3,"emap3_Bn-3,5diCl_OCH2CH2CF2CF3",CCN(Cc1c(Cl)cc(Cl)cc1)C(=O)Cn2c3c(cnc(n3)c4ccccc4)n(c2=O)COCC(F)C(F)(F)F,600.400,5.490,,4.805,82.250,0,5,10,-6.361,2,,1.800,
R3,"emap3_Bn-3,5diCl_CH2CF2CH2F",CCN(Cc1c(Cl)cc(Cl)cc1)C(=O)Cn2c3c(cnc(n3)c4ccccc4)n(c2=O)C(F)CF,520.367,5.053,,4.445,73.020,0,4,8,-5.722,1,,3.000,
R3,"emap3_Bn-3,5diCl_CH2CH2CF2CH2F",CCN(Cc1c(Cl)cc(Cl)cc1)C(=O)Cn2c3c(cnc(n3)c4ccccc4)n(c2=O)CC(F)CF,534.394,4.923,,4.315,73.020,0,4,9,-5.661,1,,3.000,
R3,"emap3_Bn-3,5diCl_OCH2CF2CH2F",CCN(Cc1c(Cl)cc(Cl)cc1)C(=O)Cn2c3c(cnc(n3)c4ccccc4)n(c2=O)COC(F)CF,550.393,4.855,,4.169,82.250,0,5,10,-5.651,2,,2.400,
R3,"emap3_Bn-3,5diCl_CH2CH2CF2CH2CHF2",CCN(Cc1c(Cl)cc(Cl)cc1)C(=O)Cn2c3c(cnc(n3)c4ccccc4)n(c2=O)CC(F)C(F)F,552.384,5.219,,4.610,73.020,0,4,9,-5.959,2,,1.800,
R3,"emap3_Bn-3,5diCl_CH2CH2CF2CH2CF3",CCN(Cc1c(Cl)cc(Cl)cc1)C(=O)Cn2c3c(cnc(n3)c4ccccc4)n(c2=O)CC(F)C(F)(F)F,570.374,5.516,,4.907,73.020,0,4,8,-6.323,2,,1.800,
R3,"emap3_Bn-3,5diCl_OCH2CH2CF2CH2F",CCN(Cc1c(Cl)cc(Cl)cc1)C(=O)Cn2c3c(cnc(n3)c4ccccc4)n(c2=O)COCC(F)CF,564.420,4.897,,4.212,82.250,0,5,11,-5.699,2,,2.400,
R3,"emap3_Bn-3,5diCl_CH2CH2CF2CH2CH2F",CCN(Cc1c(Cl)cc(Cl)cc1)C(=O)Cn2c3c(cnc(n3)c4ccccc4)n(c2=O)CC(F)CCF,548.421,5.313,,4.705,73.020,0,4,10,-5.928,2,,2.400,
R3,"emap3_Bn-3,5diCl_CH2CF2CH2CH2F",CCN(Cc1c(Cl)cc(Cl)cc1)C(=O)Cn2c3c(cnc(n3)c4ccccc4)n(c2=O)C(F)CCF,534.394,5.443,,4.835,73.020,0,4,9,-5.988,2,,2.400,
R3,"emap3_Bn-3,5diCl_CH2CF2CH2CHF2",CCN(Cc1c(Cl)cc(Cl)cc1)C(=O)Cn2c3c(cnc(n3)c4ccccc4)n(c2=O)C(F)C(F)F,538.357,5.349,,4.740,73.020,0,4,8,-6.019,2,,2.400,
R3,"emap3_Bn-3,5diCl_CH2CF2CH2CF3",CCN(Cc1c(Cl)cc(Cl)cc1)C(=O)Cn2c3c(cnc(n3)c4ccccc4)n(c2=O)C(F)C(F)(F)F,556.347,5.646,,5.037,73.020,0,4,7,-6.384,2,,1.800,
R3,"emap3_Bn-3,5diCl_OCH2CF2CH2CH2F",CCN(Cc1c(Cl)cc(Cl)cc1)C(=O)Cn2c3c(cnc(n3)c4ccccc4)n(c2=O)COC(F)CCF,564.420,5.245,,4.559,82.250,0,5,11,-5.918,2,,1.800,
R3,"emap3_Bn-3,5diCl_OCH2CH2CF2CH2CH2F",CCN(Cc1c(Cl)cc(Cl)cc1)C(=O)Cn2c3c(cnc(n3)c4ccccc4)n(c2=O)COCC(F)CCF,578.447,5.287,,4.602,82.250,0,5,12,-5.965,2,,1.800,
R3,"emap3_Bn-3,5diCl_CH2CH2CF2CH2CH2CHF2",CCN(Cc1c(Cl)cc(Cl)cc1)C(=O)Cn2c3c(cnc(n3)c4ccccc4)n(c2=O)CC(F)CC(F)F,566.411,5.609,,5.000,73.020,0,4,10,-6.225,2,,1.800,
R3,"emap3_Bn-3,5diCl_CH2CH2CF2CH2CH2CF3",CCN(Cc1c(Cl)cc(Cl)cc1)C(=O)Cn2c3c(cnc(n3)c4ccccc4)n(c2=O)CC(F)CC(F)(F)F,584.401,5.906,,5.298,73.020,0,4,9,-6.590,2,,1.800,
R3,emap3_Bn-4iPr_Me,CCN(Cc1ccc(C(C)C)cc1)C(=O)Cn2c3c(cnc(n3)c4ccccc4)n(c2=O)C,443.551,3.969,,3.361,73.020,0,4,7,-4.629,0,-5.683,5.400,
R3,emap3_Bn-4iPr_Et,CCN(Cc1ccc(C(C)C)cc1)C(=O)Cn2c3c(cnc(n3)c4ccccc4)n(c2=O)CC,457.578,4.452,,3.844,73.020,0,4,8,-4.954,0,-5.746,4.800,
R3,emap3_Bn-4iPr_nPr,CCN(Cc1ccc(C(C)C)cc1)C(=O)Cn2c3c(cnc(n3)c4ccccc4)n(c2=O)CCC,471.605,4.842,,4.234,73.020,0,4,9,-5.220,1,-4.896,3.600,
R3,emap3_Bn-4iPr_nBu,CCN(Cc1ccc(C(C)C)cc1)C(=O)Cn2c3c(cnc(n3)c4ccccc4)n(c2=O)CCCC,485.632,5.232,,4.624,73.020,0,4,10,-5.487,2,-4.692,3.000,
R3,emap3_Bn-4iPr_CH2F,CCN(Cc1ccc(C(C)C)cc1)C(=O)Cn2c3c(cnc(n3)c4ccccc4)n(c2=O)CF,461.541,4.359,,3.751,73.020,0,4,8,-4.920,0,-5.739,4.800,
R3,emap3_Bn-4iPr_CH2CH2F,CCN(Cc1ccc(C(C)C)cc1)C(=O)Cn2c3c(cnc(n3)c4ccccc4)n(c2=O)CCF,475.568,4.402,,3.793,73.020,0,4,9,-4.968,0,-4.797,4.800,
R3,emap3_Bn-4iPr_CH2CH2CH2F,CCN(Cc1ccc(C(C)C)cc1)C(=O)Cn2c3c(cnc(n3)c4ccccc4)n(c2=O)CCCF,489.595,4.792,,4.183,73.020,0,4,10,-5.234,1,-5.144,3.600,
R3,emap3_Bn-4iPr_CH2CHF2,CCN(Cc1ccc(C(C)C)cc1)C(=O)Cn2c3c(cnc(n3)c4ccccc4)n(c2=O)C(F)F,479.531,4.827,,4.219,73.020,0,4,8,-5.326,1,-5.922,3.600,
R3,emap3_Bn-4iPr_CH2CH2CHF2,CCN(Cc1ccc(C(C)C)cc1)C(=O)Cn2c3c(cnc(n3)c4ccccc4)n(c2=O)CC(F)F,493.558,4.697,,4.089,73.020,0,4,9,-5.265,1,-6.756,3.600,
R3,emap3_Bn-4iPr_CH2CH2CH2CHF2,CCN(Cc1ccc(C(C)C)cc1)C(=O)Cn2c3c(cnc(n3)c4ccccc4)n(c2=O)CCC(F)F,507.585,5.087,,4.479,73.020,0,4,10,-5.532,1,-6.627,3.000,
R3,emap3_Bn-4iPr_CH2CF3,CCN(Cc1ccc(C(C)C)cc1)C(=O)Cn2c3c(cnc(n3)c4ccccc4)n(c2=O)C(F)(F)F,497.521,4.908,,4.300,73.020,0,4,7,-5.555,1,-5.300,3.600,
R3,emap3_Bn-4iPr_CH2CH2CF3,CCN(Cc1ccc(C(C)C)cc1)C(=O)Cn2c3c(cnc(n3)c4ccccc4)n(c2=O)CC(F)(F)F,511.548,4.994,,4.386,73.020,0,4,8,-5.630,1,-5.208,3.000,
R3,emap3_Bn-4iPr_CH2CH2CH2CF3,CCN(Cc1ccc(C(C)C)cc1)C(=O)Cn2c3c(cnc(n3)c4ccccc4)n(c2=O)CCC(F)(F)F,525.575,5.385,,4.776,73.020,0,4,9,-5.897,2,-5.441,2.400,
R3,emap3_Bn-4iPr_OCH2F,CCN(Cc1ccc(C(C)C)cc1)C(=O)Cn2c3c(cnc(n3)c4ccccc4)n(c2=O)COF,477.540,4.291,,3.605,82.250,0,5,9,-4.910,0,-4.775,4.800,
R3,emap3_Bn-4iPr_OCH2CHF2,CCN(Cc1ccc(C(C)C)cc1)C(=O)Cn2c3c(cnc(n3)c4ccccc4)n(c2=O)COC(F)F,509.557,4.629,,3.943,82.250,0,5,10,-5.255,1,-5.254,3.600,
R3,emap3_Bn-4iPr_OCH2CF3,CCN(Cc1ccc(C(C)C)cc1)C(=O)Cn2c3c(cnc(n3)c4ccccc4)n(c2=O)COC(F)(F)F,527.547,4.926,,4.241,82.250,0,5,9,-5.620,1,-5.530,3.000,
R3,emap3_Bn-4iPr_OCH2CH2F,CCN(Cc1ccc(C(C)C)cc1)C(=O)Cn2c3c(cnc(n3)c4ccccc4)n(c2=O)COCF,491.567,4.333,,3.648,82.250,0,5,10,-4.958,0,-5.431,4.800,
R3,emap3_Bn-4iPr_OCH2CH2CF3,CCN(Cc1ccc(C(C)C)cc1)C(=O)Cn2c3c(cnc(n3)c4ccccc4)n(c2=O)COCC(F)(F)F,541.574,4.969,,4.283,82.250,0,5,10,-5.668,1,-5.362,3.000,
R3,emap3_Bn-4iPr_OCH2CH2CHF2,CCN(Cc1ccc(C(C)C)cc1)C(=O)Cn2c3c(cnc(n3)c4ccccc4)n(c2=O)COCC(F)F,523.584,4.671,,3.986,82.250,0,5,11,-5.303,1,-5.041,3.600,
R3,emap3_Bn-4iPr_OCH2CH2CH2F,CCN(Cc1ccc(C(C)C)cc1)C(=O)Cn2c3c(cnc(n3)c4ccccc4)n(c2=O)COCCF,505.594,4.376,,3.690,82.250,0,5,11,-5.005,1,-4.700,4.200,
R3,emap3_Bn-4iPr_OCH2CH2CH2CF3,CCN(Cc1ccc(C(C)C)cc1)C(=O)Cn2c3c(cnc(n3)c4ccccc4)n(c2=O)COCCC(F)(F)F,555.601,5.359,,4.673,82.250,0,5,11,-5.935,2,-5.658,1.800,
R3,emap3_Bn-4iPr_CH2SiMe3,CCN(Cc1ccc(C(C)C)cc1)C(=O)Cn2c3c(cnc(n3)c4ccccc4)n(c2=O)C[Si](C)(C)C,515.734,5.310,,4.701,73.020,0,4,9,-5.789,2,-4.768,2.400,
R3,emap3_Bn-4iPr_CH2CH2SiMe3,CCN(Cc1ccc(C(C)C)cc1)C(=O)Cn2c3c(cnc(n3)c4ccccc4)n(c2=O)CC[Si](C)(C)C,529.761,5.770,,5.162,73.020,0,4,10,-6.100,2,-4.824,2.400,
R3,emap3_Bn-4iPr_OSiMe3,CCN(Cc1ccc(C(C)C)cc1)C(=O)Cn2c3c(cnc(n3)c4ccccc4)n(c2=O)O[Si](C)(C)C,517.706,4.696,,4.010,82.250,0,5,9,-5.414,1,-4.707,3.000,
R3,emap3_Bn-4iPr_CH2SiEt3,CCN(Cc1ccc(C(C)C)cc1)C(=O)Cn2c3c(cnc(n3)c4ccccc4)n(c2=O)C[Si](CC)(CC)CC,557.815,6.480,,5.871,73.020,0,4,12,-6.589,2,-5.121,1.800,
R3,emap3_Bn-4iPr_tBu,CCN(Cc1ccc(C(C)C)cc1)C(=O)Cn2c3c(cnc(n3)c4ccccc4)n(c2=O)C(C)(C)C,485.632,5.187,,4.579,73.020,0,4,7,-5.657,2,-5.022,3.000,
R3,emap3_Bn-4iPr_BnCH2,CCN(Cc1ccc(C(C)C)cc1)C(=O)Cn2c3c(cnc(n3)c4ccccc4)n(c2=O)Cc1ccccc1C,533.676,5.789,,5.180,73.020,0,4,9,-6.202,2,-6.126,2.400,
R3,emap3_Bn-4iPr_PhCH2F,CCN(Cc1ccc(C(C)C)cc1)C(=O)Cn2c3c(cnc(n3)c4ccccc4)n(c2=O)c1ccccc1CF,537.639,5.891,,5.282,73.020,0,4,9,-6.291,2,-6.797,2.400,
R3,emap3_Bn-4iPr_OCH2CF2H,CCN(Cc1ccc(C(C)C)cc1)C(=O)Cn2c3c(cnc(n3)c4ccccc4)n(c2=O)COC(F)F,509.557,4.629,,3.943,82.250,0,5,10,-5.255,1,-6.625,3.600,
R3,emap3_Bn-4iPr_OCH2CH2CF2H,CCN(Cc1ccc(C(C)C)cc1)C(=O)Cn2c3c(cnc(n3)c4ccccc4)n(c2=O)COCC(F)F,523.584,4.671,,3.986,82.250,0,5,11,-5.303,1,-6.655,3.600,
R3,emap3_Bn-4iPr_CH2CF2H,CCN(Cc1ccc(C(C)C)cc1)C(=O)Cn2c3c(cnc(n3)c4ccccc4)n(c2=O)C(F)F,479.531,4.827,,4.219,73.020,0,4,8,-5.326,1,-5.966,3.600,
R3,emap3_Bn-4iPr_CH2CH2CF2H,CCN(Cc1ccc(C(C)C)cc1)C(=O)Cn2c3c(cnc(n3)c4ccccc4)n(c2=O)CC(F)F,493.558,4.697,,4.089,73.020,0,4,9,-5.265,1,-6.720,3.600,
R3,emap3_Bn-4iPr_OCH2CH2CH2CHF2,CCN(Cc1ccc(C(C)C)cc1)C(=O)Cn2c3c(cnc(n3)c4ccccc4)n(c2=O)COCCC(F)F,537.611,5.061,,4.376,82.250,0,5,12,-5.570,1,-5.296,3.000,
R3,emap3_Bn-4iPr_CH2CH2CF2CF3,CCN(Cc1ccc(C(C)C)cc1)C(=O)Cn2c3c(cnc(n3)c4ccccc4)n(c2=O)CC(F)C(F)(F)F,543.565,5.333,,4.724,73.020,0,4,9,-5.976,2,-6.769,2.400,
R3,emap3_Bn-4iPr_CH2CF2CF3,CCN(Cc1ccc(C(C)C)cc1)C(=O)Cn2c3c(cnc(n3)c4ccccc4)n(c2=O)C(F)C(F)(F)F,529.538,5.463,,4.854,73.020,0,4,8,-6.037,2,-5.561,2.400,
R3,emap3_Bn-4iPr_CH2CH2CH2CF2CF3,CCN(Cc1ccc(C(C)C)cc1)C(=O)Cn2c3c(cnc(n3)c4ccccc4)n(c2=O)CCC(F)C(F)(F)F,557.592,5.723,,5.114,73.020,0,4,10,-6.242,2,-5.578,1.800,
R3,emap3_Bn-4iPr_CH2CH2CF2CH3,CCN(Cc1ccc(C(C)C)cc1)C(=O)Cn2c3c(cnc(n3)c4ccccc4)n(c2=O)CC(F)C,489.595,4.790,,4.182,73.020,0,4,9,-5.299,1,-6.556,3.600,
R3,emap3_Bn-4iPr_OCH2CF2CF3,CCN(Cc1ccc(C(C)C)cc1)C(=O)Cn2c3c(cnc(n3)c4ccccc4)n(c2=O)COC(F)C(F)(F)F,559.564,5.264,,4.579,82.250,0,5,10,-5.966,2,-5.676,1.800,
R3,emap3_Bn-4iPr_OCH2CF2CH3,CCN(Cc1ccc(C(C)C)cc1)C(=O)Cn2c3c(cnc(n3)c4ccccc4)n(c2=O)COC(F)C,505.594,4.722,,4.036,82.250,0,5,10,-5.289,1,-5.389,3.000,
R3,emap3_Bn-4iPr_OCH2CH2CF2CF3,CCN(Cc1ccc(C(C)C)cc1)C(=O)Cn2c3c(cnc(n3)c4ccccc4)n(c2=O)COCC(F)C(F)(F)F,573.591,5.307,,4.621,82.250,0,5,11,-6.013,2,-5.821,1.800,
R3,emap3_Bn-4iPr_CH2CF2CH2F,CCN(Cc1ccc(C(C)C)cc1)C(=O)Cn2c3c(cnc(n3)c4ccccc4)n(c2=O)C(F)CF,493.558,4.870,,4.261,73.020,0,4,9,-5.374,1,-4.922,3.600,
R3,emap3_Bn-4iPr_CH2CH2CF2CH2F,CCN(Cc1ccc(C(C)C)cc1)C(=O)Cn2c3c(cnc(n3)c4ccccc4)n(c2=O)CC(F)CF,507.585,4.740,,4.131,73.020,0,4,10,-5.313,1,-6.449,3.000,
R3,emap3_Bn-4iPr_OCH2CF2CH2F,CCN(Cc1ccc(C(C)C)cc1)C(=O)Cn2c3c(cnc(n3)c4ccccc4)n(c2=O)COC(F)CF,523.584,4.671,,3.986,82.250,0,5,11,-5.303,1,-4.926,3.600,
R3,emap3_Bn-4iPr_CH2CH2CF2CH2CHF2,CCN(Cc1ccc(C(C)C)cc1)C(=O)Cn2c3c(cnc(n3)c4ccccc4)n(c2=O)CC(F)C(F)F,525.575,5.035,,4.427,73.020,0,4,10,-5.611,1,-5.366,3.000,
R3,emap3_Bn-4iPr_CH2CH2CF2CH2CF3,CCN(Cc1ccc(C(C)C)cc1)C(=O)Cn2c3c(cnc(n3)c4ccccc4)n(c2=O)CC(F)C(F)(F)F,543.565,5.333,,4.724,73.020,0,4,9,-5.976,2,-6.750,2.400,
R3,emap3_Bn-4iPr_OCH2CH2CF2CH2F,CCN(Cc1ccc(C(C)C)cc1)C(=O)Cn2c3c(cnc(n3)c4ccccc4)n(c2=O)COCC(F)CF,537.611,4.714,,4.028,82.250,0,5,12,-5.351,1,-5.126,3.000,
R3,emap3_Bn-4iPr_CH2CH2CF2CH2CH2F,CCN(Cc1ccc(C(C)C)cc1)C(=O)Cn2c3c(cnc(n3)c4ccccc4)n(c2=O)CC(F)CCF,521.612,5.130,,4.521,73.020,0,4,11,-5.580,2,-6.361,2.400,
R3,emap3_Bn-4iPr_CH2CF2CH2CH2F,CCN(Cc1ccc(C(C)C)cc1)C(=O)Cn2c3c(cnc(n3)c4ccccc4)n(c2=O)C(F)CCF,507.585,5.260,,4.651,73.020,0,4,10,-5.641,2,-6.472,2.400,
R3,emap3_Bn-4iPr_CH2CF2CH2CHF2,CCN(Cc1ccc(C(C)C)cc1)C(=O)Cn2c3c(cnc(n3)c4ccccc4)n(c2=O)C(F)C(F)F,511.548,5.165,,4.557,73.020,0,4,9,-5.672,2,-4.914,2.400,
R3,emap3_Bn-4iPr_CH2CF2CH2CF3,CCN(Cc1ccc(C(C)C)cc1)C(=O)Cn2c3c(cnc(n3)c4ccccc4)n(c2=O)C(F)C(F)(F)F,529.538,5.463,,4.854,73.020,0,4,8,-6.037,2,-5.266,2.400,
R3,emap3_Bn-4iPr_OCH2CF2CH2CH2F,CCN(Cc1ccc(C(C)C)cc1)C(=O)Cn2c3c(cnc(n3)c4ccccc4)n(c2=O)COC(F)CCF,537.611,5.061,,4.376,82.250,0,5,12,-5.570,1,-5.510,3.000,
R3,emap3_Bn-4iPr_OCH2CH2CF2CH2CH2F,CCN(Cc1ccc(C(C)C)cc1)C(=O)Cn2c3c(cnc(n3)c4ccccc4)n(c2=O)COCC(F)CCF,551.638,5.104,,4.418,82.250,0,5,13,-5.618,2,-5.135,2.400,
R3,emap3_Bn-4iPr_CH2CH2CF2CH2CH2CHF2,CCN(Cc1ccc(C(C)C)cc1)C(=O)Cn2c3c(cnc(n3)c4ccccc4)n(c2=O)CC(F)CC(F)F,539.602,5.425,,4.817,73.020,0,4,11,-5.878,2,-6.546,2.400,
R3,emap3_Bn-4iPr_CH2CH2CF2CH2CH2CF3,CCN(Cc1ccc(C(C)C)cc1)C(=O)Cn2c3c(cnc(n3)c4ccccc4)n(c2=O)CC(F)CC(F)(F)F,557.592,5.723,,5.114,73.020,0,4,10,-6.242,2,-5.624,1.800,
R3,emap3_Bn-4CN_Me,CCN(Cc1ccc(C#N)cc1)C(=O)Cn2c3c(cnc(n3)c4ccccc4)n(c2=O)C,426.480,2.717,,1.911,96.810,0,5,6,-3.800,1,-5.415,4.800,
R3,emap3_Bn-4CN_Et,CCN(Cc1ccc(C#N)cc1)C(=O)Cn2c3c(cnc(n3)c4ccccc4)n(c2=O)CC,440.507,3.200,,2.394,96.810,0,5,7,-4.125,1,-5.294,4.800,
R3,emap3_Bn-4CN_nPr,CCN(Cc1ccc(C#N)cc1)C(=O)Cn2c3c(cnc(n3)c4ccccc4)n(c2=O)CCC,454.534,3.590,,2.784,96.810,0,5,8,-4.392,1,-5.102,4.800,
R3,emap3_Bn-4CN_nBu,CCN(Cc1ccc(C#N)cc1)C(=O)Cn2c3c(cnc(n3)c4ccccc4)n(c2=O)CCCC,468.561,3.980,,3.174,96.810,0,5,9,-4.659,1,-6.015,4.800,
R3,emap3_Bn-4CN_CH2F,CCN(Cc1ccc(C#N)cc1)C(=O)Cn2c3c(cnc(n3)c4ccccc4)n(c2=O)CF,444.470,3.107,,2.301,96.810,0,5,7,-4.091,1,-5.237,4.800,
R3,emap3_Bn-4CN_CH2CH2F,CCN(Cc1ccc(C#N)cc1)C(=O)Cn2c3c(cnc(n3)c4ccccc4)n(c2=O)CCF,458.497,3.150,,2.343,96.810,0,5,8,-4.139,1,-5.641,4.800,
R3,emap3_Bn-4CN_CH2CH2CH2F,CCN(Cc1ccc(C#N)cc1)C(=O)Cn2c3c(cnc(n3)c4ccccc4)n(c2=O)CCCF,472.524,3.540,,2.733,96.810,0,5,9,-4.406,1,-6.104,4.800,
R3,emap3_Bn-4CN_CH2CHF2,CCN(Cc1ccc(C#N)cc1)C(=O)Cn2c3c(cnc(n3)c4ccccc4)n(c2=O)C(F)F,462.460,3.575,,2.769,96.810,0,5,7,-4.498,1,-6.024,4.800,
R3,emap3_Bn-4CN_CH2CH2CHF2,CCN(Cc1ccc(C#N)cc1)C(=O)Cn2c3c(cnc(n3)c4ccccc4)n(c2=O)CC(F)F,476.487,3.445,,2.639,96.810,0,5,8,-4.437,1,-5.677,4.800,
R3,emap3_Bn-4CN_CH2CH2CH2CHF2,CCN(Cc1ccc(C#N)cc1)C(=O)Cn2c3c(cnc(n3)c4ccccc4)n(c2=O)CCC(F)F,490.514,3.836,,3.029,96.810,0,5,9,-4.704,1,-5.611,4.800,
R3,emap3_Bn-4CN_CH2CF3,CCN(Cc1ccc(C#N)cc1)C(=O)Cn2c3c(cnc(n3)c4ccccc4)n(c2=O)C(F)(F)F,480.450,3.657,,2.850,96.810,0,5,6,-4.726,1,-6.049,4.800,
R3,emap3_Bn-4CN_CH2CH2CF3,CCN(Cc1ccc(C#N)cc1)C(=O)Cn2c3c(cnc(n3)c4ccccc4)n(c2=O)CC(F)(F)F,494.477,3.743,,2.936,96.810,0,5,7,-4.802,1,-5.503,4.800,
R3,emap3_Bn-4CN_CH2CH2CH2CF3,CCN(Cc1ccc(C#N)cc1)C(=O)Cn2c3c(cnc(n3)c4ccccc4)n(c2=O)CCC(F)(F)F,508.504,4.133,,3.326,96.810,0,5,8,-5.068,2,-5.447,3.600,
R3,emap3_Bn-4CN_OCH2F,CCN(Cc1ccc(C#N)cc1)C(=O)Cn2c3c(cnc(n3)c4ccccc4)n(c2=O)COF,460.469,3.039,,2.155,106.040,0,6,8,-4.081,1,-5.617,4.800,
R3,emap3_Bn-4CN_OCH2CHF2,CCN(Cc1ccc(C#N)cc1)C(=O)Cn2c3c(cnc(n3)c4ccccc4)n(c2=O)COC(F)F,492.486,3.377,,2.493,106.040,0,6,9,-4.427,1,-5.726,4.800,
R3,emap3_Bn-4CN_OCH2CF3,CCN(Cc1ccc(C#N)cc1)C(=O)Cn2c3c(cnc(n3)c4ccccc4)n(c2=O)COC(F)(F)F,510.476,3.674,,2.791,106.040,0,6,8,-4.792,2,-5.784,4.200,
R3,emap3_Bn-4CN_OCH2CH2F,CCN(Cc1ccc(C#N)cc1)C(=O)Cn2c3c(cnc(n3)c4ccccc4)n(c2=O)COCF,474.496,3.081,,2.198,106.040,0,6,9,-4.129,1,-6.069,4.800,
R3,emap3_Bn-4CN_OCH2CH2CF3,CCN(Cc1ccc(C#N)cc1)C(=O)Cn2c3c(cnc(n3)c4ccccc4)n(c2=O)COCC(F)(F)F,524.503,3.717,,2.833,106.040,0,6,9,-4.839,2,-6.306,4.200,
R3,emap3_Bn-4CN_OCH2CH2CHF2,CCN(Cc1ccc(C#N)cc1)C(=O)Cn2c3c(cnc(n3)c4ccccc4)n(c2=O)COCC(F)F,506.513,3.420,,2.536,106.040,0,6,10,-4.475,2,-5.617,4.200,
R3,emap3_Bn-4CN_OCH2CH2CH2F,CCN(Cc1ccc(C#N)cc1)C(=O)Cn2c3c(cnc(n3)c4ccccc4)n(c2=O)COCCF,488.523,3.124,,2.240,106.040,0,6,10,-4.177,1,-5.359,4.800,
R3,emap3_Bn-4CN_OCH2CH2CH2CF3,CCN(Cc1ccc(C#N)cc1)C(=O)Cn2c3c(cnc(n3)c4ccccc4)n(c2=O)COCCC(F)(F)F,538.530,4.107,,3.223,106.040,0,6,10,-5.106,2,-5.842,3.600,
R3,emap3_Bn-4CN_CH2SiMe3,CCN(Cc1ccc(C#N)cc1)C(=O)Cn2c3c(cnc(n3)c4ccccc4)n(c2=O)C[Si](C)(C)C,498.663,4.058,,3.251,96.810,0,5,8,-4.960,1,-5.399,4.200,
R3,emap3_Bn-4CN_CH2CH2SiMe3,CCN(Cc1ccc(C#N)cc1)C(=O)Cn2c3c(cnc(n3)c4ccccc4)n(c2=O)CC[Si](C)(C)C,512.690,4.519,,3.712,96.810,0,5,9,-5.271,2,-5.991,3.000,
R3,emap3_Bn-4CN_OSiMe3,CCN(Cc1ccc(C#N)cc1)C(=O)Cn2c3c(cnc(n3)c4ccccc4)n(c2=O)O[Si](C)(C)C,500.635,3.444,,2.560,106.040,0,6,8,-4.586,2,-5.612,4.200,
R3,emap3_Bn-4CN_CH2SiEt3,CCN(Cc1ccc(C#N)cc1)C(=O)Cn2c3c(cnc(n3)c4ccccc4)n(c2=O)C[Si](CC)(CC)CC,540.744,5.228,,4.421,96.810,0,5,11,-5.760,2,-5.445,2.400,
R3,emap3_Bn-4CN_tBu,CCN(Cc1ccc(C#N)cc1)C(=O)Cn2c3c(cnc(n3)c4ccccc4)n(c2=O)C(C)(C)C,468.561,3.935,,3.129,96.810,0,5,6,-4.828,1,-5.668,4.800,
R3,emap3_Bn-4CN_BnCH2,CCN(Cc1ccc(C#N)cc1)C(=O)Cn2c3c(cnc(n3)c4ccccc4)n(c2=O)Cc1ccccc1C,516.605,4.537,,3.730,96.810,0,5,8,-5.373,2,-6.139,3.000,
R3,emap3_Bn-4CN_PhCH2F,CCN(Cc1ccc(C#N)cc1)C(=O)Cn2c3c(cnc(n3)c4ccccc4)n(c2=O)c1ccccc1CF,520.568,4.639,,3.832,96.810,0,5,8,-5.462,2,-6.189,3.000,
R3,emap3_Bn-4CN_OCH2CF2H,CCN(Cc1ccc(C#N)cc1)C(=O)Cn2c3c(cnc(n3)c4ccccc4)n(c2=O)COC(F)F,492.486,3.377,,2.493,106.040,0,6,9,-4.427,1,-5.646,4.800,
R3,emap3_Bn-4CN_OCH2CH2CF2H,CCN(Cc1ccc(C#N)cc1)C(=O)Cn2c3c(cnc(n3)c4ccccc4)n(c2=O)COCC(F)F,506.513,3.420,,2.536,106.040,0,6,10,-4.475,2,-5.423,4.200,
R3,emap3_Bn-4CN_CH2CF2H,CCN(Cc1ccc(C#N)cc1)C(=O)Cn2c3c(cnc(n3)c4ccccc4)n(c2=O)C(F)F,462.460,3.575,,2.769,96.810,0,5,7,-4.498,1,-6.064,4.800,
R3,emap3_Bn-4CN_CH2CH2CF2H,CCN(Cc1ccc(C#N)cc1)C(=O)Cn2c3c(cnc(n3)c4ccccc4)n(c2=O)CC(F)F,476.487,3.445,,2.639,96.810,0,5,8,-4.437,1,-5.660,4.800,
R3,emap3_Bn-4CN_OCH2CH2CH2CHF2,CCN(Cc1ccc(C#N)cc1)C(=O)Cn2c3c(cnc(n3)c4ccccc4)n(c2=O)COCCC(F)F,520.540,3.810,,2.926,106.040,0,6,11,-4.741,2,-4.901,4.200,
R3,emap3_Bn-4CN_CH2CH2CF2CF3,CCN(Cc1ccc(C#N)cc1)C(=O)Cn2c3c(cnc(n3)c4ccccc4)n(c2=O)CC(F)C(F)(F)F,526.494,4.081,,3.274,96.810,0,5,8,-5.147,2,-6.331,3.600,
R3,emap3_Bn-4CN_CH2CF2CF3,CCN(Cc1ccc(C#N)cc1)C(=O)Cn2c3c(cnc(n3)c4ccccc4)n(c2=O)C(F)C(F)(F)F,512.467,4.211,,3.404,96.810,0,5,7,-5.208,2,-5.606,3.600,
R3,emap3_Bn-4CN_CH2CH2CH2CF2CF3,CCN(Cc1ccc(C#N)cc1)C(=O)Cn2c3c(cnc(n3)c4ccccc4)n(c2=O)CCC(F)C(F)(F)F,540.521,4.471,,3.664,96.810,0,5,9,-5.414,2,-5.284,3.600,
R3,emap3_Bn-4CN_CH2CH2CF2CH3,CCN(Cc1ccc(C#N)cc1)C(=O)Cn2c3c(cnc(n3)c4ccccc4)n(c2=O)CC(F)C,472.524,3.538,,2.732,96.810,0,5,8,-4.471,1,-6.202,4.800,
R3,emap3_Bn-4CN_OCH2CF2CF3,CCN(Cc1ccc(C#N)cc1)C(=O)Cn2c3c(cnc(n3)c4ccccc4)n(c2=O)COC(F)C(F)(F)F,542.493,4.012,,3.129,106.040,0,6,9,-5.137,2,-5.880,3.600,
R3,emap3_Bn-4CN_OCH2CF2CH3,CCN(Cc1ccc(C#N)cc1)C(=O)Cn2c3c(cnc(n3)c4ccccc4)n(c2=O)COC(F)C,488.523,3.470,,2.586,106.040,0,6,9,-4.461,1,-5.628,4.800,
R3,emap3_Bn-4CN_OCH2CH2CF2CF3,CCN(Cc1ccc(C#N)cc1)C(=O)Cn2c3c(cnc(n3)c4ccccc4)n(c2=O)COCC(F)C(F)(F)F,556.520,4.055,,3.171,106.040,0,6,10,-5.185,2,-5.425,3.000,
R3,emap3_Bn-4CN_CH2CF2CH2F,CCN(Cc1ccc(C#N)cc1)C(=O)Cn2c3c(cnc(n3)c4ccccc4)n(c2=O)C(F)CF,476.487,3.618,,2.811,96.810,0,5,8,-4.546,1,-6.129,4.800,
R3,emap3_Bn-4CN_CH2CH2CF2CH2F,CCN(Cc1ccc(C#N)cc1)C(=O)Cn2c3c(cnc(n3)c4ccccc4)n(c2=O)CC(F)CF,490.514,3.488,,2.681,96.810,0,5,9,-4.485,1,-5.389,4.800,
R3,emap3_Bn-4CN_OCH2CF2CH2F,CCN(Cc1ccc(C#N)cc1)C(=O)Cn2c3c(cnc(n3)c4ccccc4)n(c2=O)COC(F)CF,506.513,3.420,,2.536,106.040,0,6,10,-4.475,2,-6.220,4.200,
R3,emap3_Bn-4CN_CH2CH2CF2CH2CHF2,CCN(Cc1ccc(C#N)cc1)C(=O)Cn2c3c(cnc(n3)c4ccccc4)n(c2=O)CC(F)C(F)F,508.504,3.784,,2.977,96.810,0,5,9,-4.782,2,-5.652,4.200,
R3,emap3_Bn-4CN_CH2CH2CF2CH2CF3,CCN(Cc1ccc(C#N)cc1)C(=O)Cn2c3c(cnc(n3)c4ccccc4)n(c2=O)CC(F)C(F)(F)F,526.494,4.081,,3.274,96.810,0,5,8,-5.147,2,-6.371,3.600,
R3,emap3_Bn-4CN_OCH2CH2CF2CH2F,CCN(Cc1ccc(C#N)cc1)C(=O)Cn2c3c(cnc(n3)c4ccccc4)n(c2=O)COCC(F)CF,520.540,3.462,,2.578,106.040,0,6,11,-4.522,2,-5.505,4.200,
R3,emap3_Bn-4CN_CH2CH2CF2CH2CH2F,CCN(Cc1ccc(C#N)cc1)C(=O)Cn2c3c(cnc(n3)c4ccccc4)n(c2=O)CC(F)CCF,504.541,3.878,,3.071,96.810,0,5,10,-4.751,2,-5.520,4.200,
R3,emap3_Bn-4CN_CH2CF2CH2CH2F,CCN(Cc1ccc(C#N)cc1)C(=O)Cn2c3c(cnc(n3)c4ccccc4)n(c2=O)C(F)CCF,490.514,4.008,,3.201,96.810,0,5,9,-4.812,1,-6.207,4.200,
R3,emap3_Bn-4CN_CH2CF2CH2CHF2,CCN(Cc1ccc(C#N)cc1)C(=O)Cn2c3c(cnc(n3)c4ccccc4)n(c2=O)C(F)C(F)F,494.477,3.914,,3.107,96.810,0,5,8,-4.843,1,-6.579,4.800,
R3,emap3_Bn-4CN_CH2CF2CH2CF3,CCN(Cc1ccc(C#N)cc1)C(=O)Cn2c3c(cnc(n3)c4ccccc4)n(c2=O)C(F)C(F)(F)F,512.467,4.211,,3.404,96.810,0,5,7,-5.208,2,-5.542,3.600,
R3,emap3_Bn-4CN_OCH2CF2CH2CH2F,CCN(Cc1ccc(C#N)cc1)C(=O)Cn2c3c(cnc(n3)c4ccccc4)n(c2=O)COC(F)CCF,520.540,3.810,,2.926,106.040,0,6,11,-4.741,2,-5.755,4.200,
R3,emap3_Bn-4CN_OCH2CH2CF2CH2CH2F,CCN(Cc1ccc(C#N)cc1)C(=O)Cn2c3c(cnc(n3)c4ccccc4)n(c2=O)COCC(F)CCF,534.567,3.852,,2.969,106.040,0,6,12,-4.789,2,-4.975,4.200,
R3,emap3_Bn-4CN_CH2CH2CF2CH2CH2CHF2,CCN(Cc1ccc(C#N)cc1)C(=O)Cn2c3c(cnc(n3)c4ccccc4)n(c2=O)CC(F)CC(F)F,522.531,4.174,,3.367,96.810,0,5,10,-5.049,2,-6.035,3.600,
R3,emap3_Bn-4CN_CH2CH2CF2CH2CH2CF3,CCN(Cc1ccc(C#N)cc1)C(=O)Cn2c3c(cnc(n3)c4ccccc4)n(c2=O)CC(F)CC(F)(F)F,540.521,4.471,,3.664,96.810,0,5,9,-5.414,2,-5.896,3.600,
R3,emap3_Bn-4SF5_Me,CCN(Cc1ccc(S(F)(F)(F)(F)F)cc1)C(=O)Cn2c3c(cnc(n3)c4ccccc4)n(c2=O)C,527.519,5.503,,4.895,73.020,0,4,7,-6.116,2,-7.271,2.400,
R3,emap3_Bn-4SF5_Et,CCN(Cc1ccc(S(F)(F)(F)(F)F)cc1)C(=O)Cn2c3c(cnc(n3)c4ccccc4)n(c2=O)CC,541.546,5.986,,5.378,73.020,0,4,8,-6.441,2,-7.206,2.400,
R3,emap3_Bn-4SF5_nPr,CCN(Cc1ccc(S(F)(F)(F)(F)F)cc1)C(=O)Cn2c3c(cnc(n3)c4ccccc4)n(c2=O)CCC,555.573,6.376,,5.768,73.020,0,4,9,-6.707,2,-6.635,1.800,
R3,emap3_Bn-4SF5_nBu,CCN(Cc1ccc(S(F)(F)(F)(F)F)cc1)C(=O)Cn2c3c(cnc(n3)c4ccccc4)n(c2=O)CCCC,569.600,6.766,,6.158,73.020,0,4,10,-6.974,2,-6.876,1.800,
R3,emap3_Bn-4SF5_CH2F,CCN(Cc1ccc(S(F)(F)(F)(F)F)cc1)C(=O)Cn2c3c(cnc(n3)c4ccccc4)n(c2=O)CF,545.509,5.893,,5.285,73.020,0,4,8,-6.407,2,-7.301,2.400,
R3,emap3_Bn-4SF5_CH2CH2F,CCN(Cc1ccc(S(F)(F)(F)(F)F)cc1)C(=O)Cn2c3c(cnc(n3)c4ccccc4)n(c2=O)CCF,559.536,5.936,,5.327,73.020,0,4,9,-6.455,2,-7.680,1.800,
R3,emap3_Bn-4SF5_CH2CH2CH2F,CCN(Cc1ccc(S(F)(F)(F)(F)F)cc1)C(=O)Cn2c3c(cnc(n3)c4ccccc4)n(c2=O)CCCF,573.563,6.326,,5.717,73.020,0,4,10,-6.721,2,-7.319,1.800,
R3,emap3_Bn-4SF5_CH2CHF2,CCN(Cc1ccc(S(F)(F)(F)(F)F)cc1)C(=O)Cn2c3c(cnc(n3)c4ccccc4)n(c2=O)C(F)F,563.499,6.361,,5.753,73.020,0,4,8,-6.813,2,-7.144,1.800,
R3,emap3_Bn-4SF5_CH2CH2CHF2,CCN(Cc1ccc(S(F)(F)(F)(F)F)cc1)C(=O)Cn2c3c(cnc(n3)c4ccccc4)n(c2=O)CC(F)F,577.526,6.231,,5.623,73.020,0,4,9,-6.752,2,-8.249,1.800,
R3,emap3_Bn-4SF5_CH2CH2CH2CHF2,CCN(Cc1ccc(S(F)(F)(F)(F)F)cc1)C(=O)Cn2c3c(cnc(n3)c4ccccc4)n(c2=O)CCC(F)F,591.553,6.621,,6.013,73.020,0,4,10,-7.019,2,-7.190,1.800,
R3,emap3_Bn-4SF5_CH2CF3,CCN(Cc1ccc(S(F)(F)(F)(F)F)cc1)C(=O)Cn2c3c(cnc(n3)c4ccccc4)n(c2=O)C(F)(F)F,581.489,6.442,,5.834,73.020,0,4,7,-7.042,2,-7.941,1.800,
R3,emap3_Bn-4SF5_CH2CH2CF3,CCN(Cc1ccc(S(F)(F)(F)(F)F)cc1)C(=O)Cn2c3c(cnc(n3)c4ccccc4)n(c2=O)CC(F)(F)F,595.516,6.528,,5.920,73.020,0,4,8,-7.117,2,-7.054,1.800,
R3,emap3_Bn-4SF5_CH2CH2CH2CF3,CCN(Cc1ccc(S(F)(F)(F)(F)F)cc1)C(=O)Cn2c3c(cnc(n3)c4ccccc4)n(c2=O)CCC(F)(F)F,609.543,6.919,,6.310,73.020,0,4,9,-7.384,2,-7.411,1.800,
R3,emap3_Bn-4SF5_OCH2F,CCN(Cc1ccc(S(F)(F)(F)(F)F)cc1)C(=O)Cn2c3c(cnc(n3)c4ccccc4)n(c2=O)COF,561.508,5.825,,5.139,82.250,0,5,9,-6.397,2,-7.568,1.800,
R3,emap3_Bn-4SF5_OCH2CHF2,CCN(Cc1ccc(S(F)(F)(F)(F)F)cc1)C(=O)Cn2c3c(cnc(n3)c4ccccc4)n(c2=O)COC(F)F,593.525,6.163,,5.477,82.250,0,5,10,-6.742,2,-7.531,1.800,
R3,emap3_Bn-4SF5_OCH2CF3,CCN(Cc1ccc(S(F)(F)(F)(F)F)cc1)C(=O)Cn2c3c(cnc(n3)c4ccccc4)n(c2=O)COC(F)(F)F,611.515,6.460,,5.775,82.250,0,5,9,-7.107,2,-8.178,1.800,
R3,emap3_Bn-4SF5_OCH2CH2F,CCN(Cc1ccc(S(F)(F)(F)(F)F)cc1)C(=O)Cn2c3c(cnc(n3)c4ccccc4)n(c2=O)COCF,575.535,5.867,,5.182,82.250,0,5,10,-6.445,2,-7.919,1.800,
R3,emap3_Bn-4SF5_OCH2CH2CF3,CCN(Cc1ccc(S(F)(F)(F)(F)F)cc1)C(=O)Cn2c3c(cnc(n3)c4ccccc4)n(c2=O)COCC(F)(F)F,625.542,6.503,,5.817,82.250,0,5,10,-7.155,2,-6.868,1.800,
R3,emap3_Bn-4SF5_OCH2CH2CHF2,CCN(Cc1ccc(S(F)(F)(F)(F)F)cc1)C(=O)Cn2c3c(cnc(n3)c4ccccc4)n(c2=O)COCC(F)F,607.552,6.205,,5.520,82.250,0,5,11,-6.790,2,-6.997,1.800,
R3,emap3_Bn-4SF5_OCH2CH2CH2F,CCN(Cc1ccc(S(F)(F)(F)(F)F)cc1)C(=O)Cn2c3c(cnc(n3)c4ccccc4)n(c2=O)COCCF,589.562,5.910,,5.224,82.250,0,5,11,-6.492,2,-6.739,1.800,
R3,emap3_Bn-4SF5_OCH2CH2CH2CF3,CCN(Cc1ccc(S(F)(F)(F)(F)F)cc1)C(=O)Cn2c3c(cnc(n3)c4ccccc4)n(c2=O)COCCC(F)(F)F,639.569,6.893,,6.207,82.250,0,5,11,-7.422,2,-6.585,1.800,
R3,emap3_Bn-4SF5_CH2SiMe3,CCN(Cc1ccc(S(F)(F)(F)(F)F)cc1)C(=O)Cn2c3c(cnc(n3)c4ccccc4)n(c2=O)C[Si](C)(C)C,599.702,6.844,,6.235,73.020,0,4,9,-7.276,2,-6.450,1.800,
R3,emap3_Bn-4SF5_CH2CH2SiMe3,CCN(Cc1ccc(S(F)(F)(F)(F)F)cc1)C(=O)Cn2c3c(cnc(n3)c4ccccc4)n(c2=O)CC[Si](C)(C)C,613.729,7.304,,6.696,73.020,0,4,10,-7.587,2,-7.160,1.800,
R3,emap3_Bn-4SF5_OSiMe3,CCN(Cc1ccc(S(F)(F)(F)(F)F)cc1)C(=O)Cn2c3c(cnc(n3)c4ccccc4)n(c2=O)O[Si](C)(C)C,601.674,6.230,,5.544,82.250,0,5,9,-6.901,2,-7.115,1.800,
R3,emap3_Bn-4SF5_CH2SiEt3,CCN(Cc1ccc(S(F)(F)(F)(F)F)cc1)C(=O)Cn2c3c(cnc(n3)c4ccccc4)n(c2=O)C[Si](CC)(CC)CC,641.783,8.014,,7.405,73.020,0,4,12,-8.076,2,-6.722,1.800,
R3,emap3_Bn-4SF5_tBu,CCN(Cc1ccc(S(F)(F)(F)(F)F)cc1)C(=O)Cn2c3c(cnc(n3)c4ccccc4)n(c2=O)C(C)(C)C,569.600,6.721,,6.113,73.020,0,4,7,-7.144,2,-7.124,1.800,
R3,emap3_Bn-4SF5_BnCH2,CCN(Cc1ccc(S(F)(F)(F)(F)F)cc1)C(=O)Cn2c3c(cnc(n3)c4ccccc4)n(c2=O)Cc1ccccc1C,617.644,7.323,,6.714,73.020,0,4,9,-7.689,2,-6.739,1.800,
R3,emap3_Bn-4SF5_PhCH2F,CCN(Cc1ccc(S(F)(F)(F)(F)F)cc1)C(=O)Cn2c3c(cnc(n3)c4ccccc4)n(c2=O)c1ccccc1CF,621.607,7.425,,6.816,73.020,0,4,9,-7.778,2,-6.261,1.800,
R3,emap3_Bn-4SF5_OCH2CF2H,CCN(Cc1ccc(S(F)(F)(F)(F)F)cc1)C(=O)Cn2c3c(cnc(n3)c4ccccc4)n(c2=O)COC(F)F,593.525,6.163,,5.477,82.250,0,5,10,-6.742,2,-7.532,1.800,
R3,emap3_Bn-4SF5_OCH2CH2CF2H,CCN(Cc1ccc(S(F)(F)(F)(F)F)cc1)C(=O)Cn2c3c(cnc(n3)c4ccccc4)n(c2=O)COCC(F)F,607.552,6.205,,5.520,82.250,0,5,11,-6.790,2,-6.863,1.800,
R3,emap3_Bn-4SF5_CH2CF2H,CCN(Cc1ccc(S(F)(F)(F)(F)F)cc1)C(=O)Cn2c3c(cnc(n3)c4ccccc4)n(c2=O)C(F)F,563.499,6.361,,5.753,73.020,0,4,8,-6.813,2,-7.161,1.800,
R3,emap3_Bn-4SF5_CH2CH2CF2H,CCN(Cc1ccc(S(F)(F)(F)(F)F)cc1)C(=O)Cn2c3c(cnc(n3)c4ccccc4)n(c2=O)CC(F)F,577.526,6.231,,5.623,73.020,0,4,9,-6.752,2,-8.232,1.800,
R3,emap3_Bn-4SF5_OCH2CH2CH2CHF2,CCN(Cc1ccc(S(F)(F)(F)(F)F)cc1)C(=O)Cn2c3c(cnc(n3)c4ccccc4)n(c2=O)COCCC(F)F,621.579,6.595,,5.910,82.250,0,5,12,-7.057,2,-6.073,1.800,
R3,emap3_Bn-4SF5_CH2CH2CF2CF3,CCN(Cc1ccc(S(F)(F)(F)(F)F)cc1)C(=O)Cn2c3c(cnc(n3)c4ccccc4)n(c2=O)CC(F)C(F)(F)F,627.533,6.867,,6.258,73.020,0,4,9,-7.463,2,-8.509,1.800,
R3,emap3_Bn-4SF5_CH2CF2CF3,CCN(Cc1ccc(S(F)(F)(F)(F)F)cc1)C(=O)Cn2c3c(cnc(n3)c4ccccc4)n(c2=O)C(F)C(F)(F)F,613.506,6.997,,6.388,73.020,0,4,8,-7.524,2,-6.684,1.800,
R3,emap3_Bn-4SF5_CH2CH2CH2CF2CF3,CCN(Cc1ccc(S(F)(F)(F)(F)F)cc1)C(=O)Cn2c3c(cnc(n3)c4ccccc4)n(c2=O)CCC(F)C(F)(F)F,641.560,7.257,,6.648,73.020,0,4,10,-7.729,2,-6.334,1.800,
R3,emap3_Bn-4SF5_CH2CH2CF2CH3,CCN(Cc1ccc(S(F)(F)(F)(F)F)cc1)C(=O)Cn2c3c(cnc(n3)c4ccccc4)n(c2=O)CC(F)C,573.563,6.324,,5.716,73.020,0,4,9,-6.786,2,-7.673,1.800,
R3,emap3_Bn-4SF5_OCH2CF2CF3,CCN(Cc1ccc(S(F)(F)(F)(F)F)cc1)C(=O)Cn2c3c(cnc(n3)c4ccccc4)n(c2=O)COC(F)C(F)(F)F,643.532,6.798,,6.113,82.250,0,5,10,-7.453,2,-7.664,1.800,
R3,emap3_Bn-4SF5_OCH2CF2CH3,CCN(Cc1ccc(S(F)(F)(F)(F)F)cc1)C(=O)Cn2c3c(cnc(n3)c4ccccc4)n(c2=O)COC(F)C,589.562,6.256,,5.570,82.250,0,5,10,-6.776,2,-7.619,1.800,
R3,emap3_Bn-4SF5_OCH2CH2CF2CF3,CCN(Cc1ccc(S(F)(F)(F)(F)F)cc1)C(=O)Cn2c3c(cnc(n3)c4ccccc4)n(c2=O)COCC(F)C(F)(F)F,657.559,6.841,,6.155,82.250,0,5,11,-7.500,2,-7.011,1.800,
R3,emap3_Bn-4SF5_CH2CF2CH2F,CCN(Cc1ccc(S(F)(F)(F)(F)F)cc1)C(=O)Cn2c3c(cnc(n3)c4ccccc4)n(c2=O)C(F)CF,577.526,6.404,,5.795,73.020,0,4,9,-6.861,2,-7.109,1.800,
R3,emap3_Bn-4SF5_CH2CH2CF2CH2F,CCN(Cc1ccc(S(F)(F)(F)(F)F)cc1)C(=O)Cn2c3c(cnc(n3)c4ccccc4)n(c2=O)CC(F)CF,591.553,6.274,,5.665,73.020,0,4,10,-6.800,2,-6.801,1.800,
R3,emap3_Bn-4SF5_OCH2CF2CH2F,CCN(Cc1ccc(S(F)(F)(F)(F)F)cc1)C(=O)Cn2c3c(cnc(n3)c4ccccc4)n(c2=O)COC(F)CF,607.552,6.205,,5.520,82.250,0,5,11,-6.790,2,-7.517,1.800,
R3,emap3_Bn-4SF5_CH2CH2CF2CH2CHF2,CCN(Cc1ccc(S(F)(F)(F)(F)F)cc1)C(=O)Cn2c3c(cnc(n3)c4ccccc4)n(c2=O)CC(F)C(F)F,609.543,6.569,,5.961,73.020,0,4,10,-7.098,2,-7.509,1.800,
R3,emap3_Bn-4SF5_CH2CH2CF2CH2CF3,CCN(Cc1ccc(S(F)(F)(F)(F)F)cc1)C(=O)Cn2c3c(cnc(n3)c4ccccc4)n(c2=O)CC(F)C(F)(F)F,627.533,6.867,,6.258,73.020,0,4,9,-7.463,2,-8.387,1.800,
R3,emap3_Bn-4SF5_OCH2CH2CF2CH2F,CCN(Cc1ccc(S(F)(F)(F)(F)F)cc1)C(=O)Cn2c3c(cnc(n3)c4ccccc4)n(c2=O)COCC(F)CF,621.579,6.248,,5.562,82.250,0,5,12,-6.838,2,-6.389,1.800,
R3,emap3_Bn-4SF5_CH2CH2CF2CH2CH2F,CCN(Cc1ccc(S(F)(F)(F)(F)F)cc1)C(=O)Cn2c3c(cnc(n3)c4ccccc4)n(c2=O)CC(F)CCF,605.580,6.664,,6.055,73.020,0,4,11,-7.067,2,-7.083,1.800,
R3,emap3_Bn-4SF5_CH2CF2CH2CH2F,CCN(Cc1ccc(S(F)(F)(F)(F)F)cc1)C(=O)Cn2c3c(cnc(n3)c4ccccc4)n(c2=O)C(F)CCF,591.553,6.794,,6.185,73.020,0,4,10,-7.128,2,-7.393,1.800,
R3,emap3_Bn-4SF5_CH2CF2CH2CHF2,CCN(Cc1ccc(S(F)(F)(F)(F)F)cc1)C(=O)Cn2c3c(cnc(n3)c4ccccc4)n(c2=O)C(F)C(F)F,595.516,6.699,,6.091,73.020,0,4,9,-7.159,2,-6.950,1.800,
R3,emap3_Bn-4SF5_CH2CF2CH2CF3,CCN(Cc1ccc(S(F)(F)(F)(F)F)cc1)C(=O)Cn2c3c(cnc(n3)c4ccccc4)n(c2=O)C(F)C(F)(F)F,613.506,6.997,,6.388,73.020,0,4,8,-7.524,2,-6.714,1.800,
R3,emap3_Bn-4SF5_OCH2CF2CH2CH2F,CCN(Cc1ccc(S(F)(F)(F)(F)F)cc1)C(=O)Cn2c3c(cnc(n3)c4ccccc4)n(c2=O)COC(F)CCF,621.579,6.595,,5.910,82.250,0,5,12,-7.057,2,-6.053,1.800,
R3,emap3_Bn-4SF5_OCH2CH2CF2CH2CH2F,CCN(Cc1ccc(S(F)(F)(F)(F)F)cc1)C(=O)Cn2c3c(cnc(n3)c4ccccc4)n(c2=O)COCC(F)CCF,635.606,6.638,,5.952,82.250,0,5,13,-7.105,2,-6.711,1.800,
R3,emap3_Bn-4SF5_CH2CH2CF2CH2CH2CHF2,CCN(Cc1ccc(S(F)(F)(F)(F)F)cc1)C(=O)Cn2c3c(cnc(n3)c4ccccc4)n(c2=O)CC(F)CC(F)F,623.570,6.959,,6.351,73.020,0,4,11,-7.365,2,-6.998,1.800,
R3,emap3_Bn-4SF5_CH2CH2CF2CH2CH2CF3,CCN(Cc1ccc(S(F)(F)(F)(F)F)cc1)C(=O)Cn2c3c(cnc(n3)c4ccccc4)n(c2=O)CC(F)CC(F)(F)F,641.560,7.257,,6.648,73.020,0,4,10,-7.729,2,-7.507,1.800,
R3,emap3_Bn-3SF5_Me,CCN(Cc1cc(S(F)(F)(F)(F)F)ccc1)C(=O)Cn2c3c(cnc(n3)c4ccccc4)n(c2=O)C,527.519,5.503,,4.895,73.020,0,4,7,-6.116,2,-7.151,2.400,
R3,emap3_Bn-3SF5_Et,CCN(Cc1cc(S(F)(F)(F)(F)F)ccc1)C(=O)Cn2c3c(cnc(n3)c4ccccc4)n(c2=O)CC,541.546,5.986,,5.378,73.020,0,4,8,-6.441,2,-7.159,2.400,
R3,emap3_Bn-3SF5_nPr,CCN(Cc1cc(S(F)(F)(F)(F)F)ccc1)C(=O)Cn2c3c(cnc(n3)c4ccccc4)n(c2=O)CCC,555.573,6.376,,5.768,73.020,0,4,9,-6.707,2,-6.473,1.800,
R3,emap3_Bn-3SF5_nBu,CCN(Cc1cc(S(F)(F)(F)(F)F)ccc1)C(=O)Cn2c3c(cnc(n3)c4ccccc4)n(c2=O)CCCC,569.600,6.766,,6.158,73.020,0,4,10,-6.974,2,-6.783,1.800,
R3,emap3_Bn-3SF5_CH2F,CCN(Cc1cc(S(F)(F)(F)(F)F)ccc1)C(=O)Cn2c3c(cnc(n3)c4ccccc4)n(c2=O)CF,545.509,5.893,,5.285,73.020,0,4,8,-6.407,2,-8.060,2.400,
R3,emap3_Bn-3SF5_CH2CH2F,CCN(Cc1cc(S(F)(F)(F)(F)F)ccc1)C(=O)Cn2c3c(cnc(n3)c4ccccc4)n(c2=O)CCF,559.536,5.936,,5.327,73.020,0,4,9,-6.455,2,-6.532,1.800,
R3,emap3_Bn-3SF5_CH2CH2CH2F,CCN(Cc1cc(S(F)(F)(F)(F)F)ccc1)C(=O)Cn2c3c(cnc(n3)c4ccccc4)n(c2=O)CCCF,573.563,6.326,,5.717,73.020,0,4,10,-6.721,2,-6.852,1.800,
R3,emap3_Bn-3SF5_CH2CHF2,CCN(Cc1cc(S(F)(F)(F)(F)F)ccc1)C(=O)Cn2c3c(cnc(n3)c4ccccc4)n(c2=O)C(F)F,563.499,6.361,,5.753,73.020,0,4,8,-6.813,2,-7.009,1.800,
R3,emap3_Bn-3SF5_CH2CH2CHF2,CCN(Cc1cc(S(F)(F)(F)(F)F)ccc1)C(=O)Cn2c3c(cnc(n3)c4ccccc4)n(c2=O)CC(F)F,577.526,6.231,,5.623,73.020,0,4,9,-6.752,2,-6.553,1.800,
R3,emap3_Bn-3SF5_CH2CH2CH2CHF2,CCN(Cc1cc(S(F)(F)(F)(F)F)ccc1)C(=O)Cn2c3c(cnc(n3)c4ccccc4)n(c2=O)CCC(F)F,591.553,6.621,,6.013,73.020,0,4,10,-7.019,2,-6.914,1.800,
R3,emap3_Bn-3SF5_CH2CF3,CCN(Cc1cc(S(F)(F)(F)(F)F)ccc1)C(=O)Cn2c3c(cnc(n3)c4ccccc4)n(c2=O)C(F)(F)F,581.489,6.442,,5.834,73.020,0,4,7,-7.042,2,-6.815,1.800,
R3,emap3_Bn-3SF5_CH2CH2CF3,CCN(Cc1cc(S(F)(F)(F)(F)F)ccc1)C(=O)Cn2c3c(cnc(n3)c4ccccc4)n(c2=O)CC(F)(F)F,595.516,6.528,,5.920,73.020,0,4,8,-7.117,2,-7.237,1.800,
R3,emap3_Bn-3SF5_CH2CH2CH2CF3,CCN(Cc1cc(S(F)(F)(F)(F)F)ccc1)C(=O)Cn2c3c(cnc(n3)c4ccccc4)n(c2=O)CCC(F)(F)F,609.543,6.919,,6.310,73.020,0,4,9,-7.384,2,-7.858,1.800,
R3,emap3_Bn-3SF5_OCH2F,CCN(Cc1cc(S(F)(F)(F)(F)F)ccc1)C(=O)Cn2c3c(cnc(n3)c4ccccc4)n(c2=O)COF,561.508,5.825,,5.139,82.250,0,5,9,-6.397,2,-6.077,1.800,
R3,emap3_Bn-3SF5_OCH2CHF2,CCN(Cc1cc(S(F)(F)(F)(F)F)ccc1)C(=O)Cn2c3c(cnc(n3)c4ccccc4)n(c2=O)COC(F)F,593.525,6.163,,5.477,82.250,0,5,10,-6.742,2,-7.370,1.800,
R3,emap3_Bn-3SF5_OCH2CF3,CCN(Cc1cc(S(F)(F)(F)(F)F)ccc1)C(=O)Cn2c3c(cnc(n3)c4ccccc4)n(c2=O)COC(F)(F)F,611.515,6.460,,5.775,82.250,0,5,9,-7.107,2,-6.587,1.800,
R3,emap3_Bn-3SF5_OCH2CH2F,CCN(Cc1cc(S(F)(F)(F)(F)F)ccc1)C(=O)Cn2c3c(cnc(n3)c4ccccc4)n(c2=O)COCF,575.535,5.867,,5.182,82.250,0,5,10,-6.445,2,-7.015,1.800,
R3,emap3_Bn-3SF5_OCH2CH2CF3,CCN(Cc1cc(S(F)(F)(F)(F)F)ccc1)C(=O)Cn2c3c(cnc(n3)c4ccccc4)n(c2=O)COCC(F)(F)F,625.542,6.503,,5.817,82.250,0,5,10,-7.155,2,-7.816,1.800,
R3,emap3_Bn-3SF5_OCH2CH2CHF2,CCN(Cc1cc(S(F)(F)(F)(F)F)ccc1)C(=O)Cn2c3c(cnc(n3)c4ccccc4)n(c2=O)COCC(F)F,607.552,6.205,,5.520,82.250,0,5,11,-6.790,2,-7.398,1.800,
R3,emap3_Bn-3SF5_OCH2CH2CH2F,CCN(Cc1cc(S(F)(F)(F)(F)F)ccc1)C(=O)Cn2c3c(cnc(n3)c4ccccc4)n(c2=O)COCCF,589.562,5.910,,5.224,82.250,0,5,11,-6.492,2,-6.947,1.800,
R3,emap3_Bn-3SF5_OCH2CH2CH2CF3,CCN(Cc1cc(S(F)(F)(F)(F)F)ccc1)C(=O)Cn2c3c(cnc(n3)c4ccccc4)n(c2=O)COCCC(F)(F)F,639.569,6.893,,6.207,82.250,0,5,11,-7.422,2,-8.085,1.800,
R3,emap3_Bn-3SF5_CH2SiMe3,CCN(Cc1cc(S(F)(F)(F)(F)F)ccc1)C(=O)Cn2c3c(cnc(n3)c4ccccc4)n(c2=O)C[Si](C)(C)C,599.702,6.844,,6.235,73.020,0,4,9,-7.276,2,-6.756,1.800,
R3,emap3_Bn-3SF5_CH2CH2SiMe3,CCN(Cc1cc(S(F)(F)(F)(F)F)ccc1)C(=O)Cn2c3c(cnc(n3)c4ccccc4)n(c2=O)CC[Si](C)(C)C,613.729,7.304,,6.696,73.020,0,4,10,-7.587,2,-7.478,1.800,
R3,emap3_Bn-3SF5_OSiMe3,CCN(Cc1cc(S(F)(F)(F)(F)F)ccc1)C(=O)Cn2c3c(cnc(n3)c4ccccc4)n(c2=O)O[Si](C)(C)C,601.674,6.230,,5.544,82.250,0,5,9,-6.901,2,-6.159,1.800,
R3,emap3_Bn-3SF5_CH2SiEt3,CCN(Cc1cc(S(F)(F)(F)(F)F)ccc1)C(=O)Cn2c3c(cnc(n3)c4ccccc4)n(c2=O)C[Si](CC)(CC)CC,641.783,8.014,,7.405,73.020,0,4,12,-8.076,2,-7.802,1.800,
R3,emap3_Bn-3SF5_tBu,CCN(Cc1cc(S(F)(F)(F)(F)F)ccc1)C(=O)Cn2c3c(cnc(n3)c4ccccc4)n(c2=O)C(C)(C)C,569.600,6.721,,6.113,73.020,0,4,7,-7.144,2,-6.866,1.800,
R3,emap3_Bn-3SF5_BnCH2,CCN(Cc1cc(S(F)(F)(F)(F)F)ccc1)C(=O)Cn2c3c(cnc(n3)c4ccccc4)n(c2=O)Cc1ccccc1C,617.644,7.323,,6.714,73.020,0,4,9,-7.689,2,-8.907,1.800,
R3,emap3_Bn-3SF5_PhCH2F,CCN(Cc1cc(S(F)(F)(F)(F)F)ccc1)C(=O)Cn2c3c(cnc(n3)c4ccccc4)n(c2=O)c1ccccc1CF,621.607,7.425,,6.816,73.020,0,4,9,-7.778,2,-8.016,1.800,
R3,emap3_Bn-3SF5_OCH2CF2H,CCN(Cc1cc(S(F)(F)(F)(F)F)ccc1)C(=O)Cn2c3c(cnc(n3)c4ccccc4)n(c2=O)COC(F)F,593.525,6.163,,5.477,82.250,0,5,10,-6.742,2,-7.373,1.800,
R3,emap3_Bn-3SF5_OCH2CH2CF2H,CCN(Cc1cc(S(F)(F)(F)(F)F)ccc1)C(=O)Cn2c3c(cnc(n3)c4ccccc4)n(c2=O)COCC(F)F,607.552,6.205,,5.520,82.250,0,5,11,-6.790,2,-7.308,1.800,
R3,emap3_Bn-3SF5_CH2CF2H,CCN(Cc1cc(S(F)(F)(F)(F)F)ccc1)C(=O)Cn2c3c(cnc(n3)c4ccccc4)n(c2=O)C(F)F,563.499,6.361,,5.753,73.020,0,4,8,-6.813,2,-7.039,1.800,
R3,emap3_Bn-3SF5_CH2CH2CF2H,CCN(Cc1cc(S(F)(F)(F)(F)F)ccc1)C(=O)Cn2c3c(cnc(n3)c4ccccc4)n(c2=O)CC(F)F,577.526,6.231,,5.623,73.020,0,4,9,-6.752,2,-6.476,1.800,
R3,emap3_Bn-3SF5_OCH2CH2CH2CHF2,CCN(Cc1cc(S(F)(F)(F)(F)F)ccc1)C(=O)Cn2c3c(cnc(n3)c4ccccc4)n(c2=O)COCCC(F)F,621.579,6.595,,5.910,82.250,0,5,12,-7.057,2,-7.140,1.800,
R3,emap3_Bn-3SF5_CH2CH2CF2CF3,CCN(Cc1cc(S(F)(F)(F)(F)F)ccc1)C(=O)Cn2c3c(cnc(n3)c4ccccc4)n(c2=O)CC(F)C(F)(F)F,627.533,6.867,,6.258,73.020,0,4,9,-7.463,2,-6.988,1.800,
R3,emap3_Bn-3SF5_CH2CF2CF3,CCN(Cc1cc(S(F)(F)(F)(F)F)ccc1)C(=O)Cn2c3c(cnc(n3)c4ccccc4)n(c2=O)C(F)C(F)(F)F,613.506,6.997,,6.388,73.020,0,4,8,-7.524,2,-6.961,1.800,
R3,emap3_Bn-3SF5_CH2CH2CH2CF2CF3,CCN(Cc1cc(S(F)(F)(F)(F)F)ccc1)C(=O)Cn2c3c(cnc(n3)c4ccccc4)n(c2=O)CCC(F)C(F)(F)F,641.560,7.257,,6.648,73.020,0,4,10,-7.729,2,-7.155,1.800,
R3,emap3_Bn-3SF5_CH2CH2CF2CH3,CCN(Cc1cc(S(F)(F)(F)(F)F)ccc1)C(=O)Cn2c3c(cnc(n3)c4ccccc4)n(c2=O)CC(F)C,573.563,6.324,,5.716,73.020,0,4,9,-6.786,2,-6.541,1.800,
R3,emap3_Bn-3SF5_OCH2CF2CF3,CCN(Cc1cc(S(F)(F)(F)(F)F)ccc1)C(=O)Cn2c3c(cnc(n3)c4ccccc4)n(c2=O)COC(F)C(F)(F)F,643.532,6.798,,6.113,82.250,0,5,10,-7.453,2,-7.387,1.800,
R3,emap3_Bn-3SF5_OCH2CF2CH3,CCN(Cc1cc(S(F)(F)(F)(F)F)ccc1)C(=O)Cn2c3c(cnc(n3)c4ccccc4)n(c2=O)COC(F)C,589.562,6.256,,5.570,82.250,0,5,10,-6.776,2,-6.954,1.800,
R3,emap3_Bn-3SF5_OCH2CH2CF2CF3,CCN(Cc1cc(S(F)(F)(F)(F)F)ccc1)C(=O)Cn2c3c(cnc(n3)c4ccccc4)n(c2=O)COCC(F)C(F)(F)F,657.559,6.841,,6.155,82.250,0,5,11,-7.500,2,-7.296,1.800,
R3,emap3_Bn-3SF5_CH2CF2CH2F,CCN(Cc1cc(S(F)(F)(F)(F)F)ccc1)C(=O)Cn2c3c(cnc(n3)c4ccccc4)n(c2=O)C(F)CF,577.526,6.404,,5.795,73.020,0,4,9,-6.861,2,-7.652,1.800,
R3,emap3_Bn-3SF5_CH2CH2CF2CH2F,CCN(Cc1cc(S(F)(F)(F)(F)F)ccc1)C(=O)Cn2c3c(cnc(n3)c4ccccc4)n(c2=O)CC(F)CF,591.553,6.274,,5.665,73.020,0,4,10,-6.800,2,-6.478,1.800,
R3,emap3_Bn-3SF5_OCH2CF2CH2F,CCN(Cc1cc(S(F)(F)(F)(F)F)ccc1)C(=O)Cn2c3c(cnc(n3)c4ccccc4)n(c2=O)COC(F)CF,607.552,6.205,,5.520,82.250,0,5,11,-6.790,2,-6.203,1.800,
R3,emap3_Bn-3SF5_CH2CH2CF2CH2CHF2,CCN(Cc1cc(S(F)(F)(F)(F)F)ccc1)C(=O)Cn2c3c(cnc(n3)c4ccccc4)n(c2=O)CC(F)C(F)F,609.543,6.569,,5.961,73.020,0,4,10,-7.098,2,-7.911,1.800,
R3,emap3_Bn-3SF5_CH2CH2CF2CH2CF3,CCN(Cc1cc(S(F)(F)(F)(F)F)ccc1)C(=O)Cn2c3c(cnc(n3)c4ccccc4)n(c2=O)CC(F)C(F)(F)F,627.533,6.867,,6.258,73.020,0,4,9,-7.463,2,-7.006,1.800,
R3,emap3_Bn-3SF5_OCH2CH2CF2CH2F,CCN(Cc1cc(S(F)(F)(F)(F)F)ccc1)C(=O)Cn2c3c(cnc(n3)c4ccccc4)n(c2=O)COCC(F)CF,621.579,6.248,,5.562,82.250,0,5,12,-6.838,2,-7.081,1.800,
R3,emap3_Bn-3SF5_CH2CH2CF2CH2CH2F,CCN(Cc1cc(S(F)(F)(F)(F)F)ccc1)C(=O)Cn2c3c(cnc(n3)c4ccccc4)n(c2=O)CC(F)CCF,605.580,6.664,,6.055,73.020,0,4,11,-7.067,2,-6.720,1.800,
R3,emap3_Bn-3SF5_CH2CF2CH2CH2F,CCN(Cc1cc(S(F)(F)(F)(F)F)ccc1)C(=O)Cn2c3c(cnc(n3)c4ccccc4)n(c2=O)C(F)CCF,591.553,6.794,,6.185,73.020,0,4,10,-7.128,2,-7.191,1.800,
R3,emap3_Bn-3SF5_CH2CF2CH2CHF2,CCN(Cc1cc(S(F)(F)(F)(F)F)ccc1)C(=O)Cn2c3c(cnc(n3)c4ccccc4)n(c2=O)C(F)C(F)F,595.516,6.699,,6.091,73.020,0,4,9,-7.159,2,-7.483,1.800,
R3,emap3_Bn-3SF5_CH2CF2CH2CF3,CCN(Cc1cc(S(F)(F)(F)(F)F)ccc1)C(=O)Cn2c3c(cnc(n3)c4ccccc4)n(c2=O)C(F)C(F)(F)F,613.506,6.997,,6.388,73.020,0,4,8,-7.524,2,-6.982,1.800,
R3,emap3_Bn-3SF5_OCH2CF2CH2CH2F,CCN(Cc1cc(S(F)(F)(F)(F)F)ccc1)C(=O)Cn2c3c(cnc(n3)c4ccccc4)n(c2=O)COC(F)CCF,621.579,6.595,,5.910,82.250,0,5,12,-7.057,2,-6.681,1.800,
R3,emap3_Bn-3SF5_OCH2CH2CF2CH2CH2F,CCN(Cc1cc(S(F)(F)(F)(F)F)ccc1)C(=O)Cn2c3c(cnc(n3)c4ccccc4)n(c2=O)COCC(F)CCF,635.606,6.638,,5.952,82.250,0,5,13,-7.105,2,-7.513,1.800,
R3,emap3_Bn-3SF5_CH2CH2CF2CH2CH2CHF2,CCN(Cc1cc(S(F)(F)(F)(F)F)ccc1)C(=O)Cn2c3c(cnc(n3)c4ccccc4)n(c2=O)CC(F)CC(F)F,623.570,6.959,,6.351,73.020,0,4,11,-7.365,2,-8.472,1.800,
R3,emap3_Bn-3SF5_CH2CH2CF2CH2CH2CF3,CCN(Cc1cc(S(F)(F)(F)(F)F)ccc1)C(=O)Cn2c3c(cnc(n3)c4ccccc4)n(c2=O)CC(F)CC(F)(F)F,641.560,7.257,,6.648,73.020,0,4,10,-7.729,2,-7.233,1.800,
R3,emap3_Bn-4OCF2H_Me,CCN(Cc1ccc(OC(F)F)cc1)C(=O)Cn2c3c(cnc(n3)c4ccccc4)n(c2=O)C,467.476,3.447,,2.762,82.250,0,5,8,-4.382,0,-5.783,5.400,
R3,emap3_Bn-4OCF2H_Et,CCN(Cc1ccc(OC(F)F)cc1)C(=O)Cn2c3c(cnc(n3)c4ccccc4)n(c2=O)CC,481.503,3.930,,3.245,82.250,0,5,9,-4.707,0,-1.458,5.400,
R3,emap3_Bn-4OCF2H_nPr,CCN(Cc1ccc(OC(F)F)cc1)C(=O)Cn2c3c(cnc(n3)c4ccccc4)n(c2=O)CCC,495.530,4.320,,3.635,82.250,0,5,10,-4.974,0,-6.313,4.800,
R3,emap3_Bn-4OCF2H_nBu,CCN(Cc1ccc(OC(F)F)cc1)C(=O)Cn2c3c(cnc(n3)c4ccccc4)n(c2=O)CCCC,509.557,4.710,,4.025,82.250,0,5,11,-5.241,1,-6.335,3.000,
R3,emap3_Bn-4OCF2H_CH2F,CCN(Cc1ccc(OC(F)F)cc1)C(=O)Cn2c3c(cnc(n3)c4ccccc4)n(c2=O)CF,485.466,3.837,,3.152,82.250,0,5,9,-4.673,0,-4.877,5.400,
R3,emap3_Bn-4OCF2H_CH2CH2F,CCN(Cc1ccc(OC(F)F)cc1)C(=O)Cn2c3c(cnc(n3)c4ccccc4)n(c2=O)CCF,499.493,3.880,,3.194,82.250,0,5,10,-4.721,0,-6.082,5.400,
R3,emap3_Bn-4OCF2H_CH2CH2CH2F,CCN(Cc1ccc(OC(F)F)cc1)C(=O)Cn2c3c(cnc(n3)c4ccccc4)n(c2=O)CCCF,513.520,4.270,,3.584,82.250,0,5,11,-4.988,1,-6.155,4.200,
R3,emap3_Bn-4OCF2H_CH2CHF2,CCN(Cc1ccc(OC(F)F)cc1)C(=O)Cn2c3c(cnc(n3)c4ccccc4)n(c2=O)C(F)F,503.456,4.305,,3.620,82.250,0,5,9,-5.080,1,-4.973,4.200,
R3,emap3_Bn-4OCF2H_CH2CH2CHF2,CCN(Cc1ccc(OC(F)F)cc1)C(=O)Cn2c3c(cnc(n3)c4ccccc4)n(c2=O)CC(F)F,517.483,4.175,,3.490,82.250,0,5,10,-5.019,1,-4.970,4.200,
R3,emap3_Bn-4OCF2H_CH2CH2CH2CHF2,CCN(Cc1ccc(OC(F)F)cc1)C(=O)Cn2c3c(cnc(n3)c4ccccc4)n(c2=O)CCC(F)F,531.510,4.565,,3.880,82.250,0,5,11,-5.286,1,-5.846,3.600,
R3,emap3_Bn-4OCF2H_CH2CF3,CCN(Cc1ccc(OC(F)F)cc1)C(=O)Cn2c3c(cnc(n3)c4ccccc4)n(c2=O)C(F)(F)F,521.446,4.386,,3.701,82.250,0,5,8,-5.308,1,-6.219,4.200,
R3,emap3_Bn-4OCF2H_CH2CH2CF3,CCN(Cc1ccc(OC(F)F)cc1)C(=O)Cn2c3c(cnc(n3)c4ccccc4)n(c2=O)CC(F)(F)F,535.473,4.472,,3.787,82.250,0,5,9,-5.384,1,-6.333,4.200,
R3,emap3_Bn-4OCF2H_CH2CH2CH2CF3,CCN(Cc1ccc(OC(F)F)cc1)C(=O)Cn2c3c(cnc(n3)c4ccccc4)n(c2=O)CCC(F)(F)F,549.500,4.863,,4.177,82.250,0,5,10,-5.650,1,-6.194,3.000,
R3,emap3_Bn-4OCF2H_OCH2F,CCN(Cc1ccc(OC(F)F)cc1)C(=O)Cn2c3c(cnc(n3)c4ccccc4)n(c2=O)COF,501.465,3.769,,3.006,91.480,0,6,10,-4.663,2,-6.270,4.200,
R3,emap3_Bn-4OCF2H_OCH2CHF2,CCN(Cc1ccc(OC(F)F)cc1)C(=O)Cn2c3c(cnc(n3)c4ccccc4)n(c2=O)COC(F)F,533.482,4.107,,3.344,91.480,0,6,11,-5.009,2,-6.199,3.600,
R3,emap3_Bn-4OCF2H_OCH2CF3,CCN(Cc1ccc(OC(F)F)cc1)C(=O)Cn2c3c(cnc(n3)c4ccccc4)n(c2=O)COC(F)(F)F,551.472,4.404,,3.642,91.480,0,6,10,-5.374,2,-6.156,3.000,
R3,emap3_Bn-4OCF2H_OCH2CH2F,CCN(Cc1ccc(OC(F)F)cc1)C(=O)Cn2c3c(cnc(n3)c4ccccc4)n(c2=O)COCF,515.492,3.811,,3.049,91.480,0,6,11,-4.711,2,-4.737,4.200,
R3,emap3_Bn-4OCF2H_OCH2CH2CF3,CCN(Cc1ccc(OC(F)F)cc1)C(=O)Cn2c3c(cnc(n3)c4ccccc4)n(c2=O)COCC(F)(F)F,565.499,4.447,,3.684,91.480,0,6,11,-5.421,2,-5.830,3.000,
R3,emap3_Bn-4OCF2H_OCH2CH2CHF2,CCN(Cc1ccc(OC(F)F)cc1)C(=O)Cn2c3c(cnc(n3)c4ccccc4)n(c2=O)COCC(F)F,547.509,4.149,,3.387,91.480,0,6,12,-5.057,2,-5.908,3.600,
R3,emap3_Bn-4OCF2H_OCH2CH2CH2F,CCN(Cc1ccc(OC(F)F)cc1)C(=O)Cn2c3c(cnc(n3)c4ccccc4)n(c2=O)COCCF,529.519,3.854,,3.091,91.480,0,6,12,-4.759,2,-6.012,4.200,
R3,emap3_Bn-4OCF2H_OCH2CH2CH2CF3,CCN(Cc1ccc(OC(F)F)cc1)C(=O)Cn2c3c(cnc(n3)c4ccccc4)n(c2=O)COCCC(F)(F)F,579.526,4.837,,4.074,91.480,0,6,12,-5.688,2,-6.117,1.800,
R3,emap3_Bn-4OCF2H_CH2SiMe3,CCN(Cc1ccc(OC(F)F)cc1)C(=O)Cn2c3c(cnc(n3)c4ccccc4)n(c2=O)C[Si](C)(C)C,539.659,4.788,,4.102,82.250,0,5,10,-5.542,1,-5.608,3.000,
R3,emap3_Bn-4OCF2H_CH2CH2SiMe3,CCN(Cc1ccc(OC(F)F)cc1)C(=O)Cn2c3c(cnc(n3)c4ccccc4)n(c2=O)CC[Si](C)(C)C,553.686,5.248,,4.563,82.250,0,5,11,-5.853,2,-5.977,1.800,
R3,emap3_Bn-4OCF2H_OSiMe3,CCN(Cc1ccc(OC(F)F)cc1)C(=O)Cn2c3c(cnc(n3)c4ccccc4)n(c2=O)O[Si](C)(C)C,541.631,4.174,,3.411,91.480,0,6,10,-5.167,2,-5.589,3.600,
R3,emap3_Bn-4OCF2H_CH2SiEt3,CCN(Cc1ccc(OC(F)F)cc1)C(=O)Cn2c3c(cnc(n3)c4ccccc4)n(c2=O)C[Si](CC)(CC)CC,581.740,5.958,,5.272,82.250,0,5,13,-6.342,2,-5.424,1.800,
R3,emap3_Bn-4OCF2H_tBu,CCN(Cc1ccc(OC(F)F)cc1)C(=O)Cn2c3c(cnc(n3)c4ccccc4)n(c2=O)C(C)(C)C,509.557,4.665,,3.980,82.250,0,5,8,-5.410,1,-6.337,3.600,
R3,emap3_Bn-4OCF2H_BnCH2,CCN(Cc1ccc(OC(F)F)cc1)C(=O)Cn2c3c(cnc(n3)c4ccccc4)n(c2=O)Cc1ccccc1C,557.601,5.267,,4.581,82.250,0,5,10,-5.955,2,-6.489,1.800,
R3,emap3_Bn-4OCF2H_PhCH2F,CCN(Cc1ccc(OC(F)F)cc1)C(=O)Cn2c3c(cnc(n3)c4ccccc4)n(c2=O)c1ccccc1CF,561.564,5.369,,4.683,82.250,0,5,10,-6.044,2,-5.726,1.800,
R3,emap3_Bn-4OCF2H_OCH2CF2H,CCN(Cc1ccc(OC(F)F)cc1)C(=O)Cn2c3c(cnc(n3)c4ccccc4)n(c2=O)COC(F)F,533.482,4.107,,3.344,91.480,0,6,11,-5.009,2,-6.244,3.600,
R3,emap3_Bn-4OCF2H_OCH2CH2CF2H,CCN(Cc1ccc(OC(F)F)cc1)C(=O)Cn2c3c(cnc(n3)c4ccccc4)n(c2=O)COCC(F)F,547.509,4.149,,3.387,91.480,0,6,12,-5.057,2,-5.798,3.600,
R3,emap3_Bn-4OCF2H_CH2CF2H,CCN(Cc1ccc(OC(F)F)cc1)C(=O)Cn2c3c(cnc(n3)c4ccccc4)n(c2=O)C(F)F,503.456,4.305,,3.620,82.250,0,5,9,-5.080,1,-4.929,4.200,
R3,emap3_Bn-4OCF2H_CH2CH2CF2H,CCN(Cc1ccc(OC(F)F)cc1)C(=O)Cn2c3c(cnc(n3)c4ccccc4)n(c2=O)CC(F)F,517.483,4.175,,3.490,82.250,0,5,10,-5.019,1,-4.992,4.200,
R3,emap3_Bn-4OCF2H_OCH2CH2CH2CHF2,CCN(Cc1ccc(OC(F)F)cc1)C(=O)Cn2c3c(cnc(n3)c4ccccc4)n(c2=O)COCCC(F)F,561.536,4.539,,3.777,91.480,0,6,13,-5.323,2,-6.123,2.400,
R3,emap3_Bn-4OCF2H_CH2CH2CF2CF3,CCN(Cc1ccc(OC(F)F)cc1)C(=O)Cn2c3c(cnc(n3)c4ccccc4)n(c2=O)CC(F)C(F)(F)F,567.490,4.811,,4.125,82.250,0,5,10,-5.729,2,-6.307,2.400,
R3,emap3_Bn-4OCF2H_CH2CF2CF3,CCN(Cc1ccc(OC(F)F)cc1)C(=O)Cn2c3c(cnc(n3)c4ccccc4)n(c2=O)C(F)C(F)(F)F,553.463,4.941,,4.255,82.250,0,5,9,-5.790,2,-6.315,2.400,
R3,emap3_Bn-4OCF2H_CH2CH2CH2CF2CF3,CCN(Cc1ccc(OC(F)F)cc1)C(=O)Cn2c3c(cnc(n3)c4ccccc4)n(c2=O)CCC(F)C(F)(F)F,581.517,5.201,,4.515,82.250,0,5,11,-5.996,2,-6.045,1.800,
R3,emap3_Bn-4OCF2H_CH2CH2CF2CH3,CCN(Cc1ccc(OC(F)F)cc1)C(=O)Cn2c3c(cnc(n3)c4ccccc4)n(c2=O)CC(F)C,513.520,4.268,,3.583,82.250,0,5,10,-5.053,1,-4.921,4.200,
R3,emap3_Bn-4OCF2H_OCH2CF2CF3,CCN(Cc1ccc(OC(F)F)cc1)C(=O)Cn2c3c(cnc(n3)c4ccccc4)n(c2=O)COC(F)C(F)(F)F,583.489,4.742,,3.980,91.480,0,6,11,-5.719,2,-5.722,2.400,
R3,emap3_Bn-4OCF2H_OCH2CF2CH3,CCN(Cc1ccc(OC(F)F)cc1)C(=O)Cn2c3c(cnc(n3)c4ccccc4)n(c2=O)COC(F)C,529.519,4.200,,3.437,91.480,0,6,11,-5.043,2,-6.140,3.600,
R3,emap3_Bn-4OCF2H_OCH2CH2CF2CF3,CCN(Cc1ccc(OC(F)F)cc1)C(=O)Cn2c3c(cnc(n3)c4ccccc4)n(c2=O)COCC(F)C(F)(F)F,597.516,4.785,,4.022,91.480,0,6,12,-5.767,2,-6.004,1.800,
R3,emap3_Bn-4OCF2H_CH2CF2CH2F,CCN(Cc1ccc(OC(F)F)cc1)C(=O)Cn2c3c(cnc(n3)c4ccccc4)n(c2=O)C(F)CF,517.483,4.348,,3.662,82.250,0,5,10,-5.127,1,-4.772,4.200,
R3,emap3_Bn-4OCF2H_CH2CH2CF2CH2F,CCN(Cc1ccc(OC(F)F)cc1)C(=O)Cn2c3c(cnc(n3)c4ccccc4)n(c2=O)CC(F)CF,531.510,4.218,,3.532,82.250,0,5,11,-5.067,1,-6.164,4.200,
R3,emap3_Bn-4OCF2H_OCH2CF2CH2F,CCN(Cc1ccc(OC(F)F)cc1)C(=O)Cn2c3c(cnc(n3)c4ccccc4)n(c2=O)COC(F)CF,547.509,4.149,,3.387,91.480,0,6,12,-5.057,2,-5.892,3.600,
R3,emap3_Bn-4OCF2H_CH2CH2CF2CH2CHF2,CCN(Cc1ccc(OC(F)F)cc1)C(=O)Cn2c3c(cnc(n3)c4ccccc4)n(c2=O)CC(F)C(F)F,549.500,4.513,,3.828,82.250,0,5,11,-5.364,1,-5.915,3.600,
R3,emap3_Bn-4OCF2H_CH2CH2CF2CH2CF3,CCN(Cc1ccc(OC(F)F)cc1)C(=O)Cn2c3c(cnc(n3)c4ccccc4)n(c2=O)CC(F)C(F)(F)F,567.490,4.811,,4.125,82.250,0,5,10,-5.729,2,-6.290,2.400,
R3,emap3_Bn-4OCF2H_OCH2CH2CF2CH2F,CCN(Cc1ccc(OC(F)F)cc1)C(=O)Cn2c3c(cnc(n3)c4ccccc4)n(c2=O)COCC(F)CF,561.536,4.192,,3.429,91.480,0,6,13,-5.104,2,-5.563,3.000,
R3,emap3_Bn-4OCF2H_CH2CH2CF2CH2CH2F,CCN(Cc1ccc(OC(F)F)cc1)C(=O)Cn2c3c(cnc(n3)c4ccccc4)n(c2=O)CC(F)CCF,545.537,4.608,,3.922,82.250,0,5,12,-5.333,1,-6.045,3.600,
R3,emap3_Bn-4OCF2H_CH2CF2CH2CH2F,CCN(Cc1ccc(OC(F)F)cc1)C(=O)Cn2c3c(cnc(n3)c4ccccc4)n(c2=O)C(F)CCF,531.510,4.738,,4.052,82.250,0,5,11,-5.394,1,-5.807,3.000,
R3,emap3_Bn-4OCF2H_CH2CF2CH2CHF2,CCN(Cc1ccc(OC(F)F)cc1)C(=O)Cn2c3c(cnc(n3)c4ccccc4)n(c2=O)C(F)C(F)F,535.473,4.643,,3.958,82.250,0,5,10,-5.425,1,-5.681,3.600,
R3,emap3_Bn-4OCF2H_CH2CF2CH2CF3,CCN(Cc1ccc(OC(F)F)cc1)C(=O)Cn2c3c(cnc(n3)c4ccccc4)n(c2=O)C(F)C(F)(F)F,553.463,4.941,,4.255,82.250,0,5,9,-5.790,2,-5.941,2.400,
R3,emap3_Bn-4OCF2H_OCH2CF2CH2CH2F,CCN(Cc1ccc(OC(F)F)cc1)C(=O)Cn2c3c(cnc(n3)c4ccccc4)n(c2=O)COC(F)CCF,561.536,4.539,,3.777,91.480,0,6,13,-5.323,2,-5.963,2.400,
R3,emap3_Bn-4OCF2H_OCH2CH2CF2CH2CH2F,CCN(Cc1ccc(OC(F)F)cc1)C(=O)Cn2c3c(cnc(n3)c4ccccc4)n(c2=O)COCC(F)CCF,575.563,4.582,,3.820,91.480,0,6,14,-5.371,2,-6.133,2.400,
R3,emap3_Bn-4OCF2H_CH2CH2CF2CH2CH2CHF2,CCN(Cc1ccc(OC(F)F)cc1)C(=O)Cn2c3c(cnc(n3)c4ccccc4)n(c2=O)CC(F)CC(F)F,563.527,4.903,,4.218,82.250,0,5,12,-5.631,2,-6.136,2.400,
R3,emap3_Bn-4OCF2H_CH2CH2CF2CH2CH2CF3,CCN(Cc1ccc(OC(F)F)cc1)C(=O)Cn2c3c(cnc(n3)c4ccccc4)n(c2=O)CC(F)CC(F)(F)F,581.517,5.201,,4.515,82.250,0,5,11,-5.996,2,-6.409,1.800,
R3,emap3_Bn-4OCF2CF3_Me,CCN(Cc1ccc(OC(F)C(F)(F)F)cc1)C(=O)Cn2c3c(cnc(n3)c4ccccc4)n(c2=O)C,517.483,4.082,,3.397,82.250,0,5,8,-5.092,1,-5.268,4.200,
R3,emap3_Bn-4OCF2CF3_Et,CCN(Cc1ccc(OC(F)C(F)(F)F)cc1)C(=O)Cn2c3c(cnc(n3)c4ccccc4)n(c2=O)CC,531.510,4.565,,3.880,82.250,0,5,9,-5.418,1,-5.123,3.600,
R3,emap3_Bn-4OCF2CF3_nPr,CCN(Cc1ccc(OC(F)C(F)(F)F)cc1)C(=O)Cn2c3c(cnc(n3)c4ccccc4)n(c2=O)CCC,545.537,4.955,,4.270,82.250,0,5,10,-5.684,1,-6.379,3.000,
R3,emap3_Bn-4OCF2CF3_nBu,CCN(Cc1ccc(OC(F)C(F)(F)F)cc1)C(=O)Cn2c3c(cnc(n3)c4ccccc4)n(c2=O)CCCC,559.564,5.346,,4.660,82.250,0,5,11,-5.951,2,-5.849,1.800,
R3,emap3_Bn-4OCF2CF3_CH2F,CCN(Cc1ccc(OC(F)C(F)(F)F)cc1)C(=O)Cn2c3c(cnc(n3)c4ccccc4)n(c2=O)CF,535.473,4.472,,3.787,82.250,0,5,9,-5.384,1,-5.330,4.200,
R3,emap3_Bn-4OCF2CF3_CH2CH2F,CCN(Cc1ccc(OC(F)C(F)(F)F)cc1)C(=O)Cn2c3c(cnc(n3)c4ccccc4)n(c2=O)CCF,549.500,4.515,,3.829,82.250,0,5,10,-5.431,1,-5.782,3.600,
R3,emap3_Bn-4OCF2CF3_CH2CH2CH2F,CCN(Cc1ccc(OC(F)C(F)(F)F)cc1)C(=O)Cn2c3c(cnc(n3)c4ccccc4)n(c2=O)CCCF,563.527,4.905,,4.220,82.250,0,5,11,-5.698,2,-5.250,2.400,
R3,emap3_Bn-4OCF2CF3_CH2CHF2,CCN(Cc1ccc(OC(F)C(F)(F)F)cc1)C(=O)Cn2c3c(cnc(n3)c4ccccc4)n(c2=O)C(F)F,553.463,4.941,,4.255,82.250,0,5,9,-5.790,2,-5.711,2.400,
R3,emap3_Bn-4OCF2CF3_CH2CH2CHF2,CCN(Cc1ccc(OC(F)C(F)(F)F)cc1)C(=O)Cn2c3c(cnc(n3)c4ccccc4)n(c2=O)CC(F)F,567.490,4.811,,4.125,82.250,0,5,10,-5.729,2,-6.665,2.400,
R3,emap3_Bn-4OCF2CF3_CH2CH2CH2CHF2,CCN(Cc1ccc(OC(F)C(F)(F)F)cc1)C(=O)Cn2c3c(cnc(n3)c4ccccc4)n(c2=O)CCC(F)F,581.517,5.201,,4.515,82.250,0,5,11,-5.996,2,-5.032,1.800,
R3,emap3_Bn-4OCF2CF3_CH2CF3,CCN(Cc1ccc(OC(F)C(F)(F)F)cc1)C(=O)Cn2c3c(cnc(n3)c4ccccc4)n(c2=O)C(F)(F)F,571.453,5.022,,4.336,82.250,0,5,8,-6.019,2,-5.683,2.400,
R3,emap3_Bn-4OCF2CF3_CH2CH2CF3,CCN(Cc1ccc(OC(F)C(F)(F)F)cc1)C(=O)Cn2c3c(cnc(n3)c4ccccc4)n(c2=O)CC(F)(F)F,585.480,5.108,,4.422,82.250,0,5,9,-6.094,2,-5.686,2.400,
R3,emap3_Bn-4OCF2CF3_CH2CH2CH2CF3,CCN(Cc1ccc(OC(F)C(F)(F)F)cc1)C(=O)Cn2c3c(cnc(n3)c4ccccc4)n(c2=O)CCC(F)(F)F,599.507,5.498,,4.812,82.250,0,5,10,-6.361,2,-5.391,1.800,
R3,emap3_Bn-4OCF2CF3_OCH2F,CCN(Cc1ccc(OC(F)C(F)(F)F)cc1)C(=O)Cn2c3c(cnc(n3)c4ccccc4)n(c2=O)COF,551.472,4.404,,3.642,91.480,0,6,10,-5.374,2,-6.358,3.000,
R3,emap3_Bn-4OCF2CF3_OCH2CHF2,CCN(Cc1ccc(OC(F)C(F)(F)F)cc1)C(=O)Cn2c3c(cnc(n3)c4ccccc4)n(c2=O)COC(F)F,583.489,4.742,,3.980,91.480,0,6,11,-5.719,2,-6.094,2.400,
R3,emap3_Bn-4OCF2CF3_OCH2CF3,CCN(Cc1ccc(OC(F)C(F)(F)F)cc1)C(=O)Cn2c3c(cnc(n3)c4ccccc4)n(c2=O)COC(F)(F)F,601.479,5.039,,4.277,91.480,0,6,10,-6.084,2,-6.452,1.800,
R3,emap3_Bn-4OCF2CF3_OCH2CH2F,CCN(Cc1ccc(OC(F)C(F)(F)F)cc1)C(=O)Cn2c3c(cnc(n3)c4ccccc4)n(c2=O)COCF,565.499,4.447,,3.684,91.480,0,6,11,-5.421,2,-6.431,3.000,
R3,emap3_Bn-4OCF2CF3_OCH2CH2CF3,CCN(Cc1ccc(OC(F)C(F)(F)F)cc1)C(=O)Cn2c3c(cnc(n3)c4ccccc4)n(c2=O)COCC(F)(F)F,615.506,5.082,,4.319,91.480,0,6,11,-6.132,2,-5.771,1.800,
R3,emap3_Bn-4OCF2CF3_OCH2CH2CHF2,CCN(Cc1ccc(OC(F)C(F)(F)F)cc1)C(=O)Cn2c3c(cnc(n3)c4ccccc4)n(c2=O)COCC(F)F,597.516,4.785,,4.022,91.480,0,6,12,-5.767,2,-6.231,1.800,
R3,emap3_Bn-4OCF2CF3_OCH2CH2CH2F,CCN(Cc1ccc(OC(F)C(F)(F)F)cc1)C(=O)Cn2c3c(cnc(n3)c4ccccc4)n(c2=O)COCCF,579.526,4.489,,3.727,91.480,0,6,12,-5.469,2,-6.139,3.000,
R3,emap3_Bn-4OCF2CF3_OCH2CH2CH2CF3,CCN(Cc1ccc(OC(F)C(F)(F)F)cc1)C(=O)Cn2c3c(cnc(n3)c4ccccc4)n(c2=O)COCCC(F)(F)F,629.533,5.472,,4.710,91.480,0,6,12,-6.398,2,-6.970,1.200,
R3,emap3_Bn-4OCF2CF3_CH2SiMe3,CCN(Cc1ccc(OC(F)C(F)(F)F)cc1)C(=O)Cn2c3c(cnc(n3)c4ccccc4)n(c2=O)C[Si](C)(C)C,589.666,5.423,,4.737,82.250,0,5,10,-6.252,2,-6.656,1.800,
R3,emap3_Bn-4OCF2CF3_CH2CH2SiMe3,CCN(Cc1ccc(OC(F)C(F)(F)F)cc1)C(=O)Cn2c3c(cnc(n3)c4ccccc4)n(c2=O)CC[Si](C)(C)C,603.693,5.884,,5.198,82.250,0,5,11,-6.564,2,-6.214,1.800,
R3,emap3_Bn-4OCF2CF3_OSiMe3,CCN(Cc1ccc(OC(F)C(F)(F)F)cc1)C(=O)Cn2c3c(cnc(n3)c4ccccc4)n(c2=O)O[Si](C)(C)C,591.638,4.809,,4.047,91.480,0,6,10,-5.878,2,-6.470,1.800,
R3,emap3_Bn-4OCF2CF3_CH2SiEt3,CCN(Cc1ccc(OC(F)C(F)(F)F)cc1)C(=O)Cn2c3c(cnc(n3)c4ccccc4)n(c2=O)C[Si](CC)(CC)CC,631.747,6.593,,5.908,82.250,0,5,13,-7.052,2,-5.670,1.800,
R3,emap3_Bn-4OCF2CF3_tBu,CCN(Cc1ccc(OC(F)C(F)(F)F)cc1)C(=O)Cn2c3c(cnc(n3)c4ccccc4)n(c2=O)C(C)(C)C,559.564,5.300,,4.615,82.250,0,5,8,-6.121,2,-5.814,1.800,
R3,emap3_Bn-4OCF2CF3_BnCH2,CCN(Cc1ccc(OC(F)C(F)(F)F)cc1)C(=O)Cn2c3c(cnc(n3)c4ccccc4)n(c2=O)Cc1ccccc1C,607.608,5.902,,5.217,82.250,0,5,10,-6.666,2,-5.900,1.800,
R3,emap3_Bn-4OCF2CF3_PhCH2F,CCN(Cc1ccc(OC(F)C(F)(F)F)cc1)C(=O)Cn2c3c(cnc(n3)c4ccccc4)n(c2=O)c1ccccc1CF,611.571,6.004,,5.319,82.250,0,5,10,-6.754,2,-6.406,1.800,
R3,emap3_Bn-4OCF2CF3_OCH2CF2H,CCN(Cc1ccc(OC(F)C(F)(F)F)cc1)C(=O)Cn2c3c(cnc(n3)c4ccccc4)n(c2=O)COC(F)F,583.489,4.742,,3.980,91.480,0,6,11,-5.719,2,-6.678,2.400,
R3,emap3_Bn-4OCF2CF3_OCH2CH2CF2H,CCN(Cc1ccc(OC(F)C(F)(F)F)cc1)C(=O)Cn2c3c(cnc(n3)c4ccccc4)n(c2=O)COCC(F)F,597.516,4.785,,4.022,91.480,0,6,12,-5.767,2,-6.081,1.800,
R3,emap3_Bn-4OCF2CF3_CH2CF2H,CCN(Cc1ccc(OC(F)C(F)(F)F)cc1)C(=O)Cn2c3c(cnc(n3)c4ccccc4)n(c2=O)C(F)F,553.463,4.941,,4.255,82.250,0,5,9,-5.790,2,-5.098,2.400,
R3,emap3_Bn-4OCF2CF3_CH2CH2CF2H,CCN(Cc1ccc(OC(F)C(F)(F)F)cc1)C(=O)Cn2c3c(cnc(n3)c4ccccc4)n(c2=O)CC(F)F,567.490,4.811,,4.125,82.250,0,5,10,-5.729,2,-5.167,2.400,
R3,emap3_Bn-4OCF2CF3_OCH2CH2CH2CHF2,CCN(Cc1ccc(OC(F)C(F)(F)F)cc1)C(=O)Cn2c3c(cnc(n3)c4ccccc4)n(c2=O)COCCC(F)F,611.543,5.175,,4.412,91.480,0,6,13,-6.034,2,-5.771,1.800,
R3,emap3_Bn-4OCF2CF3_CH2CH2CF2CF3,CCN(Cc1ccc(OC(F)C(F)(F)F)cc1)C(=O)Cn2c3c(cnc(n3)c4ccccc4)n(c2=O)CC(F)C(F)(F)F,617.497,5.446,,4.760,82.250,0,5,10,-6.439,2,-6.172,1.800,
R3,emap3_Bn-4OCF2CF3_CH2CF2CF3,CCN(Cc1ccc(OC(F)C(F)(F)F)cc1)C(=O)Cn2c3c(cnc(n3)c4ccccc4)n(c2=O)C(F)C(F)(F)F,603.470,5.576,,4.890,82.250,0,5,9,-6.500,2,-5.099,1.800,
R3,emap3_Bn-4OCF2CF3_CH2CH2CH2CF2CF3,CCN(Cc1ccc(OC(F)C(F)(F)F)cc1)C(=O)Cn2c3c(cnc(n3)c4ccccc4)n(c2=O)CCC(F)C(F)(F)F,631.524,5.836,,5.150,82.250,0,5,11,-6.706,2,-6.883,1.800,
R3,emap3_Bn-4OCF2CF3_CH2CH2CF2CH3,CCN(Cc1ccc(OC(F)C(F)(F)F)cc1)C(=O)Cn2c3c(cnc(n3)c4ccccc4)n(c2=O)CC(F)C,563.527,4.903,,4.218,82.250,0,5,10,-5.763,2,-6.685,2.400,
R3,emap3_Bn-4OCF2CF3_OCH2CF2CF3,CCN(Cc1ccc(OC(F)C(F)(F)F)cc1)C(=O)Cn2c3c(cnc(n3)c4ccccc4)n(c2=O)COC(F)C(F)(F)F,633.496,5.377,,4.615,91.480,0,6,11,-6.429,2,-6.415,1.200,
R3,emap3_Bn-4OCF2CF3_OCH2CF2CH3,CCN(Cc1ccc(OC(F)C(F)(F)F)cc1)C(=O)Cn2c3c(cnc(n3)c4ccccc4)n(c2=O)COC(F)C,579.526,4.835,,4.073,91.480,0,6,11,-5.753,2,-4.891,1.800,
R3,emap3_Bn-4OCF2CF3_OCH2CH2CF2CF3,CCN(Cc1ccc(OC(F)C(F)(F)F)cc1)C(=O)Cn2c3c(cnc(n3)c4ccccc4)n(c2=O)COCC(F)C(F)(F)F,647.523,5.420,,4.658,91.480,0,6,12,-6.477,2,-6.832,1.200,
R3,emap3_Bn-4OCF2CF3_CH2CF2CH2F,CCN(Cc1ccc(OC(F)C(F)(F)F)cc1)C(=O)Cn2c3c(cnc(n3)c4ccccc4)n(c2=O)C(F)CF,567.490,4.983,,4.298,82.250,0,5,10,-5.838,2,-6.369,2.400,
R3,emap3_Bn-4OCF2CF3_CH2CH2CF2CH2F,CCN(Cc1ccc(OC(F)C(F)(F)F)cc1)C(=O)Cn2c3c(cnc(n3)c4ccccc4)n(c2=O)CC(F)CF,581.517,4.853,,4.168,82.250,0,5,11,-5.777,2,-6.253,2.400,
R3,emap3_Bn-4OCF2CF3_OCH2CF2CH2F,CCN(Cc1ccc(OC(F)C(F)(F)F)cc1)C(=O)Cn2c3c(cnc(n3)c4ccccc4)n(c2=O)COC(F)CF,597.516,4.785,,4.022,91.480,0,6,12,-5.767,2,-5.727,1.800,
R3,emap3_Bn-4OCF2CF3_CH2CH2CF2CH2CHF2,CCN(Cc1ccc(OC(F)C(F)(F)F)cc1)C(=O)Cn2c3c(cnc(n3)c4ccccc4)n(c2=O)CC(F)C(F)F,599.507,5.149,,4.463,82.250,0,5,11,-6.075,2,-6.119,2.400,
R3,emap3_Bn-4OCF2CF3_CH2CH2CF2CH2CF3,CCN(Cc1ccc(OC(F)C(F)(F)F)cc1)C(=O)Cn2c3c(cnc(n3)c4ccccc4)n(c2=O)CC(F)C(F)(F)F,617.497,5.446,,4.760,82.250,0,5,10,-6.439,2,-6.166,1.800,
R3,emap3_Bn-4OCF2CF3_OCH2CH2CF2CH2F,CCN(Cc1ccc(OC(F)C(F)(F)F)cc1)C(=O)Cn2c3c(cnc(n3)c4ccccc4)n(c2=O)COCC(F)CF,611.543,4.827,,4.065,91.480,0,6,13,-5.815,2,-5.890,1.800,
R3,emap3_Bn-4OCF2CF3_CH2CH2CF2CH2CH2F,CCN(Cc1ccc(OC(F)C(F)(F)F)cc1)C(=O)Cn2c3c(cnc(n3)c4ccccc4)n(c2=O)CC(F)CCF,595.544,5.243,,4.558,82.250,0,5,12,-6.044,2,-5.454,1.800,
R3,emap3_Bn-4OCF2CF3_CH2CF2CH2CH2F,CCN(Cc1ccc(OC(F)C(F)(F)F)cc1)C(=O)Cn2c3c(cnc(n3)c4ccccc4)n(c2=O)C(F)CCF,581.517,5.373,,4.688,82.250,0,5,11,-6.104,2,-6.006,1.800,
R3,emap3_Bn-4OCF2CF3_CH2CF2CH2CHF2,CCN(Cc1ccc(OC(F)C(F)(F)F)cc1)C(=O)Cn2c3c(cnc(n3)c4ccccc4)n(c2=O)C(F)C(F)F,585.480,5.279,,4.593,82.250,0,5,10,-6.135,2,-6.750,1.800,
R3,emap3_Bn-4OCF2CF3_CH2CF2CH2CF3,CCN(Cc1ccc(OC(F)C(F)(F)F)cc1)C(=O)Cn2c3c(cnc(n3)c4ccccc4)n(c2=O)C(F)C(F)(F)F,603.470,5.576,,4.890,82.250,0,5,9,-6.500,2,-7.061,1.800,
R3,emap3_Bn-4OCF2CF3_OCH2CF2CH2CH2F,CCN(Cc1ccc(OC(F)C(F)(F)F)cc1)C(=O)Cn2c3c(cnc(n3)c4ccccc4)n(c2=O)COC(F)CCF,611.543,5.175,,4.412,91.480,0,6,13,-6.034,2,-6.015,1.800,
R3,emap3_Bn-4OCF2CF3_OCH2CH2CF2CH2CH2F,CCN(Cc1ccc(OC(F)C(F)(F)F)cc1)C(=O)Cn2c3c(cnc(n3)c4ccccc4)n(c2=O)COCC(F)CCF,625.570,5.217,,4.455,91.480,0,6,14,-6.081,2,-6.552,1.800,
R3,emap3_Bn-4OCF2CF3_CH2CH2CF2CH2CH2CHF2,CCN(Cc1ccc(OC(F)C(F)(F)F)cc1)C(=O)Cn2c3c(cnc(n3)c4ccccc4)n(c2=O)CC(F)CC(F)F,613.534,5.539,,4.853,82.250,0,5,12,-6.341,2,-5.913,1.800,
R3,emap3_Bn-4OCF2CF3_CH2CH2CF2CH2CH2CF3,CCN(Cc1ccc(OC(F)C(F)(F)F)cc1)C(=O)Cn2c3c(cnc(n3)c4ccccc4)n(c2=O)CC(F)CC(F)(F)F,631.524,5.836,,5.150,82.250,0,5,11,-6.706,2,-5.654,1.800,
R3,emap3_Bn-4OCF2Ph_Me,CCN(Cc1ccc(OC(F)c2ccccc2)cc1)C(=O)Cn2c3c(cnc(n3)c4ccccc4)n(c2=O)C,525.584,4.893,,4.207,82.250,0,5,9,-5.587,1,-5.136,3.000,
R3,emap3_Bn-4OCF2Ph_Et,CCN(Cc1ccc(OC(F)c2ccccc2)cc1)C(=O)Cn2c3c(cnc(n3)c4ccccc4)n(c2=O)CC,539.611,5.376,,4.690,82.250,0,5,10,-5.912,2,-6.511,2.400,
R3,emap3_Bn-4OCF2Ph_nPr,CCN(Cc1ccc(OC(F)c2ccccc2)cc1)C(=O)Cn2c3c(cnc(n3)c4ccccc4)n(c2=O)CCC,553.638,5.766,,5.080,82.250,0,5,11,-6.179,2,-6.765,1.800,
R3,emap3_Bn-4OCF2Ph_nBu,CCN(Cc1ccc(OC(F)c2ccccc2)cc1)C(=O)Cn2c3c(cnc(n3)c4ccccc4)n(c2=O)CCCC,567.665,6.156,,5.470,82.250,0,5,12,-6.446,2,-6.693,1.800,
R3,emap3_Bn-4OCF2Ph_CH2F,CCN(Cc1ccc(OC(F)c2ccccc2)cc1)C(=O)Cn2c3c(cnc(n3)c4ccccc4)n(c2=O)CF,543.574,5.283,,4.597,82.250,0,5,10,-5.878,2,-5.273,2.400,
R3,emap3_Bn-4OCF2Ph_CH2CH2F,CCN(Cc1ccc(OC(F)c2ccccc2)cc1)C(=O)Cn2c3c(cnc(n3)c4ccccc4)n(c2=O)CCF,557.601,5.325,,4.640,82.250,0,5,11,-5.926,2,-5.054,1.800,
R3,emap3_Bn-4OCF2Ph_CH2CH2CH2F,CCN(Cc1ccc(OC(F)c2ccccc2)cc1)C(=O)Cn2c3c(cnc(n3)c4ccccc4)n(c2=O)CCCF,571.628,5.715,,5.030,82.250,0,5,12,-6.193,2,-6.068,1.800,
R3,emap3_Bn-4OCF2Ph_CH2CHF2,CCN(Cc1ccc(OC(F)c2ccccc2)cc1)C(=O)Cn2c3c(cnc(n3)c4ccccc4)n(c2=O)C(F)F,561.564,5.751,,5.065,82.250,0,5,10,-6.285,2,-5.352,1.800,
R3,emap3_Bn-4OCF2Ph_CH2CH2CHF2,CCN(Cc1ccc(OC(F)c2ccccc2)cc1)C(=O)Cn2c3c(cnc(n3)c4ccccc4)n(c2=O)CC(F)F,575.591,5.621,,4.935,82.250,0,5,11,-6.224,2,-6.982,1.800,
R3,emap3_Bn-4OCF2Ph_CH2CH2CH2CHF2,CCN(Cc1ccc(OC(F)c2ccccc2)cc1)C(=O)Cn2c3c(cnc(n3)c4ccccc4)n(c2=O)CCC(F)F,589.618,6.011,,5.326,82.250,0,5,12,-6.491,2,-6.760,1.800,
R3,emap3_Bn-4OCF2Ph_CH2CF3,CCN(Cc1ccc(OC(F)c2ccccc2)cc1)C(=O)Cn2c3c(cnc(n3)c4ccccc4)n(c2=O)C(F)(F)F,579.554,5.832,,5.147,82.250,0,5,9,-6.513,2,-6.048,1.800,
R3,emap3_Bn-4OCF2Ph_CH2CH2CF3,CCN(Cc1ccc(OC(F)c2ccccc2)cc1)C(=O)Cn2c3c(cnc(n3)c4ccccc4)n(c2=O)CC(F)(F)F,593.581,5.918,,5.233,82.250,0,5,10,-6.589,2,-6.604,1.800,
R3,emap3_Bn-4OCF2Ph_CH2CH2CH2CF3,CCN(Cc1ccc(OC(F)c2ccccc2)cc1)C(=O)Cn2c3c(cnc(n3)c4ccccc4)n(c2=O)CCC(F)(F)F,607.608,6.308,,5.623,82.250,0,5,11,-6.855,2,-6.218,1.800,
R3,emap3_Bn-4OCF2Ph_OCH2F,CCN(Cc1ccc(OC(F)c2ccccc2)cc1)C(=O)Cn2c3c(cnc(n3)c4ccccc4)n(c2=O)COF,559.573,5.214,,4.452,91.480,0,6,11,-5.868,2,-7.018,1.800,
R3,emap3_Bn-4OCF2Ph_OCH2CHF2,CCN(Cc1ccc(OC(F)c2ccccc2)cc1)C(=O)Cn2c3c(cnc(n3)c4ccccc4)n(c2=O)COC(F)F,591.590,5.553,,4.790,91.480,0,6,12,-6.214,2,-6.468,1.200,
R3,emap3_Bn-4OCF2Ph_OCH2CF3,CCN(Cc1ccc(OC(F)c2ccccc2)cc1)C(=O)Cn2c3c(cnc(n3)c4ccccc4)n(c2=O)COC(F)(F)F,609.580,5.850,,5.087,91.480,0,6,11,-6.579,2,-7.003,1.200,
R3,emap3_Bn-4OCF2Ph_OCH2CH2F,CCN(Cc1ccc(OC(F)c2ccccc2)cc1)C(=O)Cn2c3c(cnc(n3)c4ccccc4)n(c2=O)COCF,573.600,5.257,,4.495,91.480,0,6,12,-5.916,2,-6.649,1.800,
R3,emap3_Bn-4OCF2Ph_OCH2CH2CF3,CCN(Cc1ccc(OC(F)c2ccccc2)cc1)C(=O)Cn2c3c(cnc(n3)c4ccccc4)n(c2=O)COCC(F)(F)F,623.607,5.892,,5.130,91.480,0,6,12,-6.626,2,-6.606,1.200,
R3,emap3_Bn-4OCF2Ph_OCH2CH2CHF2,CCN(Cc1ccc(OC(F)c2ccccc2)cc1)C(=O)Cn2c3c(cnc(n3)c4ccccc4)n(c2=O)COCC(F)F,605.617,5.595,,4.833,91.480,0,6,13,-6.262,2,-6.637,1.200,
R3,emap3_Bn-4OCF2Ph_OCH2CH2CH2F,CCN(Cc1ccc(OC(F)c2ccccc2)cc1)C(=O)Cn2c3c(cnc(n3)c4ccccc4)n(c2=O)COCCF,587.627,5.299,,4.537,91.480,0,6,13,-5.964,2,-6.526,1.200,
R3,emap3_Bn-4OCF2Ph_OCH2CH2CH2CF3,CCN(Cc1ccc(OC(F)c2ccccc2)cc1)C(=O)Cn2c3c(cnc(n3)c4ccccc4)n(c2=O)COCCC(F)(F)F,637.634,6.282,,5.520,91.480,0,6,13,-6.893,2,-6.787,1.200,
R3,emap3_Bn-4OCF2Ph_CH2SiMe3,CCN(Cc1ccc(OC(F)c2ccccc2)cc1)C(=O)Cn2c3c(cnc(n3)c4ccccc4)n(c2=O)C[Si](C)(C)C,597.767,6.233,,5.548,82.250,0,5,11,-6.747,2,-6.416,1.800,
R3,emap3_Bn-4OCF2Ph_CH2CH2SiMe3,CCN(Cc1ccc(OC(F)c2ccccc2)cc1)C(=O)Cn2c3c(cnc(n3)c4ccccc4)n(c2=O)CC[Si](C)(C)C,611.794,6.694,,6.009,82.250,0,5,12,-7.058,2,-5.056,1.800,
R3,emap3_Bn-4OCF2Ph_OSiMe3,CCN(Cc1ccc(OC(F)c2ccccc2)cc1)C(=O)Cn2c3c(cnc(n3)c4ccccc4)n(c2=O)O[Si](C)(C)C,599.739,5.619,,4.857,91.480,0,6,11,-6.373,2,-6.039,1.200,
R3,emap3_Bn-4OCF2Ph_CH2SiEt3,CCN(Cc1ccc(OC(F)c2ccccc2)cc1)C(=O)Cn2c3c(cnc(n3)c4ccccc4)n(c2=O)C[Si](CC)(CC)CC,639.848,7.404,,6.718,82.250,0,5,14,-7.547,2,-6.425,1.800,
R3,emap3_Bn-4OCF2Ph_tBu,CCN(Cc1ccc(OC(F)c2ccccc2)cc1)C(=O)Cn2c3c(cnc(n3)c4ccccc4)n(c2=O)C(C)(C)C,567.665,6.111,,5.425,82.250,0,5,9,-6.615,2,-6.008,1.800,
R3,emap3_Bn-4OCF2Ph_BnCH2,CCN(Cc1ccc(OC(F)c2ccccc2)cc1)C(=O)Cn2c3c(cnc(n3)c4ccccc4)n(c2=O)Cc1ccccc1C,615.709,6.713,,6.027,82.250,0,5,11,-7.160,2,-6.211,1.800,
R3,emap3_Bn-4OCF2Ph_PhCH2F,CCN(Cc1ccc(OC(F)c2ccccc2)cc1)C(=O)Cn2c3c(cnc(n3)c4ccccc4)n(c2=O)c1ccccc1CF,619.672,6.815,,6.129,82.250,0,5,11,-7.249,2,-6.908,1.800,
R3,emap3_Bn-4OCF2Ph_OCH2CF2H,CCN(Cc1ccc(OC(F)c2ccccc2)cc1)C(=O)Cn2c3c(cnc(n3)c4ccccc4)n(c2=O)COC(F)F,591.590,5.553,,4.790,91.480,0,6,12,-6.214,2,-6.373,1.200,
R3,emap3_Bn-4OCF2Ph_OCH2CH2CF2H,CCN(Cc1ccc(OC(F)c2ccccc2)cc1)C(=O)Cn2c3c(cnc(n3)c4ccccc4)n(c2=O)COCC(F)F,605.617,5.595,,4.833,91.480,0,6,13,-6.262,2,-6.483,1.200,
R3,emap3_Bn-4OCF2Ph_CH2CF2H,CCN(Cc1ccc(OC(F)c2ccccc2)cc1)C(=O)Cn2c3c(cnc(n3)c4ccccc4)n(c2=O)C(F)F,561.564,5.751,,5.065,82.250,0,5,10,-6.285,2,-5.240,1.800,
R3,emap3_Bn-4OCF2Ph_CH2CH2CF2H,CCN(Cc1ccc(OC(F)c2ccccc2)cc1)C(=O)Cn2c3c(cnc(n3)c4ccccc4)n(c2=O)CC(F)F,575.591,5.621,,4.935,82.250,0,5,11,-6.224,2,-6.774,1.800,
R3,emap3_Bn-4OCF2Ph_OCH2CH2CH2CHF2,CCN(Cc1ccc(OC(F)c2ccccc2)cc1)C(=O)Cn2c3c(cnc(n3)c4ccccc4)n(c2=O)COCCC(F)F,619.644,5.985,,5.223,91.480,0,6,14,-6.528,2,-3.913,1.200,
R3,emap3_Bn-4OCF2Ph_CH2CH2CF2CF3,CCN(Cc1ccc(OC(F)c2ccccc2)cc1)C(=O)Cn2c3c(cnc(n3)c4ccccc4)n(c2=O)CC(F)C(F)(F)F,625.598,6.256,,5.571,82.250,0,5,11,-6.934,2,-7.470,1.800,
R3,emap3_Bn-4OCF2Ph_CH2CF2CF3,CCN(Cc1ccc(OC(F)c2ccccc2)cc1)C(=O)Cn2c3c(cnc(n3)c4ccccc4)n(c2=O)C(F)C(F)(F)F,611.571,6.386,,5.701,82.250,0,5,10,-6.995,2,-6.158,1.800,
R3,emap3_Bn-4OCF2Ph_CH2CH2CH2CF2CF3,CCN(Cc1ccc(OC(F)c2ccccc2)cc1)C(=O)Cn2c3c(cnc(n3)c4ccccc4)n(c2=O)CCC(F)C(F)(F)F,639.625,6.646,,5.961,82.250,0,5,12,-7.201,2,-6.992,1.800,
R3,emap3_Bn-4OCF2Ph_CH2CH2CF2CH3,CCN(Cc1ccc(OC(F)c2ccccc2)cc1)C(=O)Cn2c3c(cnc(n3)c4ccccc4)n(c2=O)CC(F)C,571.628,5.714,,5.028,82.250,0,5,11,-6.258,2,-6.116,1.800,
R3,emap3_Bn-4OCF2Ph_OCH2CF2CF3,CCN(Cc1ccc(OC(F)c2ccccc2)cc1)C(=O)Cn2c3c(cnc(n3)c4ccccc4)n(c2=O)COC(F)C(F)(F)F,641.597,6.188,,5.425,91.480,0,6,12,-6.924,2,-6.962,1.200,
R3,emap3_Bn-4OCF2Ph_OCH2CF2CH3,CCN(Cc1ccc(OC(F)c2ccccc2)cc1)C(=O)Cn2c3c(cnc(n3)c4ccccc4)n(c2=O)COC(F)C,587.627,5.645,,4.883,91.480,0,6,12,-6.248,2,-6.827,1.200,
R3,emap3_Bn-4OCF2Ph_OCH2CH2CF2CF3,CCN(Cc1ccc(OC(F)c2ccccc2)cc1)C(=O)Cn2c3c(cnc(n3)c4ccccc4)n(c2=O)COCC(F)C(F)(F)F,655.624,6.230,,5.468,91.480,0,6,13,-6.972,2,-6.077,1.200,
R3,emap3_Bn-4OCF2Ph_CH2CF2CH2F,CCN(Cc1ccc(OC(F)c2ccccc2)cc1)C(=O)Cn2c3c(cnc(n3)c4ccccc4)n(c2=O)C(F)CF,575.591,5.793,,5.108,82.250,0,5,11,-6.333,2,-5.844,1.800,
R3,emap3_Bn-4OCF2Ph_CH2CH2CF2CH2F,CCN(Cc1ccc(OC(F)c2ccccc2)cc1)C(=O)Cn2c3c(cnc(n3)c4ccccc4)n(c2=O)CC(F)CF,589.618,5.663,,4.978,82.250,0,5,12,-6.272,2,-6.239,1.800,
R3,emap3_Bn-4OCF2Ph_OCH2CF2CH2F,CCN(Cc1ccc(OC(F)c2ccccc2)cc1)C(=O)Cn2c3c(cnc(n3)c4ccccc4)n(c2=O)COC(F)CF,605.617,5.595,,4.833,91.480,0,6,13,-6.262,2,-6.708,1.200,
R3,emap3_Bn-4OCF2Ph_CH2CH2CF2CH2CHF2,CCN(Cc1ccc(OC(F)c2ccccc2)cc1)C(=O)Cn2c3c(cnc(n3)c4ccccc4)n(c2=O)CC(F)C(F)F,607.608,5.959,,5.274,82.250,0,5,12,-6.569,2,-7.192,1.800,
R3,emap3_Bn-4OCF2Ph_CH2CH2CF2CH2CF3,CCN(Cc1ccc(OC(F)c2ccccc2)cc1)C(=O)Cn2c3c(cnc(n3)c4ccccc4)n(c2=O)CC(F)C(F)(F)F,625.598,6.256,,5.571,82.250,0,5,11,-6.934,2,-7.471,1.800,
R3,emap3_Bn-4OCF2Ph_OCH2CH2CF2CH2F,CCN(Cc1ccc(OC(F)c2ccccc2)cc1)C(=O)Cn2c3c(cnc(n3)c4ccccc4)n(c2=O)COCC(F)CF,619.644,5.638,,4.875,91.480,0,6,14,-6.309,2,-5.952,1.200,
R3,emap3_Bn-4OCF2Ph_CH2CH2CF2CH2CH2F,CCN(Cc1ccc(OC(F)c2ccccc2)cc1)C(=O)Cn2c3c(cnc(n3)c4ccccc4)n(c2=O)CC(F)CCF,603.645,6.054,,5.368,82.250,0,5,13,-6.538,2,-6.029,1.800,
R3,emap3_Bn-4OCF2Ph_CH2CF2CH2CH2F,CCN(Cc1ccc(OC(F)c2ccccc2)cc1)C(=O)Cn2c3c(cnc(n3)c4ccccc4)n(c2=O)C(F)CCF,589.618,6.184,,5.498,82.250,0,5,12,-6.599,2,-6.640,1.800,
R3,emap3_Bn-4OCF2Ph_CH2CF2CH2CHF2,CCN(Cc1ccc(OC(F)c2ccccc2)cc1)C(=O)Cn2c3c(cnc(n3)c4ccccc4)n(c2=O)C(F)C(F)F,593.581,6.089,,5.404,82.250,0,5,11,-6.630,2,-6.026,1.800,
R3,emap3_Bn-4OCF2Ph_CH2CF2CH2CF3,CCN(Cc1ccc(OC(F)c2ccccc2)cc1)C(=O)Cn2c3c(cnc(n3)c4ccccc4)n(c2=O)C(F)C(F)(F)F,611.571,6.386,,5.701,82.250,0,5,10,-6.995,2,-6.173,1.800,
R3,emap3_Bn-4OCF2Ph_OCH2CF2CH2CH2F,CCN(Cc1ccc(OC(F)c2ccccc2)cc1)C(=O)Cn2c3c(cnc(n3)c4ccccc4)n(c2=O)COC(F)CCF,619.644,5.985,,5.223,91.480,0,6,14,-6.528,2,-6.504,1.200,
R3,emap3_Bn-4OCF2Ph_OCH2CH2CF2CH2CH2F,CCN(Cc1ccc(OC(F)c2ccccc2)cc1)C(=O)Cn2c3c(cnc(n3)c4ccccc4)n(c2=O)COCC(F)CCF,633.671,6.028,,5.265,91.480,0,6,15,-6.576,2,-5.141,1.200,
R3,emap3_Bn-4OCF2Ph_CH2CH2CF2CH2CH2CHF2,CCN(Cc1ccc(OC(F)c2ccccc2)cc1)C(=O)Cn2c3c(cnc(n3)c4ccccc4)n(c2=O)CC(F)CC(F)F,621.635,6.349,,5.664,82.250,0,5,13,-6.836,2,-6.348,1.800,
R3,emap3_Bn-4OCF2Ph_CH2CH2CF2CH2CH2CF3,CCN(Cc1ccc(OC(F)c2ccccc2)cc1)C(=O)Cn2c3c(cnc(n3)c4ccccc4)n(c2=O)CC(F)CC(F)(F)F,639.625,6.646,,5.961,82.250,0,5,12,-7.201,2,-6.839,1.800,
R3,emap3_Bn-3OMe_4F_Me,CCN(Cc1c(OC)ccc(F)c1)C(=O)Cn2c3c(cnc(n3)c4ccccc4)n(c2=O)C,449.486,2.993,,2.308,82.250,0,5,7,-4.051,0,-6.027,5.400,
R3,emap3_Bn-3OMe_4F_Et,CCN(Cc1c(OC)ccc(F)c1)C(=O)Cn2c3c(cnc(n3)c4ccccc4)n(c2=O)CC,463.513,3.476,,2.791,82.250,0,5,8,-4.376,0,-6.226,5.400,
R3,emap3_Bn-3OMe_4F_nPr,CCN(Cc1c(OC)ccc(F)c1)C(=O)Cn2c3c(cnc(n3)c4ccccc4)n(c2=O)CCC,477.540,3.866,,3.181,82.250,0,5,9,-4.643,0,-5.133,5.400,
R3,emap3_Bn-3OMe_4F_nBu,CCN(Cc1c(OC)ccc(F)c1)C(=O)Cn2c3c(cnc(n3)c4ccccc4)n(c2=O)CCCC,491.567,4.257,,3.571,82.250,0,5,10,-4.909,0,-5.907,4.800,
R3,emap3_Bn-3OMe_4F_CH2F,CCN(Cc1c(OC)ccc(F)c1)C(=O)Cn2c3c(cnc(n3)c4ccccc4)n(c2=O)CF,467.476,3.383,,2.698,82.250,0,5,8,-4.342,0,-4.980,5.400,
R3,emap3_Bn-3OMe_4F_CH2CH2F,CCN(Cc1c(OC)ccc(F)c1)C(=O)Cn2c3c(cnc(n3)c4ccccc4)n(c2=O)CCF,481.503,3.426,,2.740,82.250,0,5,9,-4.390,0,-5.993,5.400,
R3,emap3_Bn-3OMe_4F_CH2CH2CH2F,CCN(Cc1c(OC)ccc(F)c1)C(=O)Cn2c3c(cnc(n3)c4ccccc4)n(c2=O)CCCF,495.530,3.816,,3.131,82.250,0,5,10,-4.656,0,-5.838,5.400,
R3,emap3_Bn-3OMe_4F_CH2CHF2,CCN(Cc1c(OC)ccc(F)c1)C(=O)Cn2c3c(cnc(n3)c4ccccc4)n(c2=O)C(F)F,485.466,3.852,,3.166,82.250,0,5,8,-4.748,0,-6.394,5.400,
R3,emap3_Bn-3OMe_4F_CH2CH2CHF2,CCN(Cc1c(OC)ccc(F)c1)C(=O)Cn2c3c(cnc(n3)c4ccccc4)n(c2=O)CC(F)F,499.493,3.722,,3.036,82.250,0,5,9,-4.687,0,-6.141,5.400,
R3,emap3_Bn-3OMe_4F_CH2CH2CH2CHF2,CCN(Cc1c(OC)ccc(F)c1)C(=O)Cn2c3c(cnc(n3)c4ccccc4)n(c2=O)CCC(F)F,513.520,4.112,,3.426,82.250,0,5,10,-4.954,1,-6.211,4.200,
R3,emap3_Bn-3OMe_4F_CH2CF3,CCN(Cc1c(OC)ccc(F)c1)C(=O)Cn2c3c(cnc(n3)c4ccccc4)n(c2=O)C(F)(F)F,503.456,3.933,,3.247,82.250,0,5,7,-4.977,1,-6.472,4.800,
R3,emap3_Bn-3OMe_4F_CH2CH2CF3,CCN(Cc1c(OC)ccc(F)c1)C(=O)Cn2c3c(cnc(n3)c4ccccc4)n(c2=O)CC(F)(F)F,517.483,4.019,,3.333,82.250,0,5,8,-5.052,1,-6.169,4.200,
R3,emap3_Bn-3OMe_4F_CH2CH2CH2CF3,CCN(Cc1c(OC)ccc(F)c1)C(=O)Cn2c3c(cnc(n3)c4ccccc4)n(c2=O)CCC(F)(F)F,531.510,4.409,,3.723,82.250,0,5,9,-5.319,1,-5.756,4.200,
R3,emap3_Bn-3OMe_4F_OCH2F,CCN(Cc1c(OC)ccc(F)c1)C(=O)Cn2c3c(cnc(n3)c4ccccc4)n(c2=O)COF,483.475,3.315,,2.553,91.480,0,6,9,-4.332,1,-4.811,4.800,
R3,emap3_Bn-3OMe_4F_OCH2CHF2,CCN(Cc1c(OC)ccc(F)c1)C(=O)Cn2c3c(cnc(n3)c4ccccc4)n(c2=O)COC(F)F,515.492,3.653,,2.891,91.480,0,6,10,-4.678,2,-6.242,4.200,
R3,emap3_Bn-3OMe_4F_OCH2CF3,CCN(Cc1c(OC)ccc(F)c1)C(=O)Cn2c3c(cnc(n3)c4ccccc4)n(c2=O)COC(F)(F)F,533.482,3.950,,3.188,91.480,0,6,9,-5.042,2,-6.113,4.200,
R3,emap3_Bn-3OMe_4F_OCH2CH2F,CCN(Cc1c(OC)ccc(F)c1)C(=O)Cn2c3c(cnc(n3)c4ccccc4)n(c2=O)COCF,497.502,3.358,,2.595,91.480,0,6,10,-4.380,1,-5.816,4.800,
R3,emap3_Bn-3OMe_4F_OCH2CH2CF3,CCN(Cc1c(OC)ccc(F)c1)C(=O)Cn2c3c(cnc(n3)c4ccccc4)n(c2=O)COCC(F)(F)F,547.509,3.993,,3.230,91.480,0,6,10,-5.090,2,-6.264,4.200,
R3,emap3_Bn-3OMe_4F_OCH2CH2CHF2,CCN(Cc1c(OC)ccc(F)c1)C(=O)Cn2c3c(cnc(n3)c4ccccc4)n(c2=O)COCC(F)F,529.519,3.696,,2.933,91.480,0,6,11,-4.725,2,-6.126,4.200,
R3,emap3_Bn-3OMe_4F_OCH2CH2CH2F,CCN(Cc1c(OC)ccc(F)c1)C(=O)Cn2c3c(cnc(n3)c4ccccc4)n(c2=O)COCCF,511.529,3.400,,2.638,91.480,0,6,11,-4.427,2,-6.132,4.200,
R3,emap3_Bn-3OMe_4F_OCH2CH2CH2CF3,CCN(Cc1c(OC)ccc(F)c1)C(=O)Cn2c3c(cnc(n3)c4ccccc4)n(c2=O)COCCC(F)(F)F,561.536,4.383,,3.621,91.480,0,6,11,-5.357,2,-6.174,3.000,
R3,emap3_Bn-3OMe_4F_CH2SiMe3,CCN(Cc1c(OC)ccc(F)c1)C(=O)Cn2c3c(cnc(n3)c4ccccc4)n(c2=O)C[Si](C)(C)C,521.669,4.334,,3.648,82.250,0,5,9,-5.211,1,-5.915,4.200,
R3,emap3_Bn-3OMe_4F_CH2CH2SiMe3,CCN(Cc1c(OC)ccc(F)c1)C(=O)Cn2c3c(cnc(n3)c4ccccc4)n(c2=O)CC[Si](C)(C)C,535.696,4.795,,4.109,82.250,0,5,10,-5.522,1,-5.791,3.000,
R3,emap3_Bn-3OMe_4F_OSiMe3,CCN(Cc1c(OC)ccc(F)c1)C(=O)Cn2c3c(cnc(n3)c4ccccc4)n(c2=O)O[Si](C)(C)C,523.641,3.720,,2.958,91.480,0,6,9,-4.836,2,-6.414,4.200,
R3,emap3_Bn-3OMe_4F_CH2SiEt3,CCN(Cc1c(OC)ccc(F)c1)C(=O)Cn2c3c(cnc(n3)c4ccccc4)n(c2=O)C[Si](CC)(CC)CC,563.750,5.504,,4.819,82.250,0,5,12,-6.011,2,-5.919,1.800,
R3,emap3_Bn-3OMe_4F_tBu,CCN(Cc1c(OC)ccc(F)c1)C(=O)Cn2c3c(cnc(n3)c4ccccc4)n(c2=O)C(C)(C)C,491.567,4.211,,3.526,82.250,0,5,7,-5.079,0,-6.043,4.800,
R3,emap3_Bn-3OMe_4F_BnCH2,CCN(Cc1c(OC)ccc(F)c1)C(=O)Cn2c3c(cnc(n3)c4ccccc4)n(c2=O)Cc1ccccc1C,539.611,4.813,,4.128,82.250,0,5,9,-5.624,1,-6.098,3.000,
R3,emap3_Bn-3OMe_4F_PhCH2F,CCN(Cc1c(OC)ccc(F)c1)C(=O)Cn2c3c(cnc(n3)c4ccccc4)n(c2=O)c1ccccc1CF,543.574,4.915,,4.230,82.250,0,5,9,-5.713,1,-6.481,3.000,
R3,emap3_Bn-3OMe_4F_OCH2CF2H,CCN(Cc1c(OC)ccc(F)c1)C(=O)Cn2c3c(cnc(n3)c4ccccc4)n(c2=O)COC(F)F,515.492,3.653,,2.891,91.480,0,6,10,-4.678,2,-6.302,4.200,
R3,emap3_Bn-3OMe_4F_OCH2CH2CF2H,CCN(Cc1c(OC)ccc(F)c1)C(=O)Cn2c3c(cnc(n3)c4ccccc4)n(c2=O)COCC(F)F,529.519,3.696,,2.933,91.480,0,6,11,-4.725,2,-6.189,4.200,
R3,emap3_Bn-3OMe_4F_CH2CF2H,CCN(Cc1c(OC)ccc(F)c1)C(=O)Cn2c3c(cnc(n3)c4ccccc4)n(c2=O)C(F)F,485.466,3.852,,3.166,82.250,0,5,8,-4.748,0,-6.317,5.400,
R3,emap3_Bn-3OMe_4F_CH2CH2CF2H,CCN(Cc1c(OC)ccc(F)c1)C(=O)Cn2c3c(cnc(n3)c4ccccc4)n(c2=O)CC(F)F,499.493,3.722,,3.036,82.250,0,5,9,-4.687,0,-6.124,5.400,
R3,emap3_Bn-3OMe_4F_OCH2CH2CH2CHF2,CCN(Cc1c(OC)ccc(F)c1)C(=O)Cn2c3c(cnc(n3)c4ccccc4)n(c2=O)COCCC(F)F,543.546,4.086,,3.323,91.480,0,6,12,-4.992,2,-5.945,3.600,
R3,emap3_Bn-3OMe_4F_CH2CH2CF2CF3,CCN(Cc1c(OC)ccc(F)c1)C(=O)Cn2c3c(cnc(n3)c4ccccc4)n(c2=O)CC(F)C(F)(F)F,549.500,4.357,,3.671,82.250,0,5,9,-5.398,1,-6.251,4.200,
R3,emap3_Bn-3OMe_4F_CH2CF2CF3,CCN(Cc1c(OC)ccc(F)c1)C(=O)Cn2c3c(cnc(n3)c4ccccc4)n(c2=O)C(F)C(F)(F)F,535.473,4.487,,3.801,82.250,0,5,8,-5.459,1,-6.512,4.200,
R3,emap3_Bn-3OMe_4F_CH2CH2CH2CF2CF3,CCN(Cc1c(OC)ccc(F)c1)C(=O)Cn2c3c(cnc(n3)c4ccccc4)n(c2=O)CCC(F)C(F)(F)F,563.527,4.747,,4.061,82.250,0,5,10,-5.664,2,-6.588,2.400,
R3,emap3_Bn-3OMe_4F_CH2CH2CF2CH3,CCN(Cc1c(OC)ccc(F)c1)C(=O)Cn2c3c(cnc(n3)c4ccccc4)n(c2=O)CC(F)C,495.530,3.814,,3.129,82.250,0,5,9,-4.721,0,-6.216,5.400,
R3,emap3_Bn-3OMe_4F_OCH2CF2CF3,CCN(Cc1c(OC)ccc(F)c1)C(=O)Cn2c3c(cnc(n3)c4ccccc4)n(c2=O)COC(F)C(F)(F)F,565.499,4.288,,3.526,91.480,0,6,10,-5.388,2,-5.505,3.000,
R3,emap3_Bn-3OMe_4F_OCH2CF2CH3,CCN(Cc1c(OC)ccc(F)c1)C(=O)Cn2c3c(cnc(n3)c4ccccc4)n(c2=O)COC(F)C,511.529,3.746,,2.984,91.480,0,6,10,-4.711,2,-6.210,4.200,
R3,emap3_Bn-3OMe_4F_OCH2CH2CF2CF3,CCN(Cc1c(OC)ccc(F)c1)C(=O)Cn2c3c(cnc(n3)c4ccccc4)n(c2=O)COCC(F)C(F)(F)F,579.526,4.331,,3.569,91.480,0,6,11,-5.436,2,-5.610,3.000,
R3,emap3_Bn-3OMe_4F_CH2CF2CH2F,CCN(Cc1c(OC)ccc(F)c1)C(=O)Cn2c3c(cnc(n3)c4ccccc4)n(c2=O)C(F)CF,499.493,3.894,,3.209,82.250,0,5,9,-4.796,0,-5.887,5.400,
R3,emap3_Bn-3OMe_4F_CH2CH2CF2CH2F,CCN(Cc1c(OC)ccc(F)c1)C(=O)Cn2c3c(cnc(n3)c4ccccc4)n(c2=O)CC(F)CF,513.520,3.764,,3.079,82.250,0,5,10,-4.735,1,-6.030,4.800,
R3,emap3_Bn-3OMe_4F_OCH2CF2CH2F,CCN(Cc1c(OC)ccc(F)c1)C(=O)Cn2c3c(cnc(n3)c4ccccc4)n(c2=O)COC(F)CF,529.519,3.696,,2.933,91.480,0,6,11,-4.725,2,-5.987,4.200,
R3,emap3_Bn-3OMe_4F_CH2CH2CF2CH2CHF2,CCN(Cc1c(OC)ccc(F)c1)C(=O)Cn2c3c(cnc(n3)c4ccccc4)n(c2=O)CC(F)C(F)F,531.510,4.060,,3.374,82.250,0,5,10,-5.033,1,-5.736,4.200,
R3,emap3_Bn-3OMe_4F_CH2CH2CF2CH2CF3,CCN(Cc1c(OC)ccc(F)c1)C(=O)Cn2c3c(cnc(n3)c4ccccc4)n(c2=O)CC(F)C(F)(F)F,549.500,4.357,,3.671,82.250,0,5,9,-5.398,1,-6.229,4.200,
R3,emap3_Bn-3OMe_4F_OCH2CH2CF2CH2F,CCN(Cc1c(OC)ccc(F)c1)C(=O)Cn2c3c(cnc(n3)c4ccccc4)n(c2=O)COCC(F)CF,543.546,3.738,,2.976,91.480,0,6,12,-4.773,2,-6.166,4.200,
R3,emap3_Bn-3OMe_4F_CH2CH2CF2CH2CH2F,CCN(Cc1c(OC)ccc(F)c1)C(=O)Cn2c3c(cnc(n3)c4ccccc4)n(c2=O)CC(F)CCF,527.547,4.154,,3.469,82.250,0,5,11,-5.002,1,-5.975,4.200,
R3,emap3_Bn-3OMe_4F_CH2CF2CH2CH2F,CCN(Cc1c(OC)ccc(F)c1)C(=O)Cn2c3c(cnc(n3)c4ccccc4)n(c2=O)C(F)CCF,513.520,4.284,,3.599,82.250,0,5,10,-5.063,1,-5.870,4.200,
R3,emap3_Bn-3OMe_4F_CH2CF2CH2CHF2,CCN(Cc1c(OC)ccc(F)c1)C(=O)Cn2c3c(cnc(n3)c4ccccc4)n(c2=O)C(F)C(F)F,517.483,4.190,,3.504,82.250,0,5,9,-5.094,1,-5.506,4.200,
R3,emap3_Bn-3OMe_4F_CH2CF2CH2CF3,CCN(Cc1c(OC)ccc(F)c1)C(=O)Cn2c3c(cnc(n3)c4ccccc4)n(c2=O)C(F)C(F)(F)F,535.473,4.487,,3.801,82.250,0,5,8,-5.459,1,-6.412,4.200,
R3,emap3_Bn-3OMe_4F_OCH2CF2CH2CH2F,CCN(Cc1c(OC)ccc(F)c1)C(=O)Cn2c3c(cnc(n3)c4ccccc4)n(c2=O)COC(F)CCF,543.546,4.086,,3.323,91.480,0,6,12,-4.992,2,-5.260,3.600,
R3,emap3_Bn-3OMe_4F_OCH2CH2CF2CH2CH2F,CCN(Cc1c(OC)ccc(F)c1)C(=O)Cn2c3c(cnc(n3)c4ccccc4)n(c2=O)COCC(F)CCF,557.573,4.128,,3.366,91.480,0,6,13,-5.040,2,-6.002,3.000,
R3,emap3_Bn-3OMe_4F_CH2CH2CF2CH2CH2CHF2,CCN(Cc1c(OC)ccc(F)c1)C(=O)Cn2c3c(cnc(n3)c4ccccc4)n(c2=O)CC(F)CC(F)F,545.537,4.450,,3.764,82.250,0,5,11,-5.300,1,-6.255,4.200,
R3,emap3_Bn-3OMe_4F_CH2CH2CF2CH2CH2CF3,CCN(Cc1c(OC)ccc(F)c1)C(=O)Cn2c3c(cnc(n3)c4ccccc4)n(c2=O)CC(F)CC(F)(F)F,563.527,4.747,,4.061,82.250,0,5,10,-5.664,2,-6.404,2.400,
R3,emap3_Bn-3F_4CF3_Me,CCN(Cc1c(F)ccc(C(F)(F)F)c1)C(=O)Cn2c3c(cnc(n3)c4ccccc4)n(c2=O)C,487.457,4.004,,3.395,73.020,0,4,6,-4.989,0,-5.091,4.800,
R3,emap3_Bn-3F_4CF3_Et,CCN(Cc1c(F)ccc(C(F)(F)F)c1)C(=O)Cn2c3c(cnc(n3)c4ccccc4)n(c2=O)CC,501.484,4.487,,3.878,73.020,0,4,7,-5.314,1,-5.325,4.200,
R3,emap3_Bn-3F_4CF3_nPr,CCN(Cc1c(F)ccc(C(F)(F)F)c1)C(=O)Cn2c3c(cnc(n3)c4ccccc4)n(c2=O)CCC,515.511,4.877,,4.268,73.020,0,4,8,-5.580,1,-6.614,3.000,
R3,emap3_Bn-3F_4CF3_nBu,CCN(Cc1c(F)ccc(C(F)(F)F)c1)C(=O)Cn2c3c(cnc(n3)c4ccccc4)n(c2=O)CCCC,529.538,5.267,,4.658,73.020,0,4,9,-5.847,2,-6.436,2.400,
R3,emap3_Bn-3F_4CF3_CH2F,CCN(Cc1c(F)ccc(C(F)(F)F)c1)C(=O)Cn2c3c(cnc(n3)c4ccccc4)n(c2=O)CF,505.447,4.394,,3.785,73.020,0,4,7,-5.280,1,-6.733,4.200,
R3,emap3_Bn-3F_4CF3_CH2CH2F,CCN(Cc1c(F)ccc(C(F)(F)F)c1)C(=O)Cn2c3c(cnc(n3)c4ccccc4)n(c2=O)CCF,519.474,4.436,,3.828,73.020,0,4,8,-5.327,1,-6.386,4.200,
R3,emap3_Bn-3F_4CF3_CH2CH2CH2F,CCN(Cc1c(F)ccc(C(F)(F)F)c1)C(=O)Cn2c3c(cnc(n3)c4ccccc4)n(c2=O)CCCF,533.501,4.826,,4.218,73.020,0,4,9,-5.594,1,-6.132,3.000,
R3,emap3_Bn-3F_4CF3_CH2CHF2,CCN(Cc1c(F)ccc(C(F)(F)F)c1)C(=O)Cn2c3c(cnc(n3)c4ccccc4)n(c2=O)C(F)F,523.437,4.862,,4.253,73.020,0,4,7,-5.686,1,-5.045,3.000,
R3,emap3_Bn-3F_4CF3_CH2CH2CHF2,CCN(Cc1c(F)ccc(C(F)(F)F)c1)C(=O)Cn2c3c(cnc(n3)c4ccccc4)n(c2=O)CC(F)F,537.464,4.732,,4.123,73.020,0,4,8,-5.625,1,-5.037,3.000,
R3,emap3_Bn-3F_4CF3_CH2CH2CH2CHF2,CCN(Cc1c(F)ccc(C(F)(F)F)c1)C(=O)Cn2c3c(cnc(n3)c4ccccc4)n(c2=O)CCC(F)F,551.491,5.122,,4.513,73.020,0,4,9,-5.892,2,-6.729,1.800,
R3,emap3_Bn-3F_4CF3_CH2CF3,CCN(Cc1c(F)ccc(C(F)(F)F)c1)C(=O)Cn2c3c(cnc(n3)c4ccccc4)n(c2=O)C(F)(F)F,541.427,4.943,,4.334,73.020,0,4,6,-5.915,1,-5.239,3.000,
R3,emap3_Bn-3F_4CF3_CH2CH2CF3,CCN(Cc1c(F)ccc(C(F)(F)F)c1)C(=O)Cn2c3c(cnc(n3)c4ccccc4)n(c2=O)CC(F)(F)F,555.454,5.029,,4.420,73.020,0,4,7,-5.990,2,-6.913,2.400,
R3,emap3_Bn-3F_4CF3_CH2CH2CH2CF3,CCN(Cc1c(F)ccc(C(F)(F)F)c1)C(=O)Cn2c3c(cnc(n3)c4ccccc4)n(c2=O)CCC(F)(F)F,569.481,5.419,,4.811,73.020,0,4,8,-6.257,2,-6.760,1.800,
R3,emap3_Bn-3F_4CF3_OCH2F,CCN(Cc1c(F)ccc(C(F)(F)F)c1)C(=O)Cn2c3c(cnc(n3)c4ccccc4)n(c2=O)COF,521.446,4.325,,3.640,82.250,0,5,8,-5.270,1,-6.454,4.200,
R3,emap3_Bn-3F_4CF3_OCH2CHF2,CCN(Cc1c(F)ccc(C(F)(F)F)c1)C(=O)Cn2c3c(cnc(n3)c4ccccc4)n(c2=O)COC(F)F,553.463,4.663,,3.978,82.250,0,5,9,-5.615,2,-5.401,3.000,
R3,emap3_Bn-3F_4CF3_OCH2CF3,CCN(Cc1c(F)ccc(C(F)(F)F)c1)C(=O)Cn2c3c(cnc(n3)c4ccccc4)n(c2=O)COC(F)(F)F,571.453,4.961,,4.275,82.250,0,5,8,-5.980,2,-6.762,2.400,
R3,emap3_Bn-3F_4CF3_OCH2CH2F,CCN(Cc1c(F)ccc(C(F)(F)F)c1)C(=O)Cn2c3c(cnc(n3)c4ccccc4)n(c2=O)COCF,535.473,4.368,,3.682,82.250,0,5,9,-5.318,1,-6.450,4.200,
R3,emap3_Bn-3F_4CF3_OCH2CH2CF3,CCN(Cc1c(F)ccc(C(F)(F)F)c1)C(=O)Cn2c3c(cnc(n3)c4ccccc4)n(c2=O)COCC(F)(F)F,585.480,5.003,,4.318,82.250,0,5,9,-6.028,2,-5.733,2.400,
R3,emap3_Bn-3F_4CF3_OCH2CH2CHF2,CCN(Cc1c(F)ccc(C(F)(F)F)c1)C(=O)Cn2c3c(cnc(n3)c4ccccc4)n(c2=O)COCC(F)F,567.490,4.706,,4.020,82.250,0,5,10,-5.663,2,-6.601,2.400,
R3,emap3_Bn-3F_4CF3_OCH2CH2CH2F,CCN(Cc1c(F)ccc(C(F)(F)F)c1)C(=O)Cn2c3c(cnc(n3)c4ccccc4)n(c2=O)COCCF,549.500,4.410,,3.725,82.250,0,5,10,-5.365,1,-5.447,4.200,
R3,emap3_Bn-3F_4CF3_OCH2CH2CH2CF3,CCN(Cc1c(F)ccc(C(F)(F)F)c1)C(=O)Cn2c3c(cnc(n3)c4ccccc4)n(c2=O)COCCC(F)(F)F,599.507,5.393,,4.708,82.250,0,5,10,-6.295,2,-5.897,1.800,
R3,emap3_Bn-3F_4CF3_CH2SiMe3,CCN(Cc1c(F)ccc(C(F)(F)F)c1)C(=O)Cn2c3c(cnc(n3)c4ccccc4)n(c2=O)C[Si](C)(C)C,559.640,5.344,,4.736,73.020,0,4,8,-6.148,2,-6.406,1.800,
R3,emap3_Bn-3F_4CF3_CH2CH2SiMe3,CCN(Cc1c(F)ccc(C(F)(F)F)c1)C(=O)Cn2c3c(cnc(n3)c4ccccc4)n(c2=O)CC[Si](C)(C)C,573.667,5.805,,5.196,73.020,0,4,9,-6.460,2,-6.572,1.800,
R3,emap3_Bn-3F_4CF3_OSiMe3,CCN(Cc1c(F)ccc(C(F)(F)F)c1)C(=O)Cn2c3c(cnc(n3)c4ccccc4)n(c2=O)O[Si](C)(C)C,561.612,4.730,,4.045,82.250,0,5,8,-5.774,2,-6.399,2.400,
R3,emap3_Bn-3F_4CF3_CH2SiEt3,CCN(Cc1c(F)ccc(C(F)(F)F)c1)C(=O)Cn2c3c(cnc(n3)c4ccccc4)n(c2=O)C[Si](CC)(CC)CC,601.721,6.514,,5.906,73.020,0,4,11,-6.949,2,-5.284,1.800,
R3,emap3_Bn-3F_4CF3_tBu,CCN(Cc1c(F)ccc(C(F)(F)F)c1)C(=O)Cn2c3c(cnc(n3)c4ccccc4)n(c2=O)C(C)(C)C,529.538,5.222,,4.613,73.020,0,4,6,-6.017,2,-5.160,2.400,
R3,emap3_Bn-3F_4CF3_BnCH2,CCN(Cc1c(F)ccc(C(F)(F)F)c1)C(=O)Cn2c3c(cnc(n3)c4ccccc4)n(c2=O)Cc1ccccc1C,577.582,5.823,,5.215,73.020,0,4,8,-6.562,2,-5.974,1.800,
R3,emap3_Bn-3F_4CF3_PhCH2F,CCN(Cc1c(F)ccc(C(F)(F)F)c1)C(=O)Cn2c3c(cnc(n3)c4ccccc4)n(c2=O)c1ccccc1CF,581.545,5.925,,5.317,73.020,0,4,8,-6.651,2,-6.778,1.800,
R3,emap3_Bn-3F_4CF3_OCH2CF2H,CCN(Cc1c(F)ccc(C(F)(F)F)c1)C(=O)Cn2c3c(cnc(n3)c4ccccc4)n(c2=O)COC(F)F,553.463,4.663,,3.978,82.250,0,5,9,-5.615,2,-6.592,3.000,
R3,emap3_Bn-3F_4CF3_OCH2CH2CF2H,CCN(Cc1c(F)ccc(C(F)(F)F)c1)C(=O)Cn2c3c(cnc(n3)c4ccccc4)n(c2=O)COCC(F)F,567.490,4.706,,4.020,82.250,0,5,10,-5.663,2,-6.610,2.400,
R3,emap3_Bn-3F_4CF3_CH2CF2H,CCN(Cc1c(F)ccc(C(F)(F)F)c1)C(=O)Cn2c3c(cnc(n3)c4ccccc4)n(c2=O)C(F)F,523.437,4.862,,4.253,73.020,0,4,7,-5.686,1,-4.991,3.000,
R3,emap3_Bn-3F_4CF3_CH2CH2CF2H,CCN(Cc1c(F)ccc(C(F)(F)F)c1)C(=O)Cn2c3c(cnc(n3)c4ccccc4)n(c2=O)CC(F)F,537.464,4.732,,4.123,73.020,0,4,8,-5.625,1,-5.027,3.000,
R3,emap3_Bn-3F_4CF3_OCH2CH2CH2CHF2,CCN(Cc1c(F)ccc(C(F)(F)F)c1)C(=O)Cn2c3c(cnc(n3)c4ccccc4)n(c2=O)COCCC(F)F,581.517,5.096,,4.410,82.250,0,5,11,-5.930,2,-5.820,2.400,
R3,emap3_Bn-3F_4CF3_CH2CH2CF2CF3,CCN(Cc1c(F)ccc(C(F)(F)F)c1)C(=O)Cn2c3c(cnc(n3)c4ccccc4)n(c2=O)CC(F)C(F)(F)F,587.471,5.367,,4.759,73.020,0,4,8,-6.336,2,-5.689,1.800,
R3,emap3_Bn-3F_4CF3_CH2CF2CF3,CCN(Cc1c(F)ccc(C(F)(F)F)c1)C(=O)Cn2c3c(cnc(n3)c4ccccc4)n(c2=O)C(F)C(F)(F)F,573.444,5.497,,4.889,73.020,0,4,7,-6.396,2,-5.752,1.800,
R3,emap3_Bn-3F_4CF3_CH2CH2CH2CF2CF3,CCN(Cc1c(F)ccc(C(F)(F)F)c1)C(=O)Cn2c3c(cnc(n3)c4ccccc4)n(c2=O)CCC(F)C(F)(F)F,601.498,5.757,,5.149,73.020,0,4,9,-6.602,2,-6.315,1.800,
R3,emap3_Bn-3F_4CF3_CH2CH2CF2CH3,CCN(Cc1c(F)ccc(C(F)(F)F)c1)C(=O)Cn2c3c(cnc(n3)c4ccccc4)n(c2=O)CC(F)C,533.501,4.825,,4.216,73.020,0,4,8,-5.659,1,-6.665,3.000,
R3,emap3_Bn-3F_4CF3_OCH2CF2CF3,CCN(Cc1c(F)ccc(C(F)(F)F)c1)C(=O)Cn2c3c(cnc(n3)c4ccccc4)n(c2=O)COC(F)C(F)(F)F,603.470,5.299,,4.613,82.250,0,5,9,-6.326,2,-6.005,1.800,
R3,emap3_Bn-3F_4CF3_OCH2CF2CH3,CCN(Cc1c(F)ccc(C(F)(F)F)c1)C(=O)Cn2c3c(cnc(n3)c4ccccc4)n(c2=O)COC(F)C,549.500,4.756,,4.071,82.250,0,5,9,-5.649,1,-5.610,3.000,
R3,emap3_Bn-3F_4CF3_OCH2CH2CF2CF3,CCN(Cc1c(F)ccc(C(F)(F)F)c1)C(=O)Cn2c3c(cnc(n3)c4ccccc4)n(c2=O)COCC(F)C(F)(F)F,617.497,5.341,,4.656,82.250,0,5,10,-6.373,2,-5.638,1.800,
R3,emap3_Bn-3F_4CF3_CH2CF2CH2F,CCN(Cc1c(F)ccc(C(F)(F)F)c1)C(=O)Cn2c3c(cnc(n3)c4ccccc4)n(c2=O)C(F)CF,537.464,4.904,,4.296,73.020,0,4,8,-5.734,1,-4.993,3.000,
R3,emap3_Bn-3F_4CF3_CH2CH2CF2CH2F,CCN(Cc1c(F)ccc(C(F)(F)F)c1)C(=O)Cn2c3c(cnc(n3)c4ccccc4)n(c2=O)CC(F)CF,551.491,4.774,,4.166,73.020,0,4,9,-5.673,2,-6.794,2.400,
R3,emap3_Bn-3F_4CF3_OCH2CF2CH2F,CCN(Cc1c(F)ccc(C(F)(F)F)c1)C(=O)Cn2c3c(cnc(n3)c4ccccc4)n(c2=O)COC(F)CF,567.490,4.706,,4.020,82.250,0,5,10,-5.663,2,-5.777,2.400,
R3,emap3_Bn-3F_4CF3_CH2CH2CF2CH2CHF2,CCN(Cc1c(F)ccc(C(F)(F)F)c1)C(=O)Cn2c3c(cnc(n3)c4ccccc4)n(c2=O)CC(F)C(F)F,569.481,5.070,,4.461,73.020,0,4,9,-5.971,2,-6.897,2.400,
R3,emap3_Bn-3F_4CF3_CH2CH2CF2CH2CF3,CCN(Cc1c(F)ccc(C(F)(F)F)c1)C(=O)Cn2c3c(cnc(n3)c4ccccc4)n(c2=O)CC(F)C(F)(F)F,587.471,5.367,,4.759,73.020,0,4,8,-6.336,2,-6.095,1.800,
R3,emap3_Bn-3F_4CF3_OCH2CH2CF2CH2F,CCN(Cc1c(F)ccc(C(F)(F)F)c1)C(=O)Cn2c3c(cnc(n3)c4ccccc4)n(c2=O)COCC(F)CF,581.517,4.748,,4.063,82.250,0,5,11,-5.711,2,-5.758,2.400,
R3,emap3_Bn-3F_4CF3_CH2CH2CF2CH2CH2F,CCN(Cc1c(F)ccc(C(F)(F)F)c1)C(=O)Cn2c3c(cnc(n3)c4ccccc4)n(c2=O)CC(F)CCF,565.518,5.164,,4.556,73.020,0,4,10,-5.940,2,-6.373,1.800,
R3,emap3_Bn-3F_4CF3_CH2CF2CH2CH2F,CCN(Cc1c(F)ccc(C(F)(F)F)c1)C(=O)Cn2c3c(cnc(n3)c4ccccc4)n(c2=O)C(F)CCF,551.491,5.294,,4.686,73.020,0,4,9,-6.001,2,-5.624,1.800,
R3,emap3_Bn-3F_4CF3_CH2CF2CH2CHF2,CCN(Cc1c(F)ccc(C(F)(F)F)c1)C(=O)Cn2c3c(cnc(n3)c4ccccc4)n(c2=O)C(F)C(F)F,555.454,5.200,,4.591,73.020,0,4,8,-6.032,2,-6.848,1.800,
R3,emap3_Bn-3F_4CF3_CH2CF2CH2CF3,CCN(Cc1c(F)ccc(C(F)(F)F)c1)C(=O)Cn2c3c(cnc(n3)c4ccccc4)n(c2=O)C(F)C(F)(F)F,573.444,5.497,,4.889,73.020,0,4,7,-6.396,2,-5.772,1.800,
R3,emap3_Bn-3F_4CF3_OCH2CF2CH2CH2F,CCN(Cc1c(F)ccc(C(F)(F)F)c1)C(=O)Cn2c3c(cnc(n3)c4ccccc4)n(c2=O)COC(F)CCF,581.517,5.096,,4.410,82.250,0,5,11,-5.930,2,-5.514,2.400,
R3,emap3_Bn-3F_4CF3_OCH2CH2CF2CH2CH2F,CCN(Cc1c(F)ccc(C(F)(F)F)c1)C(=O)Cn2c3c(cnc(n3)c4ccccc4)n(c2=O)COCC(F)CCF,595.544,5.138,,4.453,82.250,0,5,12,-5.978,2,-5.689,2.400,
R3,emap3_Bn-3F_4CF3_CH2CH2CF2CH2CH2CHF2,CCN(Cc1c(F)ccc(C(F)(F)F)c1)C(=O)Cn2c3c(cnc(n3)c4ccccc4)n(c2=O)CC(F)CC(F)F,583.508,5.460,,4.851,73.020,0,4,10,-6.237,2,-5.931,1.800,
R3,emap3_Bn-3F_4CF3_CH2CH2CF2CH2CH2CF3,CCN(Cc1c(F)ccc(C(F)(F)F)c1)C(=O)Cn2c3c(cnc(n3)c4ccccc4)n(c2=O)CC(F)CC(F)(F)F,601.498,5.757,,5.149,73.020,0,4,9,-6.602,2,-6.871,1.800,
R3,emap3_Bn-3Cl_4CF3_Me,CCN(Cc1c(Cl)ccc(C(F)(F)F)c1)C(=O)Cn2c3c(cnc(n3)c4ccccc4)n(c2=O)C,503.912,4.518,,3.909,73.020,0,4,6,-5.415,1,-5.128,3.600,
R3,emap3_Bn-3Cl_4CF3_Et,CCN(Cc1c(Cl)ccc(C(F)(F)F)c1)C(=O)Cn2c3c(cnc(n3)c4ccccc4)n(c2=O)CC,517.939,5.001,,4.392,73.020,0,4,7,-5.740,1,-4.989,3.000,
R3,emap3_Bn-3Cl_4CF3_nPr,CCN(Cc1c(Cl)ccc(C(F)(F)F)c1)C(=O)Cn2c3c(cnc(n3)c4ccccc4)n(c2=O)CCC,531.966,5.391,,4.782,73.020,0,4,8,-6.006,2,-4.865,2.400,
R3,emap3_Bn-3Cl_4CF3_nBu,CCN(Cc1c(Cl)ccc(C(F)(F)F)c1)C(=O)Cn2c3c(cnc(n3)c4ccccc4)n(c2=O)CCCC,545.993,5.781,,5.173,73.020,0,4,9,-6.273,2,-4.989,2.400,
R3,emap3_Bn-3Cl_4CF3_CH2F,CCN(Cc1c(Cl)ccc(C(F)(F)F)c1)C(=O)Cn2c3c(cnc(n3)c4ccccc4)n(c2=O)CF,521.902,4.908,,4.299,73.020,0,4,7,-5.706,1,-6.786,3.000,
R3,emap3_Bn-3Cl_4CF3_CH2CH2F,CCN(Cc1c(Cl)ccc(C(F)(F)F)c1)C(=O)Cn2c3c(cnc(n3)c4ccccc4)n(c2=O)CCF,535.929,4.950,,4.342,73.020,0,4,8,-5.754,1,-4.895,3.000,
R3,emap3_Bn-3Cl_4CF3_CH2CH2CH2F,CCN(Cc1c(Cl)ccc(C(F)(F)F)c1)C(=O)Cn2c3c(cnc(n3)c4ccccc4)n(c2=O)CCCF,549.956,5.341,,4.732,73.020,0,4,9,-6.020,2,-4.883,2.400,
R3,emap3_Bn-3Cl_4CF3_CH2CHF2,CCN(Cc1c(Cl)ccc(C(F)(F)F)c1)C(=O)Cn2c3c(cnc(n3)c4ccccc4)n(c2=O)C(F)F,539.892,5.376,,4.768,73.020,0,4,7,-6.112,2,-5.040,2.400,
R3,emap3_Bn-3Cl_4CF3_CH2CH2CHF2,CCN(Cc1c(Cl)ccc(C(F)(F)F)c1)C(=O)Cn2c3c(cnc(n3)c4ccccc4)n(c2=O)CC(F)F,553.919,5.246,,4.638,73.020,0,4,8,-6.051,2,-5.092,1.800,
R3,emap3_Bn-3Cl_4CF3_CH2CH2CH2CHF2,CCN(Cc1c(Cl)ccc(C(F)(F)F)c1)C(=O)Cn2c3c(cnc(n3)c4ccccc4)n(c2=O)CCC(F)F,567.946,5.636,,5.028,73.020,0,4,9,-6.318,2,-5.769,1.800,
R3,emap3_Bn-3Cl_4CF3_CH2CF3,CCN(Cc1c(Cl)ccc(C(F)(F)F)c1)C(=O)Cn2c3c(cnc(n3)c4ccccc4)n(c2=O)C(F)(F)F,557.882,5.457,,4.849,73.020,0,4,6,-6.341,2,-5.704,1.800,
R3,emap3_Bn-3Cl_4CF3_CH2CH2CF3,CCN(Cc1c(Cl)ccc(C(F)(F)F)c1)C(=O)Cn2c3c(cnc(n3)c4ccccc4)n(c2=O)CC(F)(F)F,571.909,5.543,,4.935,73.020,0,4,7,-6.416,2,-7.037,1.800,
R3,emap3_Bn-3Cl_4CF3_CH2CH2CH2CF3,CCN(Cc1c(Cl)ccc(C(F)(F)F)c1)C(=O)Cn2c3c(cnc(n3)c4ccccc4)n(c2=O)CCC(F)(F)F,585.936,5.933,,5.325,73.020,0,4,8,-6.683,2,-6.814,1.800,
R3,emap3_Bn-3Cl_4CF3_OCH2F,CCN(Cc1c(Cl)ccc(C(F)(F)F)c1)C(=O)Cn2c3c(cnc(n3)c4ccccc4)n(c2=O)COF,537.901,4.840,,4.154,82.250,0,5,8,-5.696,1,-4.814,3.000,
R3,emap3_Bn-3Cl_4CF3_OCH2CHF2,CCN(Cc1c(Cl)ccc(C(F)(F)F)c1)C(=O)Cn2c3c(cnc(n3)c4ccccc4)n(c2=O)COC(F)F,569.918,5.178,,4.492,82.250,0,5,9,-6.041,2,-4.973,2.400,
R3,emap3_Bn-3Cl_4CF3_OCH2CF3,CCN(Cc1c(Cl)ccc(C(F)(F)F)c1)C(=O)Cn2c3c(cnc(n3)c4ccccc4)n(c2=O)COC(F)(F)F,587.908,5.475,,4.789,82.250,0,5,8,-6.406,2,-6.787,1.800,
R3,emap3_Bn-3Cl_4CF3_OCH2CH2F,CCN(Cc1c(Cl)ccc(C(F)(F)F)c1)C(=O)Cn2c3c(cnc(n3)c4ccccc4)n(c2=O)COCF,551.928,4.882,,4.197,82.250,0,5,9,-5.744,2,-6.319,2.400,
R3,emap3_Bn-3Cl_4CF3_OCH2CH2CF3,CCN(Cc1c(Cl)ccc(C(F)(F)F)c1)C(=O)Cn2c3c(cnc(n3)c4ccccc4)n(c2=O)COCC(F)(F)F,601.935,5.517,,4.832,82.250,0,5,9,-6.454,2,-6.048,1.800,
R3,emap3_Bn-3Cl_4CF3_OCH2CH2CHF2,CCN(Cc1c(Cl)ccc(C(F)(F)F)c1)C(=O)Cn2c3c(cnc(n3)c4ccccc4)n(c2=O)COCC(F)F,583.945,5.220,,4.535,82.250,0,5,10,-6.089,2,-4.951,1.800,
R3,emap3_Bn-3Cl_4CF3_OCH2CH2CH2F,CCN(Cc1c(Cl)ccc(C(F)(F)F)c1)C(=O)Cn2c3c(cnc(n3)c4ccccc4)n(c2=O)COCCF,565.955,4.925,,4.239,82.250,0,5,10,-5.791,2,-5.335,2.400,
R3,emap3_Bn-3Cl_4CF3_OCH2CH2CH2CF3,CCN(Cc1c(Cl)ccc(C(F)(F)F)c1)C(=O)Cn2c3c(cnc(n3)c4ccccc4)n(c2=O)COCCC(F)(F)F,615.962,5.907,,5.222,82.250,0,5,10,-6.721,2,-5.898,1.800,
R3,emap3_Bn-3Cl_4CF3_CH2SiMe3,CCN(Cc1c(Cl)ccc(C(F)(F)F)c1)C(=O)Cn2c3c(cnc(n3)c4ccccc4)n(c2=O)C[Si](C)(C)C,576.095,5.858,,5.250,73.020,0,4,8,-6.575,2,-5.307,1.800,
R3,emap3_Bn-3Cl_4CF3_CH2CH2SiMe3,CCN(Cc1c(Cl)ccc(C(F)(F)F)c1)C(=O)Cn2c3c(cnc(n3)c4ccccc4)n(c2=O)CC[Si](C)(C)C,590.122,6.319,,5.711,73.020,0,4,9,-6.886,2,-6.513,1.800,
R3,emap3_Bn-3Cl_4CF3_OSiMe3,CCN(Cc1c(Cl)ccc(C(F)(F)F)c1)C(=O)Cn2c3c(cnc(n3)c4ccccc4)n(c2=O)O[Si](C)(C)C,578.067,5.244,,4.559,82.250,0,5,8,-6.200,2,-5.162,1.800,
R3,emap3_Bn-3Cl_4CF3_CH2SiEt3,CCN(Cc1c(Cl)ccc(C(F)(F)F)c1)C(=O)Cn2c3c(cnc(n3)c4ccccc4)n(c2=O)C[Si](CC)(CC)CC,618.176,7.029,,6.420,73.020,0,4,11,-7.375,2,-5.880,1.800,
R3,emap3_Bn-3Cl_4CF3_tBu,CCN(Cc1c(Cl)ccc(C(F)(F)F)c1)C(=O)Cn2c3c(cnc(n3)c4ccccc4)n(c2=O)C(C)(C)C,545.993,5.736,,5.127,73.020,0,4,6,-6.443,2,-5.479,2.400,
R3,emap3_Bn-3Cl_4CF3_BnCH2,CCN(Cc1c(Cl)ccc(C(F)(F)F)c1)C(=O)Cn2c3c(cnc(n3)c4ccccc4)n(c2=O)Cc1ccccc1C,594.037,6.338,,5.729,73.020,0,4,8,-6.988,2,-6.018,1.800,
R3,emap3_Bn-3Cl_4CF3_PhCH2F,CCN(Cc1c(Cl)ccc(C(F)(F)F)c1)C(=O)Cn2c3c(cnc(n3)c4ccccc4)n(c2=O)c1ccccc1CF,598.000,6.440,,5.831,73.020,0,4,8,-7.077,2,-6.270,1.800,
R3,emap3_Bn-3Cl_4CF3_OCH2CF2H,CCN(Cc1c(Cl)ccc(C(F)(F)F)c1)C(=O)Cn2c3c(cnc(n3)c4ccccc4)n(c2=O)COC(F)F,569.918,5.178,,4.492,82.250,0,5,9,-6.041,2,-5.631,2.400,
R3,emap3_Bn-3Cl_4CF3_OCH2CH2CF2H,CCN(Cc1c(Cl)ccc(C(F)(F)F)c1)C(=O)Cn2c3c(cnc(n3)c4ccccc4)n(c2=O)COCC(F)F,583.945,5.220,,4.535,82.250,0,5,10,-6.089,2,-6.532,1.800,
R3,emap3_Bn-3Cl_4CF3_CH2CF2H,CCN(Cc1c(Cl)ccc(C(F)(F)F)c1)C(=O)Cn2c3c(cnc(n3)c4ccccc4)n(c2=O)C(F)F,539.892,5.376,,4.768,73.020,0,4,7,-6.112,2,-5.073,2.400,
R3,emap3_Bn-3Cl_4CF3_CH2CH2CF2H,CCN(Cc1c(Cl)ccc(C(F)(F)F)c1)C(=O)Cn2c3c(cnc(n3)c4ccccc4)n(c2=O)CC(F)F,553.919,5.246,,4.638,73.020,0,4,8,-6.051,2,-4.952,1.800,
R3,emap3_Bn-3Cl_4CF3_OCH2CH2CH2CHF2,CCN(Cc1c(Cl)ccc(C(F)(F)F)c1)C(=O)Cn2c3c(cnc(n3)c4ccccc4)n(c2=O)COCCC(F)F,597.972,5.610,,4.925,82.250,0,5,11,-6.356,2,-6.030,1.800,
R3,emap3_Bn-3Cl_4CF3_CH2CH2CF2CF3,CCN(Cc1c(Cl)ccc(C(F)(F)F)c1)C(=O)Cn2c3c(cnc(n3)c4ccccc4)n(c2=O)CC(F)C(F)(F)F,603.926,5.881,,5.273,73.020,0,4,8,-6.762,2,-5.625,1.800,
R3,emap3_Bn-3Cl_4CF3_CH2CF2CF3,CCN(Cc1c(Cl)ccc(C(F)(F)F)c1)C(=O)Cn2c3c(cnc(n3)c4ccccc4)n(c2=O)C(F)C(F)(F)F,589.899,6.011,,5.403,73.020,0,4,7,-6.822,2,-5.689,1.800,
R3,emap3_Bn-3Cl_4CF3_CH2CH2CH2CF2CF3,CCN(Cc1c(Cl)ccc(C(F)(F)F)c1)C(=O)Cn2c3c(cnc(n3)c4ccccc4)n(c2=O)CCC(F)C(F)(F)F,617.953,6.271,,5.663,73.020,0,4,9,-7.028,2,-5.908,1.800,
R3,emap3_Bn-3Cl_4CF3_CH2CH2CF2CH3,CCN(Cc1c(Cl)ccc(C(F)(F)F)c1)C(=O)Cn2c3c(cnc(n3)c4ccccc4)n(c2=O)CC(F)C,549.956,5.339,,4.730,73.020,0,4,8,-6.085,2,-4.937,2.400,
R3,emap3_Bn-3Cl_4CF3_OCH2CF2CF3,CCN(Cc1c(Cl)ccc(C(F)(F)F)c1)C(=O)Cn2c3c(cnc(n3)c4ccccc4)n(c2=O)COC(F)C(F)(F)F,619.925,5.813,,5.127,82.250,0,5,9,-6.752,2,-5.751,1.800,
R3,emap3_Bn-3Cl_4CF3_OCH2CF2CH3,CCN(Cc1c(Cl)ccc(C(F)(F)F)c1)C(=O)Cn2c3c(cnc(n3)c4ccccc4)n(c2=O)COC(F)C,565.955,5.271,,4.585,82.250,0,5,9,-6.075,2,-5.698,1.800,
R3,emap3_Bn-3Cl_4CF3_OCH2CH2CF2CF3,CCN(Cc1c(Cl)ccc(C(F)(F)F)c1)C(=O)Cn2c3c(cnc(n3)c4ccccc4)n(c2=O)COCC(F)C(F)(F)F,633.952,5.855,,5.170,82.250,0,5,10,-6.799,2,-7.225,1.800,
R3,emap3_Bn-3Cl_4CF3_CH2CF2CH2F,CCN(Cc1c(Cl)ccc(C(F)(F)F)c1)C(=O)Cn2c3c(cnc(n3)c4ccccc4)n(c2=O)C(F)CF,553.919,5.419,,4.810,73.020,0,4,8,-6.160,2,-5.295,1.800,
R3,emap3_Bn-3Cl_4CF3_CH2CH2CF2CH2F,CCN(Cc1c(Cl)ccc(C(F)(F)F)c1)C(=O)Cn2c3c(cnc(n3)c4ccccc4)n(c2=O)CC(F)CF,567.946,5.289,,4.680,73.020,0,4,9,-6.099,2,-6.797,1.800,
R3,emap3_Bn-3Cl_4CF3_OCH2CF2CH2F,CCN(Cc1c(Cl)ccc(C(F)(F)F)c1)C(=O)Cn2c3c(cnc(n3)c4ccccc4)n(c2=O)COC(F)CF,583.945,5.220,,4.535,82.250,0,5,10,-6.089,2,-5.448,1.800,
R3,emap3_Bn-3Cl_4CF3_CH2CH2CF2CH2CHF2,CCN(Cc1c(Cl)ccc(C(F)(F)F)c1)C(=O)Cn2c3c(cnc(n3)c4ccccc4)n(c2=O)CC(F)C(F)F,585.936,5.584,,4.976,73.020,0,4,9,-6.397,2,-5.827,1.800,
R3,emap3_Bn-3Cl_4CF3_CH2CH2CF2CH2CF3,CCN(Cc1c(Cl)ccc(C(F)(F)F)c1)C(=O)Cn2c3c(cnc(n3)c4ccccc4)n(c2=O)CC(F)C(F)(F)F,603.926,5.881,,5.273,73.020,0,4,8,-6.762,2,-5.639,1.800,
R3,emap3_Bn-3Cl_4CF3_OCH2CH2CF2CH2F,CCN(Cc1c(Cl)ccc(C(F)(F)F)c1)C(=O)Cn2c3c(cnc(n3)c4ccccc4)n(c2=O)COCC(F)CF,597.972,5.263,,4.577,82.250,0,5,11,-6.137,2,-5.829,1.800,
R3,emap3_Bn-3Cl_4CF3_CH2CH2CF2CH2CH2F,CCN(Cc1c(Cl)ccc(C(F)(F)F)c1)C(=O)Cn2c3c(cnc(n3)c4ccccc4)n(c2=O)CC(F)CCF,581.973,5.679,,5.070,73.020,0,4,10,-6.366,2,-6.715,1.800,
R3,emap3_Bn-3Cl_4CF3_CH2CF2CH2CH2F,CCN(Cc1c(Cl)ccc(C(F)(F)F)c1)C(=O)Cn2c3c(cnc(n3)c4ccccc4)n(c2=O)C(F)CCF,567.946,5.809,,5.200,73.020,0,4,9,-6.427,2,-5.629,1.800,
R3,emap3_Bn-3Cl_4CF3_CH2CF2CH2CHF2,CCN(Cc1c(Cl)ccc(C(F)(F)F)c1)C(=O)Cn2c3c(cnc(n3)c4ccccc4)n(c2=O)C(F)C(F)F,571.909,5.714,,5.106,73.020,0,4,8,-6.458,2,-5.425,1.800,
R3,emap3_Bn-3Cl_4CF3_CH2CF2CH2CF3,CCN(Cc1c(Cl)ccc(C(F)(F)F)c1)C(=O)Cn2c3c(cnc(n3)c4ccccc4)n(c2=O)C(F)C(F)(F)F,589.899,6.011,,5.403,73.020,0,4,7,-6.822,2,-5.724,1.800,
R3,emap3_Bn-3Cl_4CF3_OCH2CF2CH2CH2F,CCN(Cc1c(Cl)ccc(C(F)(F)F)c1)C(=O)Cn2c3c(cnc(n3)c4ccccc4)n(c2=O)COC(F)CCF,597.972,5.610,,4.925,82.250,0,5,11,-6.356,2,-5.760,1.800,
R3,emap3_Bn-3Cl_4CF3_OCH2CH2CF2CH2CH2F,CCN(Cc1c(Cl)ccc(C(F)(F)F)c1)C(=O)Cn2c3c(cnc(n3)c4ccccc4)n(c2=O)COCC(F)CCF,611.999,5.653,,4.967,82.250,0,5,12,-6.404,2,-5.045,1.800,
R3,emap3_Bn-3Cl_4CF3_CH2CH2CF2CH2CH2CHF2,CCN(Cc1c(Cl)ccc(C(F)(F)F)c1)C(=O)Cn2c3c(cnc(n3)c4ccccc4)n(c2=O)CC(F)CC(F)F,599.963,5.974,,5.366,73.020,0,4,10,-6.664,2,-5.851,1.800,
R3,emap3_Bn-3Cl_4CF3_CH2CH2CF2CH2CH2CF3,CCN(Cc1c(Cl)ccc(C(F)(F)F)c1)C(=O)Cn2c3c(cnc(n3)c4ccccc4)n(c2=O)CC(F)CC(F)(F)F,617.953,6.271,,5.663,73.020,0,4,9,-7.028,2,-6.861,1.800,
R3,emap3_Bn-3F_4OMe_Me,CCN(Cc1c(F)ccc(OC)c1)C(=O)Cn2c3c(cnc(n3)c4ccccc4)n(c2=O)C,449.486,2.993,,2.308,82.250,0,5,7,-4.051,0,-6.266,5.400,
R3,emap3_Bn-3F_4OMe_Et,CCN(Cc1c(F)ccc(OC)c1)C(=O)Cn2c3c(cnc(n3)c4ccccc4)n(c2=O)CC,463.513,3.476,,2.791,82.250,0,5,8,-4.376,0,-5.708,5.400,
R3,emap3_Bn-3F_4OMe_nPr,CCN(Cc1c(F)ccc(OC)c1)C(=O)Cn2c3c(cnc(n3)c4ccccc4)n(c2=O)CCC,477.540,3.866,,3.181,82.250,0,5,9,-4.643,0,-4.928,5.400,
R3,emap3_Bn-3F_4OMe_nBu,CCN(Cc1c(F)ccc(OC)c1)C(=O)Cn2c3c(cnc(n3)c4ccccc4)n(c2=O)CCCC,491.567,4.257,,3.571,82.250,0,5,10,-4.909,0,-5.941,4.800,
R3,emap3_Bn-3F_4OMe_CH2F,CCN(Cc1c(F)ccc(OC)c1)C(=O)Cn2c3c(cnc(n3)c4ccccc4)n(c2=O)CF,467.476,3.383,,2.698,82.250,0,5,8,-4.342,0,-5.803,5.400,
R3,emap3_Bn-3F_4OMe_CH2CH2F,CCN(Cc1c(F)ccc(OC)c1)C(=O)Cn2c3c(cnc(n3)c4ccccc4)n(c2=O)CCF,481.503,3.426,,2.740,82.250,0,5,9,-4.390,0,-6.070,5.400,
R3,emap3_Bn-3F_4OMe_CH2CH2CH2F,CCN(Cc1c(F)ccc(OC)c1)C(=O)Cn2c3c(cnc(n3)c4ccccc4)n(c2=O)CCCF,495.530,3.816,,3.131,82.250,0,5,10,-4.656,0,-5.914,5.400,
R3,emap3_Bn-3F_4OMe_CH2CHF2,CCN(Cc1c(F)ccc(OC)c1)C(=O)Cn2c3c(cnc(n3)c4ccccc4)n(c2=O)C(F)F,485.466,3.852,,3.166,82.250,0,5,8,-4.748,0,-6.511,5.400,
R3,emap3_Bn-3F_4OMe_CH2CH2CHF2,CCN(Cc1c(F)ccc(OC)c1)C(=O)Cn2c3c(cnc(n3)c4ccccc4)n(c2=O)CC(F)F,499.493,3.722,,3.036,82.250,0,5,9,-4.687,0,-6.279,5.400,
R3,emap3_Bn-3F_4OMe_CH2CH2CH2CHF2,CCN(Cc1c(F)ccc(OC)c1)C(=O)Cn2c3c(cnc(n3)c4ccccc4)n(c2=O)CCC(F)F,513.520,4.112,,3.426,82.250,0,5,10,-4.954,1,-6.573,4.200,
R3,emap3_Bn-3F_4OMe_CH2CF3,CCN(Cc1c(F)ccc(OC)c1)C(=O)Cn2c3c(cnc(n3)c4ccccc4)n(c2=O)C(F)(F)F,503.456,3.933,,3.247,82.250,0,5,7,-4.977,1,-5.993,4.800,
R3,emap3_Bn-3F_4OMe_CH2CH2CF3,CCN(Cc1c(F)ccc(OC)c1)C(=O)Cn2c3c(cnc(n3)c4ccccc4)n(c2=O)CC(F)(F)F,517.483,4.019,,3.333,82.250,0,5,8,-5.052,1,-6.419,4.200,
R3,emap3_Bn-3F_4OMe_CH2CH2CH2CF3,CCN(Cc1c(F)ccc(OC)c1)C(=O)Cn2c3c(cnc(n3)c4ccccc4)n(c2=O)CCC(F)(F)F,531.510,4.409,,3.723,82.250,0,5,9,-5.319,1,-6.426,4.200,
R3,emap3_Bn-3F_4OMe_OCH2F,CCN(Cc1c(F)ccc(OC)c1)C(=O)Cn2c3c(cnc(n3)c4ccccc4)n(c2=O)COF,483.475,3.315,,2.553,91.480,0,6,9,-4.332,1,-5.993,4.800,
R3,emap3_Bn-3F_4OMe_OCH2CHF2,CCN(Cc1c(F)ccc(OC)c1)C(=O)Cn2c3c(cnc(n3)c4ccccc4)n(c2=O)COC(F)F,515.492,3.653,,2.891,91.480,0,6,10,-4.678,2,-6.291,4.200,
R3,emap3_Bn-3F_4OMe_OCH2CF3,CCN(Cc1c(F)ccc(OC)c1)C(=O)Cn2c3c(cnc(n3)c4ccccc4)n(c2=O)COC(F)(F)F,533.482,3.950,,3.188,91.480,0,6,9,-5.042,2,-6.331,4.200,
R3,emap3_Bn-3F_4OMe_OCH2CH2F,CCN(Cc1c(F)ccc(OC)c1)C(=O)Cn2c3c(cnc(n3)c4ccccc4)n(c2=O)COCF,497.502,3.358,,2.595,91.480,0,6,10,-4.380,1,-5.761,4.800,
R3,emap3_Bn-3F_4OMe_OCH2CH2CF3,CCN(Cc1c(F)ccc(OC)c1)C(=O)Cn2c3c(cnc(n3)c4ccccc4)n(c2=O)COCC(F)(F)F,547.509,3.993,,3.230,91.480,0,6,10,-5.090,2,-6.110,4.200,
R3,emap3_Bn-3F_4OMe_OCH2CH2CHF2,CCN(Cc1c(F)ccc(OC)c1)C(=O)Cn2c3c(cnc(n3)c4ccccc4)n(c2=O)COCC(F)F,529.519,3.696,,2.933,91.480,0,6,11,-4.725,2,-5.938,4.200,
R3,emap3_Bn-3F_4OMe_OCH2CH2CH2F,CCN(Cc1c(F)ccc(OC)c1)C(=O)Cn2c3c(cnc(n3)c4ccccc4)n(c2=O)COCCF,511.529,3.400,,2.638,91.480,0,6,11,-4.427,2,-6.287,4.200,
R3,emap3_Bn-3F_4OMe_OCH2CH2CH2CF3,CCN(Cc1c(F)ccc(OC)c1)C(=O)Cn2c3c(cnc(n3)c4ccccc4)n(c2=O)COCCC(F)(F)F,561.536,4.383,,3.621,91.480,0,6,11,-5.357,2,-5.150,3.000,
R3,emap3_Bn-3F_4OMe_CH2SiMe3,CCN(Cc1c(F)ccc(OC)c1)C(=O)Cn2c3c(cnc(n3)c4ccccc4)n(c2=O)C[Si](C)(C)C,521.669,4.334,,3.648,82.250,0,5,9,-5.211,1,-5.349,4.200,
R3,emap3_Bn-3F_4OMe_CH2CH2SiMe3,CCN(Cc1c(F)ccc(OC)c1)C(=O)Cn2c3c(cnc(n3)c4ccccc4)n(c2=O)CC[Si](C)(C)C,535.696,4.795,,4.109,82.250,0,5,10,-5.522,1,-5.815,3.000,
R3,emap3_Bn-3F_4OMe_OSiMe3,CCN(Cc1c(F)ccc(OC)c1)C(=O)Cn2c3c(cnc(n3)c4ccccc4)n(c2=O)O[Si](C)(C)C,523.641,3.720,,2.958,91.480,0,6,9,-4.836,2,-5.010,4.200,
R3,emap3_Bn-3F_4OMe_CH2SiEt3,CCN(Cc1c(F)ccc(OC)c1)C(=O)Cn2c3c(cnc(n3)c4ccccc4)n(c2=O)C[Si](CC)(CC)CC,563.750,5.504,,4.819,82.250,0,5,12,-6.011,2,-6.042,1.800,
R3,emap3_Bn-3F_4OMe_tBu,CCN(Cc1c(F)ccc(OC)c1)C(=O)Cn2c3c(cnc(n3)c4ccccc4)n(c2=O)C(C)(C)C,491.567,4.211,,3.526,82.250,0,5,7,-5.079,0,-6.087,4.800,
R3,emap3_Bn-3F_4OMe_BnCH2,CCN(Cc1c(F)ccc(OC)c1)C(=O)Cn2c3c(cnc(n3)c4ccccc4)n(c2=O)Cc1ccccc1C,539.611,4.813,,4.128,82.250,0,5,9,-5.624,1,-5.525,3.000,
R3,emap3_Bn-3F_4OMe_PhCH2F,CCN(Cc1c(F)ccc(OC)c1)C(=O)Cn2c3c(cnc(n3)c4ccccc4)n(c2=O)c1ccccc1CF,543.574,4.915,,4.230,82.250,0,5,9,-5.713,1,-6.646,3.000,
R3,emap3_Bn-3F_4OMe_OCH2CF2H,CCN(Cc1c(F)ccc(OC)c1)C(=O)Cn2c3c(cnc(n3)c4ccccc4)n(c2=O)COC(F)F,515.492,3.653,,2.891,91.480,0,6,10,-4.678,2,-6.253,4.200,
R3,emap3_Bn-3F_4OMe_OCH2CH2CF2H,CCN(Cc1c(F)ccc(OC)c1)C(=O)Cn2c3c(cnc(n3)c4ccccc4)n(c2=O)COCC(F)F,529.519,3.696,,2.933,91.480,0,6,11,-4.725,2,-5.958,4.200,
R3,emap3_Bn-3F_4OMe_CH2CF2H,CCN(Cc1c(F)ccc(OC)c1)C(=O)Cn2c3c(cnc(n3)c4ccccc4)n(c2=O)C(F)F,485.466,3.852,,3.166,82.250,0,5,8,-4.748,0,-6.052,5.400,
R3,emap3_Bn-3F_4OMe_CH2CH2CF2H,CCN(Cc1c(F)ccc(OC)c1)C(=O)Cn2c3c(cnc(n3)c4ccccc4)n(c2=O)CC(F)F,499.493,3.722,,3.036,82.250,0,5,9,-4.687,0,-5.999,5.400,
R3,emap3_Bn-3F_4OMe_OCH2CH2CH2CHF2,CCN(Cc1c(F)ccc(OC)c1)C(=O)Cn2c3c(cnc(n3)c4ccccc4)n(c2=O)COCCC(F)F,543.546,4.086,,3.323,91.480,0,6,12,-4.992,2,-6.092,3.600,
R3,emap3_Bn-3F_4OMe_CH2CH2CF2CF3,CCN(Cc1c(F)ccc(OC)c1)C(=O)Cn2c3c(cnc(n3)c4ccccc4)n(c2=O)CC(F)C(F)(F)F,549.500,4.357,,3.671,82.250,0,5,9,-5.398,1,-6.450,4.200,
R3,emap3_Bn-3F_4OMe_CH2CF2CF3,CCN(Cc1c(F)ccc(OC)c1)C(=O)Cn2c3c(cnc(n3)c4ccccc4)n(c2=O)C(F)C(F)(F)F,535.473,4.487,,3.801,82.250,0,5,8,-5.459,1,-6.710,4.200,
R3,emap3_Bn-3F_4OMe_CH2CH2CH2CF2CF3,CCN(Cc1c(F)ccc(OC)c1)C(=O)Cn2c3c(cnc(n3)c4ccccc4)n(c2=O)CCC(F)C(F)(F)F,563.527,4.747,,4.061,82.250,0,5,10,-5.664,2,-6.447,2.400,
R3,emap3_Bn-3F_4OMe_CH2CH2CF2CH3,CCN(Cc1c(F)ccc(OC)c1)C(=O)Cn2c3c(cnc(n3)c4ccccc4)n(c2=O)CC(F)C,495.530,3.814,,3.129,82.250,0,5,9,-4.721,0,-6.070,5.400,
R3,emap3_Bn-3F_4OMe_OCH2CF2CF3,CCN(Cc1c(F)ccc(OC)c1)C(=O)Cn2c3c(cnc(n3)c4ccccc4)n(c2=O)COC(F)C(F)(F)F,565.499,4.288,,3.526,91.480,0,6,10,-5.388,2,-6.332,3.000,
R3,emap3_Bn-3F_4OMe_OCH2CF2CH3,CCN(Cc1c(F)ccc(OC)c1)C(=O)Cn2c3c(cnc(n3)c4ccccc4)n(c2=O)COC(F)C,511.529,3.746,,2.984,91.480,0,6,10,-4.711,2,-6.269,4.200,
R3,emap3_Bn-3F_4OMe_OCH2CH2CF2CF3,CCN(Cc1c(F)ccc(OC)c1)C(=O)Cn2c3c(cnc(n3)c4ccccc4)n(c2=O)COCC(F)C(F)(F)F,579.526,4.331,,3.569,91.480,0,6,11,-5.436,2,-5.894,3.000,
R3,emap3_Bn-3F_4OMe_CH2CF2CH2F,CCN(Cc1c(F)ccc(OC)c1)C(=O)Cn2c3c(cnc(n3)c4ccccc4)n(c2=O)C(F)CF,499.493,3.894,,3.209,82.250,0,5,9,-4.796,0,-6.103,5.400,
R3,emap3_Bn-3F_4OMe_CH2CH2CF2CH2F,CCN(Cc1c(F)ccc(OC)c1)C(=O)Cn2c3c(cnc(n3)c4ccccc4)n(c2=O)CC(F)CF,513.520,3.764,,3.079,82.250,0,5,10,-4.735,1,-6.510,4.800,
R3,emap3_Bn-3F_4OMe_OCH2CF2CH2F,CCN(Cc1c(F)ccc(OC)c1)C(=O)Cn2c3c(cnc(n3)c4ccccc4)n(c2=O)COC(F)CF,529.519,3.696,,2.933,91.480,0,6,11,-4.725,2,-5.951,4.200,
R3,emap3_Bn-3F_4OMe_CH2CH2CF2CH2CHF2,CCN(Cc1c(F)ccc(OC)c1)C(=O)Cn2c3c(cnc(n3)c4ccccc4)n(c2=O)CC(F)C(F)F,531.510,4.060,,3.374,82.250,0,5,10,-5.033,1,-6.205,4.200,
R3,emap3_Bn-3F_4OMe_CH2CH2CF2CH2CF3,CCN(Cc1c(F)ccc(OC)c1)C(=O)Cn2c3c(cnc(n3)c4ccccc4)n(c2=O)CC(F)C(F)(F)F,549.500,4.357,,3.671,82.250,0,5,9,-5.398,1,-6.463,4.200,
R3,emap3_Bn-3F_4OMe_OCH2CH2CF2CH2F,CCN(Cc1c(F)ccc(OC)c1)C(=O)Cn2c3c(cnc(n3)c4ccccc4)n(c2=O)COCC(F)CF,543.546,3.738,,2.976,91.480,0,6,12,-4.773,2,-4.644,4.200,
R3,emap3_Bn-3F_4OMe_CH2CH2CF2CH2CH2F,CCN(Cc1c(F)ccc(OC)c1)C(=O)Cn2c3c(cnc(n3)c4ccccc4)n(c2=O)CC(F)CCF,527.547,4.154,,3.469,82.250,0,5,11,-5.002,1,-6.011,4.200,
R3,emap3_Bn-3F_4OMe_CH2CF2CH2CH2F,CCN(Cc1c(F)ccc(OC)c1)C(=O)Cn2c3c(cnc(n3)c4ccccc4)n(c2=O)C(F)CCF,513.520,4.284,,3.599,82.250,0,5,10,-5.063,1,-5.982,4.200,
R3,emap3_Bn-3F_4OMe_CH2CF2CH2CHF2,CCN(Cc1c(F)ccc(OC)c1)C(=O)Cn2c3c(cnc(n3)c4ccccc4)n(c2=O)C(F)C(F)F,517.483,4.190,,3.504,82.250,0,5,9,-5.094,1,-4.881,4.200,
R3,emap3_Bn-3F_4OMe_CH2CF2CH2CF3,CCN(Cc1c(F)ccc(OC)c1)C(=O)Cn2c3c(cnc(n3)c4ccccc4)n(c2=O)C(F)C(F)(F)F,535.473,4.487,,3.801,82.250,0,5,8,-5.459,1,-6.107,4.200,
R3,emap3_Bn-3F_4OMe_OCH2CF2CH2CH2F,CCN(Cc1c(F)ccc(OC)c1)C(=O)Cn2c3c(cnc(n3)c4ccccc4)n(c2=O)COC(F)CCF,543.546,4.086,,3.323,91.480,0,6,12,-4.992,2,-4.811,3.600,
R3,emap3_Bn-3F_4OMe_OCH2CH2CF2CH2CH2F,CCN(Cc1c(F)ccc(OC)c1)C(=O)Cn2c3c(cnc(n3)c4ccccc4)n(c2=O)COCC(F)CCF,557.573,4.128,,3.366,91.480,0,6,13,-5.040,2,-4.753,3.000,
R3,emap3_Bn-3F_4OMe_CH2CH2CF2CH2CH2CHF2,CCN(Cc1c(F)ccc(OC)c1)C(=O)Cn2c3c(cnc(n3)c4ccccc4)n(c2=O)CC(F)CC(F)F,545.537,4.450,,3.764,82.250,0,5,11,-5.300,1,-6.284,4.200,
R3,emap3_Bn-3F_4OMe_CH2CH2CF2CH2CH2CF3,CCN(Cc1c(F)ccc(OC)c1)C(=O)Cn2c3c(cnc(n3)c4ccccc4)n(c2=O)CC(F)CC(F)(F)F,563.527,4.747,,4.061,82.250,0,5,10,-5.664,2,-5.533,2.400,
R3,emap3_Bn-3CF3_4F_Me,CCN(Cc1c(C(F)(F)F)ccc(F)c1)C(=O)Cn2c3c(cnc(n3)c4ccccc4)n(c2=O)C,487.457,4.004,,3.395,73.020,0,4,6,-4.989,0,-6.715,4.800,
R3,emap3_Bn-3CF3_4F_Et,CCN(Cc1c(C(F)(F)F)ccc(F)c1)C(=O)Cn2c3c(cnc(n3)c4ccccc4)n(c2=O)CC,501.484,4.487,,3.878,73.020,0,4,7,-5.314,1,-6.688,4.200,
R3,emap3_Bn-3CF3_4F_nPr,CCN(Cc1c(C(F)(F)F)ccc(F)c1)C(=O)Cn2c3c(cnc(n3)c4ccccc4)n(c2=O)CCC,515.511,4.877,,4.268,73.020,0,4,8,-5.580,1,-6.748,3.000,
R3,emap3_Bn-3CF3_4F_nBu,CCN(Cc1c(C(F)(F)F)ccc(F)c1)C(=O)Cn2c3c(cnc(n3)c4ccccc4)n(c2=O)CCCC,529.538,5.267,,4.658,73.020,0,4,9,-5.847,2,-6.619,2.400,
R3,emap3_Bn-3CF3_4F_CH2F,CCN(Cc1c(C(F)(F)F)ccc(F)c1)C(=O)Cn2c3c(cnc(n3)c4ccccc4)n(c2=O)CF,505.447,4.394,,3.785,73.020,0,4,7,-5.280,1,-7.049,4.200,
R3,emap3_Bn-3CF3_4F_CH2CH2F,CCN(Cc1c(C(F)(F)F)ccc(F)c1)C(=O)Cn2c3c(cnc(n3)c4ccccc4)n(c2=O)CCF,519.474,4.436,,3.828,73.020,0,4,8,-5.327,1,-6.724,4.200,
R3,emap3_Bn-3CF3_4F_CH2CH2CH2F,CCN(Cc1c(C(F)(F)F)ccc(F)c1)C(=O)Cn2c3c(cnc(n3)c4ccccc4)n(c2=O)CCCF,533.501,4.826,,4.218,73.020,0,4,9,-5.594,1,-6.746,3.000,
R3,emap3_Bn-3CF3_4F_CH2CHF2,CCN(Cc1c(C(F)(F)F)ccc(F)c1)C(=O)Cn2c3c(cnc(n3)c4ccccc4)n(c2=O)C(F)F,523.437,4.862,,4.253,73.020,0,4,7,-5.686,1,-6.672,3.000,
R3,emap3_Bn-3CF3_4F_CH2CH2CHF2,CCN(Cc1c(C(F)(F)F)ccc(F)c1)C(=O)Cn2c3c(cnc(n3)c4ccccc4)n(c2=O)CC(F)F,537.464,4.732,,4.123,73.020,0,4,8,-5.625,1,-6.823,3.000,
R3,emap3_Bn-3CF3_4F_CH2CH2CH2CHF2,CCN(Cc1c(C(F)(F)F)ccc(F)c1)C(=O)Cn2c3c(cnc(n3)c4ccccc4)n(c2=O)CCC(F)F,551.491,5.122,,4.513,73.020,0,4,9,-5.892,2,-6.774,1.800,
R3,emap3_Bn-3CF3_4F_CH2CF3,CCN(Cc1c(C(F)(F)F)ccc(F)c1)C(=O)Cn2c3c(cnc(n3)c4ccccc4)n(c2=O)C(F)(F)F,541.427,4.943,,4.334,73.020,0,4,6,-5.915,1,-6.911,3.000,
R3,emap3_Bn-3CF3_4F_CH2CH2CF3,CCN(Cc1c(C(F)(F)F)ccc(F)c1)C(=O)Cn2c3c(cnc(n3)c4ccccc4)n(c2=O)CC(F)(F)F,555.454,5.029,,4.420,73.020,0,4,7,-5.990,2,-6.892,2.400,
R3,emap3_Bn-3CF3_4F_CH2CH2CH2CF3,CCN(Cc1c(C(F)(F)F)ccc(F)c1)C(=O)Cn2c3c(cnc(n3)c4ccccc4)n(c2=O)CCC(F)(F)F,569.481,5.419,,4.811,73.020,0,4,8,-6.257,2,-6.953,1.800,
R3,emap3_Bn-3CF3_4F_OCH2F,CCN(Cc1c(C(F)(F)F)ccc(F)c1)C(=O)Cn2c3c(cnc(n3)c4ccccc4)n(c2=O)COF,521.446,4.325,,3.640,82.250,0,5,8,-5.270,1,-5.178,4.200,
R3,emap3_Bn-3CF3_4F_OCH2CHF2,CCN(Cc1c(C(F)(F)F)ccc(F)c1)C(=O)Cn2c3c(cnc(n3)c4ccccc4)n(c2=O)COC(F)F,553.463,4.663,,3.978,82.250,0,5,9,-5.615,2,-6.647,3.000,
R3,emap3_Bn-3CF3_4F_OCH2CF3,CCN(Cc1c(C(F)(F)F)ccc(F)c1)C(=O)Cn2c3c(cnc(n3)c4ccccc4)n(c2=O)COC(F)(F)F,571.453,4.961,,4.275,82.250,0,5,8,-5.980,2,-6.918,2.400,
R3,emap3_Bn-3CF3_4F_OCH2CH2F,CCN(Cc1c(C(F)(F)F)ccc(F)c1)C(=O)Cn2c3c(cnc(n3)c4ccccc4)n(c2=O)COCF,535.473,4.368,,3.682,82.250,0,5,9,-5.318,1,-6.689,4.200,
R3,emap3_Bn-3CF3_4F_OCH2CH2CF3,CCN(Cc1c(C(F)(F)F)ccc(F)c1)C(=O)Cn2c3c(cnc(n3)c4ccccc4)n(c2=O)COCC(F)(F)F,585.480,5.003,,4.318,82.250,0,5,9,-6.028,2,-6.817,2.400,
R3,emap3_Bn-3CF3_4F_OCH2CH2CHF2,CCN(Cc1c(C(F)(F)F)ccc(F)c1)C(=O)Cn2c3c(cnc(n3)c4ccccc4)n(c2=O)COCC(F)F,567.490,4.706,,4.020,82.250,0,5,10,-5.663,2,-6.729,2.400,
R3,emap3_Bn-3CF3_4F_OCH2CH2CH2F,CCN(Cc1c(C(F)(F)F)ccc(F)c1)C(=O)Cn2c3c(cnc(n3)c4ccccc4)n(c2=O)COCCF,549.500,4.410,,3.725,82.250,0,5,10,-5.365,1,-6.473,4.200,
R3,emap3_Bn-3CF3_4F_OCH2CH2CH2CF3,CCN(Cc1c(C(F)(F)F)ccc(F)c1)C(=O)Cn2c3c(cnc(n3)c4ccccc4)n(c2=O)COCCC(F)(F)F,599.507,5.393,,4.708,82.250,0,5,10,-6.295,2,-7.095,1.800,
R3,emap3_Bn-3CF3_4F_CH2SiMe3,CCN(Cc1c(C(F)(F)F)ccc(F)c1)C(=O)Cn2c3c(cnc(n3)c4ccccc4)n(c2=O)C[Si](C)(C)C,559.640,5.344,,4.736,73.020,0,4,8,-6.148,2,-6.505,1.800,
R3,emap3_Bn-3CF3_4F_CH2CH2SiMe3,CCN(Cc1c(C(F)(F)F)ccc(F)c1)C(=O)Cn2c3c(cnc(n3)c4ccccc4)n(c2=O)CC[Si](C)(C)C,573.667,5.805,,5.196,73.020,0,4,9,-6.460,2,-5.272,1.800,
R3,emap3_Bn-3CF3_4F_OSiMe3,CCN(Cc1c(C(F)(F)F)ccc(F)c1)C(=O)Cn2c3c(cnc(n3)c4ccccc4)n(c2=O)O[Si](C)(C)C,561.612,4.730,,4.045,82.250,0,5,8,-5.774,2,-6.816,2.400,
R3,emap3_Bn-3CF3_4F_CH2SiEt3,CCN(Cc1c(C(F)(F)F)ccc(F)c1)C(=O)Cn2c3c(cnc(n3)c4ccccc4)n(c2=O)C[Si](CC)(CC)CC,601.721,6.514,,5.906,73.020,0,4,11,-6.949,2,-6.154,1.800,
R3,emap3_Bn-3CF3_4F_tBu,CCN(Cc1c(C(F)(F)F)ccc(F)c1)C(=O)Cn2c3c(cnc(n3)c4ccccc4)n(c2=O)C(C)(C)C,529.538,5.222,,4.613,73.020,0,4,6,-6.017,2,-6.900,2.400,
R3,emap3_Bn-3CF3_4F_BnCH2,CCN(Cc1c(C(F)(F)F)ccc(F)c1)C(=O)Cn2c3c(cnc(n3)c4ccccc4)n(c2=O)Cc1ccccc1C,577.582,5.823,,5.215,73.020,0,4,8,-6.562,2,-7.276,1.800,
R3,emap3_Bn-3CF3_4F_PhCH2F,CCN(Cc1c(C(F)(F)F)ccc(F)c1)C(=O)Cn2c3c(cnc(n3)c4ccccc4)n(c2=O)c1ccccc1CF,581.545,5.925,,5.317,73.020,0,4,8,-6.651,2,-7.267,1.800,
R3,emap3_Bn-3CF3_4F_OCH2CF2H,CCN(Cc1c(C(F)(F)F)ccc(F)c1)C(=O)Cn2c3c(cnc(n3)c4ccccc4)n(c2=O)COC(F)F,553.463,4.663,,3.978,82.250,0,5,9,-5.615,2,-6.718,3.000,
R3,emap3_Bn-3CF3_4F_OCH2CH2CF2H,CCN(Cc1c(C(F)(F)F)ccc(F)c1)C(=O)Cn2c3c(cnc(n3)c4ccccc4)n(c2=O)COCC(F)F,567.490,4.706,,4.020,82.250,0,5,10,-5.663,2,-6.736,2.400,
R3,emap3_Bn-3CF3_4F_CH2CF2H,CCN(Cc1c(C(F)(F)F)ccc(F)c1)C(=O)Cn2c3c(cnc(n3)c4ccccc4)n(c2=O)C(F)F,523.437,4.862,,4.253,73.020,0,4,7,-5.686,1,-6.758,3.000,
R3,emap3_Bn-3CF3_4F_CH2CH2CF2H,CCN(Cc1c(C(F)(F)F)ccc(F)c1)C(=O)Cn2c3c(cnc(n3)c4ccccc4)n(c2=O)CC(F)F,537.464,4.732,,4.123,73.020,0,4,8,-5.625,1,-6.863,3.000,
R3,emap3_Bn-3CF3_4F_OCH2CH2CH2CHF2,CCN(Cc1c(C(F)(F)F)ccc(F)c1)C(=O)Cn2c3c(cnc(n3)c4ccccc4)n(c2=O)COCCC(F)F,581.517,5.096,,4.410,82.250,0,5,11,-5.930,2,-6.744,2.400,
R3,emap3_Bn-3CF3_4F_CH2CH2CF2CF3,CCN(Cc1c(C(F)(F)F)ccc(F)c1)C(=O)Cn2c3c(cnc(n3)c4ccccc4)n(c2=O)CC(F)C(F)(F)F,587.471,5.367,,4.759,73.020,0,4,8,-6.336,2,-6.963,1.800,
R3,emap3_Bn-3CF3_4F_CH2CF2CF3,CCN(Cc1c(C(F)(F)F)ccc(F)c1)C(=O)Cn2c3c(cnc(n3)c4ccccc4)n(c2=O)C(F)C(F)(F)F,573.444,5.497,,4.889,73.020,0,4,7,-6.396,2,-6.892,1.800,
R3,emap3_Bn-3CF3_4F_CH2CH2CH2CF2CF3,CCN(Cc1c(C(F)(F)F)ccc(F)c1)C(=O)Cn2c3c(cnc(n3)c4ccccc4)n(c2=O)CCC(F)C(F)(F)F,601.498,5.757,,5.149,73.020,0,4,9,-6.602,2,-6.695,1.800,
R3,emap3_Bn-3CF3_4F_CH2CH2CF2CH3,CCN(Cc1c(C(F)(F)F)ccc(F)c1)C(=O)Cn2c3c(cnc(n3)c4ccccc4)n(c2=O)CC(F)C,533.501,4.825,,4.216,73.020,0,4,8,-5.659,1,-6.887,3.000,
R3,emap3_Bn-3CF3_4F_OCH2CF2CF3,CCN(Cc1c(C(F)(F)F)ccc(F)c1)C(=O)Cn2c3c(cnc(n3)c4ccccc4)n(c2=O)COC(F)C(F)(F)F,603.470,5.299,,4.613,82.250,0,5,9,-6.326,2,-6.583,1.800,
R3,emap3_Bn-3CF3_4F_OCH2CF2CH3,CCN(Cc1c(C(F)(F)F)ccc(F)c1)C(=O)Cn2c3c(cnc(n3)c4ccccc4)n(c2=O)COC(F)C,549.500,4.756,,4.071,82.250,0,5,9,-5.649,1,-6.890,3.000,
R3,emap3_Bn-3CF3_4F_OCH2CH2CF2CF3,CCN(Cc1c(C(F)(F)F)ccc(F)c1)C(=O)Cn2c3c(cnc(n3)c4ccccc4)n(c2=O)COCC(F)C(F)(F)F,617.497,5.341,,4.656,82.250,0,5,10,-6.373,2,-6.644,1.800,
R3,emap3_Bn-3CF3_4F_CH2CF2CH2F,CCN(Cc1c(C(F)(F)F)ccc(F)c1)C(=O)Cn2c3c(cnc(n3)c4ccccc4)n(c2=O)C(F)CF,537.464,4.904,,4.296,73.020,0,4,8,-5.734,1,-6.821,3.000,
R3,emap3_Bn-3CF3_4F_CH2CH2CF2CH2F,CCN(Cc1c(C(F)(F)F)ccc(F)c1)C(=O)Cn2c3c(cnc(n3)c4ccccc4)n(c2=O)CC(F)CF,551.491,4.774,,4.166,73.020,0,4,9,-5.673,2,-6.802,2.400,
R3,emap3_Bn-3CF3_4F_OCH2CF2CH2F,CCN(Cc1c(C(F)(F)F)ccc(F)c1)C(=O)Cn2c3c(cnc(n3)c4ccccc4)n(c2=O)COC(F)CF,567.490,4.706,,4.020,82.250,0,5,10,-5.663,2,-6.801,2.400,
R3,emap3_Bn-3CF3_4F_CH2CH2CF2CH2CHF2,CCN(Cc1c(C(F)(F)F)ccc(F)c1)C(=O)Cn2c3c(cnc(n3)c4ccccc4)n(c2=O)CC(F)C(F)F,569.481,5.070,,4.461,73.020,0,4,9,-5.971,2,-6.803,2.400,
R3,emap3_Bn-3CF3_4F_CH2CH2CF2CH2CF3,CCN(Cc1c(C(F)(F)F)ccc(F)c1)C(=O)Cn2c3c(cnc(n3)c4ccccc4)n(c2=O)CC(F)C(F)(F)F,587.471,5.367,,4.759,73.020,0,4,8,-6.336,2,-6.948,1.800,
R3,emap3_Bn-3CF3_4F_OCH2CH2CF2CH2F,CCN(Cc1c(C(F)(F)F)ccc(F)c1)C(=O)Cn2c3c(cnc(n3)c4ccccc4)n(c2=O)COCC(F)CF,581.517,4.748,,4.063,82.250,0,5,11,-5.711,2,-6.462,2.400,
R3,emap3_Bn-3CF3_4F_CH2CH2CF2CH2CH2F,CCN(Cc1c(C(F)(F)F)ccc(F)c1)C(=O)Cn2c3c(cnc(n3)c4ccccc4)n(c2=O)CC(F)CCF,565.518,5.164,,4.556,73.020,0,4,10,-5.940,2,-6.679,1.800,
R3,emap3_Bn-3CF3_4F_CH2CF2CH2CH2F,CCN(Cc1c(C(F)(F)F)ccc(F)c1)C(=O)Cn2c3c(cnc(n3)c4ccccc4)n(c2=O)C(F)CCF,551.491,5.294,,4.686,73.020,0,4,9,-6.001,2,-6.782,1.800,
R3,emap3_Bn-3CF3_4F_CH2CF2CH2CHF2,CCN(Cc1c(C(F)(F)F)ccc(F)c1)C(=O)Cn2c3c(cnc(n3)c4ccccc4)n(c2=O)C(F)C(F)F,555.454,5.200,,4.591,73.020,0,4,8,-6.032,2,-7.047,1.800,
R3,emap3_Bn-3CF3_4F_CH2CF2CH2CF3,CCN(Cc1c(C(F)(F)F)ccc(F)c1)C(=O)Cn2c3c(cnc(n3)c4ccccc4)n(c2=O)C(F)C(F)(F)F,573.444,5.497,,4.889,73.020,0,4,7,-6.396,2,-6.886,1.800,
R3,emap3_Bn-3CF3_4F_OCH2CF2CH2CH2F,CCN(Cc1c(C(F)(F)F)ccc(F)c1)C(=O)Cn2c3c(cnc(n3)c4ccccc4)n(c2=O)COC(F)CCF,581.517,5.096,,4.410,82.250,0,5,11,-5.930,2,-6.724,2.400,
R3,emap3_Bn-3CF3_4F_OCH2CH2CF2CH2CH2F,CCN(Cc1c(C(F)(F)F)ccc(F)c1)C(=O)Cn2c3c(cnc(n3)c4ccccc4)n(c2=O)COCC(F)CCF,595.544,5.138,,4.453,82.250,0,5,12,-5.978,2,-6.788,2.400,
R3,emap3_Bn-3CF3_4F_CH2CH2CF2CH2CH2CHF2,CCN(Cc1c(C(F)(F)F)ccc(F)c1)C(=O)Cn2c3c(cnc(n3)c4ccccc4)n(c2=O)CC(F)CC(F)F,583.508,5.460,,4.851,73.020,0,4,10,-6.237,2,-6.972,1.800,
R3,emap3_Bn-3CF3_4F_CH2CH2CF2CH2CH2CF3,CCN(Cc1c(C(F)(F)F)ccc(F)c1)C(=O)Cn2c3c(cnc(n3)c4ccccc4)n(c2=O)CC(F)CC(F)(F)F,601.498,5.757,,5.149,73.020,0,4,9,-6.602,2,-5.113,1.800,
R3,emap3_Bn-3F_4SF5_Me,CCN(Cc1c(F)ccc(S(F)(F)(F)(F)F)c1)C(=O)Cn2c3c(cnc(n3)c4ccccc4)n(c2=O)C,545.509,5.642,,5.034,73.020,0,4,7,-6.315,2,-6.154,2.400,
R3,emap3_Bn-3F_4SF5_Et,CCN(Cc1c(F)ccc(S(F)(F)(F)(F)F)c1)C(=O)Cn2c3c(cnc(n3)c4ccccc4)n(c2=O)CC,559.536,6.125,,5.517,73.020,0,4,8,-6.640,2,-6.285,1.800,
R3,emap3_Bn-3F_4SF5_nPr,CCN(Cc1c(F)ccc(S(F)(F)(F)(F)F)c1)C(=O)Cn2c3c(cnc(n3)c4ccccc4)n(c2=O)CCC,573.563,6.515,,5.907,73.020,0,4,9,-6.907,2,-6.370,1.800,
R3,emap3_Bn-3F_4SF5_nBu,CCN(Cc1c(F)ccc(S(F)(F)(F)(F)F)c1)C(=O)Cn2c3c(cnc(n3)c4ccccc4)n(c2=O)CCCC,587.590,6.905,,6.297,73.020,0,4,10,-7.173,2,-7.740,1.800,
R3,emap3_Bn-3F_4SF5_CH2F,CCN(Cc1c(F)ccc(S(F)(F)(F)(F)F)c1)C(=O)Cn2c3c(cnc(n3)c4ccccc4)n(c2=O)CF,563.499,6.032,,5.424,73.020,0,4,8,-6.606,2,-4.742,1.800,
R3,emap3_Bn-3F_4SF5_CH2CH2F,CCN(Cc1c(F)ccc(S(F)(F)(F)(F)F)c1)C(=O)Cn2c3c(cnc(n3)c4ccccc4)n(c2=O)CCF,577.526,6.075,,5.466,73.020,0,4,9,-6.654,2,-5.242,1.800,
R3,emap3_Bn-3F_4SF5_CH2CH2CH2F,CCN(Cc1c(F)ccc(S(F)(F)(F)(F)F)c1)C(=O)Cn2c3c(cnc(n3)c4ccccc4)n(c2=O)CCCF,591.553,6.465,,5.856,73.020,0,4,10,-6.920,2,-6.143,1.800,
R3,emap3_Bn-3F_4SF5_CH2CHF2,CCN(Cc1c(F)ccc(S(F)(F)(F)(F)F)c1)C(=O)Cn2c3c(cnc(n3)c4ccccc4)n(c2=O)C(F)F,581.489,6.500,,5.892,73.020,0,4,8,-7.012,2,-6.444,1.800,
R3,emap3_Bn-3F_4SF5_CH2CH2CHF2,CCN(Cc1c(F)ccc(S(F)(F)(F)(F)F)c1)C(=O)Cn2c3c(cnc(n3)c4ccccc4)n(c2=O)CC(F)F,595.516,6.370,,5.762,73.020,0,4,9,-6.951,2,-7.477,1.800,
R3,emap3_Bn-3F_4SF5_CH2CH2CH2CHF2,CCN(Cc1c(F)ccc(S(F)(F)(F)(F)F)c1)C(=O)Cn2c3c(cnc(n3)c4ccccc4)n(c2=O)CCC(F)F,609.543,6.760,,6.152,73.020,0,4,10,-7.218,2,-6.092,1.800,
R3,emap3_Bn-3F_4SF5_CH2CF3,CCN(Cc1c(F)ccc(S(F)(F)(F)(F)F)c1)C(=O)Cn2c3c(cnc(n3)c4ccccc4)n(c2=O)C(F)(F)F,599.479,6.582,,5.973,73.020,0,4,7,-7.241,2,-5.606,1.800,
R3,emap3_Bn-3F_4SF5_CH2CH2CF3,CCN(Cc1c(F)ccc(S(F)(F)(F)(F)F)c1)C(=O)Cn2c3c(cnc(n3)c4ccccc4)n(c2=O)CC(F)(F)F,613.506,6.668,,6.059,73.020,0,4,8,-7.316,2,-8.630,1.800,
R3,emap3_Bn-3F_4SF5_CH2CH2CH2CF3,CCN(Cc1c(F)ccc(S(F)(F)(F)(F)F)c1)C(=O)Cn2c3c(cnc(n3)c4ccccc4)n(c2=O)CCC(F)(F)F,627.533,7.058,,6.449,73.020,0,4,9,-7.583,2,-7.831,1.800,
R3,emap3_Bn-3F_4SF5_OCH2F,CCN(Cc1c(F)ccc(S(F)(F)(F)(F)F)c1)C(=O)Cn2c3c(cnc(n3)c4ccccc4)n(c2=O)COF,579.498,5.964,,5.278,82.250,0,5,9,-6.596,2,-6.839,1.800,
R3,emap3_Bn-3F_4SF5_OCH2CHF2,CCN(Cc1c(F)ccc(S(F)(F)(F)(F)F)c1)C(=O)Cn2c3c(cnc(n3)c4ccccc4)n(c2=O)COC(F)F,611.515,6.302,,5.616,82.250,0,5,10,-6.942,2,-7.811,1.800,
R3,emap3_Bn-3F_4SF5_OCH2CF3,CCN(Cc1c(F)ccc(S(F)(F)(F)(F)F)c1)C(=O)Cn2c3c(cnc(n3)c4ccccc4)n(c2=O)COC(F)(F)F,629.505,6.599,,5.914,82.250,0,5,9,-7.306,2,-8.058,1.800,
R3,emap3_Bn-3F_4SF5_OCH2CH2F,CCN(Cc1c(F)ccc(S(F)(F)(F)(F)F)c1)C(=O)Cn2c3c(cnc(n3)c4ccccc4)n(c2=O)COCF,593.525,6.006,,5.321,82.250,0,5,10,-6.644,2,-4.738,1.800,
R3,emap3_Bn-3F_4SF5_OCH2CH2CF3,CCN(Cc1c(F)ccc(S(F)(F)(F)(F)F)c1)C(=O)Cn2c3c(cnc(n3)c4ccccc4)n(c2=O)COCC(F)(F)F,643.532,6.642,,5.956,82.250,0,5,10,-7.354,2,-7.296,1.800,
R3,emap3_Bn-3F_4SF5_OCH2CH2CHF2,CCN(Cc1c(F)ccc(S(F)(F)(F)(F)F)c1)C(=O)Cn2c3c(cnc(n3)c4ccccc4)n(c2=O)COCC(F)F,625.542,6.344,,5.659,82.250,0,5,11,-6.989,2,-7.581,1.800,
R3,emap3_Bn-3F_4SF5_OCH2CH2CH2F,CCN(Cc1c(F)ccc(S(F)(F)(F)(F)F)c1)C(=O)Cn2c3c(cnc(n3)c4ccccc4)n(c2=O)COCCF,607.552,6.049,,5.363,82.250,0,5,11,-6.692,2,-7.316,1.800,
R3,emap3_Bn-3F_4SF5_OCH2CH2CH2CF3,CCN(Cc1c(F)ccc(S(F)(F)(F)(F)F)c1)C(=O)Cn2c3c(cnc(n3)c4ccccc4)n(c2=O)COCCC(F)(F)F,657.559,7.032,,6.346,82.250,0,5,11,-7.621,2,-7.371,1.800,
R3,emap3_Bn-3F_4SF5_CH2SiMe3,CCN(Cc1c(F)ccc(S(F)(F)(F)(F)F)c1)C(=O)Cn2c3c(cnc(n3)c4ccccc4)n(c2=O)C[Si](C)(C)C,617.692,6.983,,6.374,73.020,0,4,9,-7.475,2,-7.922,1.800,
R3,emap3_Bn-3F_4SF5_CH2CH2SiMe3,CCN(Cc1c(F)ccc(S(F)(F)(F)(F)F)c1)C(=O)Cn2c3c(cnc(n3)c4ccccc4)n(c2=O)CC[Si](C)(C)C,631.719,7.443,,6.835,73.020,0,4,10,-7.786,2,-7.314,1.800,
R3,emap3_Bn-3F_4SF5_OSiMe3,CCN(Cc1c(F)ccc(S(F)(F)(F)(F)F)c1)C(=O)Cn2c3c(cnc(n3)c4ccccc4)n(c2=O)O[Si](C)(C)C,619.664,6.369,,5.683,82.250,0,5,9,-7.100,2,-6.833,1.800,
R3,emap3_Bn-3F_4SF5_CH2SiEt3,CCN(Cc1c(F)ccc(S(F)(F)(F)(F)F)c1)C(=O)Cn2c3c(cnc(n3)c4ccccc4)n(c2=O)C[Si](CC)(CC)CC,659.773,8.153,,7.544,73.020,0,4,12,-8.275,2,-6.866,1.800,
R3,emap3_Bn-3F_4SF5_tBu,CCN(Cc1c(F)ccc(S(F)(F)(F)(F)F)c1)C(=O)Cn2c3c(cnc(n3)c4ccccc4)n(c2=O)C(C)(C)C,587.590,6.860,,6.252,73.020,0,4,7,-7.343,2,-5.806,1.800,
R3,emap3_Bn-3F_4SF5_BnCH2,CCN(Cc1c(F)ccc(S(F)(F)(F)(F)F)c1)C(=O)Cn2c3c(cnc(n3)c4ccccc4)n(c2=O)Cc1ccccc1C,635.634,7.462,,6.853,73.020,0,4,9,-7.888,2,-6.260,1.800,
R3,emap3_Bn-3F_4SF5_PhCH2F,CCN(Cc1c(F)ccc(S(F)(F)(F)(F)F)c1)C(=O)Cn2c3c(cnc(n3)c4ccccc4)n(c2=O)c1ccccc1CF,639.597,7.564,,6.955,73.020,0,4,9,-7.977,2,-8.036,1.800,
R3,emap3_Bn-3F_4SF5_OCH2CF2H,CCN(Cc1c(F)ccc(S(F)(F)(F)(F)F)c1)C(=O)Cn2c3c(cnc(n3)c4ccccc4)n(c2=O)COC(F)F,611.515,6.302,,5.616,82.250,0,5,10,-6.942,2,-7.866,1.800,
R3,emap3_Bn-3F_4SF5_OCH2CH2CF2H,CCN(Cc1c(F)ccc(S(F)(F)(F)(F)F)c1)C(=O)Cn2c3c(cnc(n3)c4ccccc4)n(c2=O)COCC(F)F,625.542,6.344,,5.659,82.250,0,5,11,-6.989,2,-7.507,1.800,
R3,emap3_Bn-3F_4SF5_CH2CF2H,CCN(Cc1c(F)ccc(S(F)(F)(F)(F)F)c1)C(=O)Cn2c3c(cnc(n3)c4ccccc4)n(c2=O)C(F)F,581.489,6.500,,5.892,73.020,0,4,8,-7.012,2,-6.360,1.800,
R3,emap3_Bn-3F_4SF5_CH2CH2CF2H,CCN(Cc1c(F)ccc(S(F)(F)(F)(F)F)c1)C(=O)Cn2c3c(cnc(n3)c4ccccc4)n(c2=O)CC(F)F,595.516,6.370,,5.762,73.020,0,4,9,-6.951,2,-7.486,1.800,
R3,emap3_Bn-3F_4SF5_OCH2CH2CH2CHF2,CCN(Cc1c(F)ccc(S(F)(F)(F)(F)F)c1)C(=O)Cn2c3c(cnc(n3)c4ccccc4)n(c2=O)COCCC(F)F,639.569,6.735,,6.049,82.250,0,5,12,-7.256,2,-6.955,1.800,
R3,emap3_Bn-3F_4SF5_CH2CH2CF2CF3,CCN(Cc1c(F)ccc(S(F)(F)(F)(F)F)c1)C(=O)Cn2c3c(cnc(n3)c4ccccc4)n(c2=O)CC(F)C(F)(F)F,645.523,7.006,,6.397,73.020,0,4,9,-7.662,2,-8.217,1.800,
R3,emap3_Bn-3F_4SF5_CH2CF2CF3,CCN(Cc1c(F)ccc(S(F)(F)(F)(F)F)c1)C(=O)Cn2c3c(cnc(n3)c4ccccc4)n(c2=O)C(F)C(F)(F)F,631.496,7.136,,6.527,73.020,0,4,8,-7.723,2,-8.001,1.800,
R3,emap3_Bn-3F_4SF5_CH2CH2CH2CF2CF3,CCN(Cc1c(F)ccc(S(F)(F)(F)(F)F)c1)C(=O)Cn2c3c(cnc(n3)c4ccccc4)n(c2=O)CCC(F)C(F)(F)F,659.550,7.396,,6.787,73.020,0,4,10,-7.929,2,-8.224,1.800,
R3,emap3_Bn-3F_4SF5_CH2CH2CF2CH3,CCN(Cc1c(F)ccc(S(F)(F)(F)(F)F)c1)C(=O)Cn2c3c(cnc(n3)c4ccccc4)n(c2=O)CC(F)C,591.553,6.463,,5.855,73.020,0,4,9,-6.985,2,-6.896,1.800,
R3,emap3_Bn-3F_4SF5_OCH2CF2CF3,CCN(Cc1c(F)ccc(S(F)(F)(F)(F)F)c1)C(=O)Cn2c3c(cnc(n3)c4ccccc4)n(c2=O)COC(F)C(F)(F)F,661.522,6.937,,6.252,82.250,0,5,10,-7.652,2,-7.062,1.800,
R3,emap3_Bn-3F_4SF5_OCH2CF2CH3,CCN(Cc1c(F)ccc(S(F)(F)(F)(F)F)c1)C(=O)Cn2c3c(cnc(n3)c4ccccc4)n(c2=O)COC(F)C,607.552,6.395,,5.709,82.250,0,5,10,-6.976,2,-5.907,1.800,
R3,emap3_Bn-3F_4SF5_OCH2CH2CF2CF3,CCN(Cc1c(F)ccc(S(F)(F)(F)(F)F)c1)C(=O)Cn2c3c(cnc(n3)c4ccccc4)n(c2=O)COCC(F)C(F)(F)F,675.549,6.980,,6.294,82.250,0,5,11,-7.700,2,-7.181,1.800,
R3,emap3_Bn-3F_4SF5_CH2CF2CH2F,CCN(Cc1c(F)ccc(S(F)(F)(F)(F)F)c1)C(=O)Cn2c3c(cnc(n3)c4ccccc4)n(c2=O)C(F)CF,595.516,6.543,,5.934,73.020,0,4,9,-7.060,2,-6.548,1.800,
R3,emap3_Bn-3F_4SF5_CH2CH2CF2CH2F,CCN(Cc1c(F)ccc(S(F)(F)(F)(F)F)c1)C(=O)Cn2c3c(cnc(n3)c4ccccc4)n(c2=O)CC(F)CF,609.543,6.413,,5.804,73.020,0,4,10,-6.999,2,-7.714,1.800,
R3,emap3_Bn-3F_4SF5_OCH2CF2CH2F,CCN(Cc1c(F)ccc(S(F)(F)(F)(F)F)c1)C(=O)Cn2c3c(cnc(n3)c4ccccc4)n(c2=O)COC(F)CF,625.542,6.344,,5.659,82.250,0,5,11,-6.989,2,-7.477,1.800,
R3,emap3_Bn-3F_4SF5_CH2CH2CF2CH2CHF2,CCN(Cc1c(F)ccc(S(F)(F)(F)(F)F)c1)C(=O)Cn2c3c(cnc(n3)c4ccccc4)n(c2=O)CC(F)C(F)F,627.533,6.708,,6.100,73.020,0,4,10,-7.297,2,-7.098,1.800,
R3,emap3_Bn-3F_4SF5_CH2CH2CF2CH2CF3,CCN(Cc1c(F)ccc(S(F)(F)(F)(F)F)c1)C(=O)Cn2c3c(cnc(n3)c4ccccc4)n(c2=O)CC(F)C(F)(F)F,645.523,7.006,,6.397,73.020,0,4,9,-7.662,2,-8.079,1.800,
R3,emap3_Bn-3F_4SF5_OCH2CH2CF2CH2F,CCN(Cc1c(F)ccc(S(F)(F)(F)(F)F)c1)C(=O)Cn2c3c(cnc(n3)c4ccccc4)n(c2=O)COCC(F)CF,639.569,6.387,,5.701,82.250,0,5,12,-7.037,2,-6.407,1.800,
R3,emap3_Bn-3F_4SF5_CH2CH2CF2CH2CH2F,CCN(Cc1c(F)ccc(S(F)(F)(F)(F)F)c1)C(=O)Cn2c3c(cnc(n3)c4ccccc4)n(c2=O)CC(F)CCF,623.570,6.803,,6.194,73.020,0,4,11,-7.266,2,-7.647,1.800,
R3,emap3_Bn-3F_4SF5_CH2CF2CH2CH2F,CCN(Cc1c(F)ccc(S(F)(F)(F)(F)F)c1)C(=O)Cn2c3c(cnc(n3)c4ccccc4)n(c2=O)C(F)CCF,609.543,6.933,,6.324,73.020,0,4,10,-7.327,2,-7.658,1.800,
R3,emap3_Bn-3F_4SF5_CH2CF2CH2CHF2,CCN(Cc1c(F)ccc(S(F)(F)(F)(F)F)c1)C(=O)Cn2c3c(cnc(n3)c4ccccc4)n(c2=O)C(F)C(F)F,613.506,6.838,,6.230,73.020,0,4,9,-7.358,2,-7.813,1.800,
R3,emap3_Bn-3F_4SF5_CH2CF2CH2CF3,CCN(Cc1c(F)ccc(S(F)(F)(F)(F)F)c1)C(=O)Cn2c3c(cnc(n3)c4ccccc4)n(c2=O)C(F)C(F)(F)F,631.496,7.136,,6.527,73.020,0,4,8,-7.723,2,-8.034,1.800,
R3,emap3_Bn-3F_4SF5_OCH2CF2CH2CH2F,CCN(Cc1c(F)ccc(S(F)(F)(F)(F)F)c1)C(=O)Cn2c3c(cnc(n3)c4ccccc4)n(c2=O)COC(F)CCF,639.569,6.735,,6.049,82.250,0,5,12,-7.256,2,-8.148,1.800,
R3,emap3_Bn-3F_4SF5_OCH2CH2CF2CH2CH2F,CCN(Cc1c(F)ccc(S(F)(F)(F)(F)F)c1)C(=O)Cn2c3c(cnc(n3)c4ccccc4)n(c2=O)COCC(F)CCF,653.596,6.777,,6.092,82.250,0,5,13,-7.304,2,-6.682,1.800,
R3,emap3_Bn-3F_4SF5_CH2CH2CF2CH2CH2CHF2,CCN(Cc1c(F)ccc(S(F)(F)(F)(F)F)c1)C(=O)Cn2c3c(cnc(n3)c4ccccc4)n(c2=O)CC(F)CC(F)F,641.560,7.099,,6.490,73.020,0,4,11,-7.564,2,-6.882,1.800,
R3,emap3_Bn-3F_4SF5_CH2CH2CF2CH2CH2CF3,CCN(Cc1c(F)ccc(S(F)(F)(F)(F)F)c1)C(=O)Cn2c3c(cnc(n3)c4ccccc4)n(c2=O)CC(F)CC(F)(F)F,659.550,7.396,,6.787,73.020,0,4,10,-7.929,2,-8.079,1.800,
R3,emap3_Bn-3OMe_4CF3_Me,CCN(Cc1c(OC)ccc(C(F)(F)F)c1)C(=O)Cn2c3c(cnc(n3)c4ccccc4)n(c2=O)C,499.493,3.873,,3.188,82.250,0,5,7,-4.915,0,-5.434,5.400,
R3,emap3_Bn-3OMe_4CF3_Et,CCN(Cc1c(OC)ccc(C(F)(F)F)c1)C(=O)Cn2c3c(cnc(n3)c4ccccc4)n(c2=O)CC,513.520,4.356,,3.671,82.250,0,5,8,-5.240,1,-5.207,4.200,
R3,emap3_Bn-3OMe_4CF3_nPr,CCN(Cc1c(OC)ccc(C(F)(F)F)c1)C(=O)Cn2c3c(cnc(n3)c4ccccc4)n(c2=O)CCC,527.547,4.746,,4.061,82.250,0,5,9,-5.507,1,-5.373,3.000,
R3,emap3_Bn-3OMe_4CF3_nBu,CCN(Cc1c(OC)ccc(C(F)(F)F)c1)C(=O)Cn2c3c(cnc(n3)c4ccccc4)n(c2=O)CCCC,541.574,5.136,,4.451,82.250,0,5,10,-5.774,1,-6.392,3.000,
R3,emap3_Bn-3OMe_4CF3_CH2F,CCN(Cc1c(OC)ccc(C(F)(F)F)c1)C(=O)Cn2c3c(cnc(n3)c4ccccc4)n(c2=O)CF,517.483,4.263,,3.578,82.250,0,5,8,-5.206,1,-4.911,4.200,
R3,emap3_Bn-3OMe_4CF3_CH2CH2F,CCN(Cc1c(OC)ccc(C(F)(F)F)c1)C(=O)Cn2c3c(cnc(n3)c4ccccc4)n(c2=O)CCF,531.510,4.306,,3.620,82.250,0,5,9,-5.254,1,-5.254,4.200,
R3,emap3_Bn-3OMe_4CF3_CH2CH2CH2F,CCN(Cc1c(OC)ccc(C(F)(F)F)c1)C(=O)Cn2c3c(cnc(n3)c4ccccc4)n(c2=O)CCCF,545.537,4.696,,4.010,82.250,0,5,10,-5.521,1,-6.306,3.000,
R3,emap3_Bn-3OMe_4CF3_CH2CHF2,CCN(Cc1c(OC)ccc(C(F)(F)F)c1)C(=O)Cn2c3c(cnc(n3)c4ccccc4)n(c2=O)C(F)F,535.473,4.731,,4.046,82.250,0,5,8,-5.613,1,-6.551,3.000,
R3,emap3_Bn-3OMe_4CF3_CH2CH2CHF2,CCN(Cc1c(OC)ccc(C(F)(F)F)c1)C(=O)Cn2c3c(cnc(n3)c4ccccc4)n(c2=O)CC(F)F,549.500,4.601,,3.916,82.250,0,5,9,-5.552,1,-6.566,3.600,
R3,emap3_Bn-3OMe_4CF3_CH2CH2CH2CHF2,CCN(Cc1c(OC)ccc(C(F)(F)F)c1)C(=O)Cn2c3c(cnc(n3)c4ccccc4)n(c2=O)CCC(F)F,563.527,4.991,,4.306,82.250,0,5,10,-5.818,2,-6.137,2.400,
R3,emap3_Bn-3OMe_4CF3_CH2CF3,CCN(Cc1c(OC)ccc(C(F)(F)F)c1)C(=O)Cn2c3c(cnc(n3)c4ccccc4)n(c2=O)C(F)(F)F,553.463,4.812,,4.127,82.250,0,5,7,-5.841,2,-5.216,2.400,
R3,emap3_Bn-3OMe_4CF3_CH2CH2CF3,CCN(Cc1c(OC)ccc(C(F)(F)F)c1)C(=O)Cn2c3c(cnc(n3)c4ccccc4)n(c2=O)CC(F)(F)F,567.490,4.898,,4.213,82.250,0,5,8,-5.916,2,-4.763,2.400,
R3,emap3_Bn-3OMe_4CF3_CH2CH2CH2CF3,CCN(Cc1c(OC)ccc(C(F)(F)F)c1)C(=O)Cn2c3c(cnc(n3)c4ccccc4)n(c2=O)CCC(F)(F)F,581.517,5.289,,4.603,82.250,0,5,9,-6.183,2,-4.897,1.800,
R3,emap3_Bn-3OMe_4CF3_OCH2F,CCN(Cc1c(OC)ccc(C(F)(F)F)c1)C(=O)Cn2c3c(cnc(n3)c4ccccc4)n(c2=O)COF,533.482,4.195,,3.432,91.480,0,6,9,-5.196,2,-6.395,3.600,
R3,emap3_Bn-3OMe_4CF3_OCH2CHF2,CCN(Cc1c(OC)ccc(C(F)(F)F)c1)C(=O)Cn2c3c(cnc(n3)c4ccccc4)n(c2=O)COC(F)F,565.499,4.533,,3.770,91.480,0,6,10,-5.542,2,-6.595,2.400,
R3,emap3_Bn-3OMe_4CF3_OCH2CF3,CCN(Cc1c(OC)ccc(C(F)(F)F)c1)C(=O)Cn2c3c(cnc(n3)c4ccccc4)n(c2=O)COC(F)(F)F,583.489,4.830,,4.068,91.480,0,6,9,-5.907,2,-5.889,1.800,
R3,emap3_Bn-3OMe_4CF3_OCH2CH2F,CCN(Cc1c(OC)ccc(C(F)(F)F)c1)C(=O)Cn2c3c(cnc(n3)c4ccccc4)n(c2=O)COCF,547.509,4.237,,3.475,91.480,0,6,10,-5.244,2,-5.078,3.600,
R3,emap3_Bn-3OMe_4CF3_OCH2CH2CF3,CCN(Cc1c(OC)ccc(C(F)(F)F)c1)C(=O)Cn2c3c(cnc(n3)c4ccccc4)n(c2=O)COCC(F)(F)F,597.516,4.873,,4.110,91.480,0,6,10,-5.954,2,-5.995,1.800,
R3,emap3_Bn-3OMe_4CF3_OCH2CH2CHF2,CCN(Cc1c(OC)ccc(C(F)(F)F)c1)C(=O)Cn2c3c(cnc(n3)c4ccccc4)n(c2=O)COCC(F)F,579.526,4.575,,3.813,91.480,0,6,11,-5.590,2,-4.739,2.400,
R3,emap3_Bn-3OMe_4CF3_OCH2CH2CH2F,CCN(Cc1c(OC)ccc(C(F)(F)F)c1)C(=O)Cn2c3c(cnc(n3)c4ccccc4)n(c2=O)COCCF,561.536,4.280,,3.517,91.480,0,6,11,-5.292,2,-6.535,3.000,
R3,emap3_Bn-3OMe_4CF3_OCH2CH2CH2CF3,CCN(Cc1c(OC)ccc(C(F)(F)F)c1)C(=O)Cn2c3c(cnc(n3)c4ccccc4)n(c2=O)COCCC(F)(F)F,611.543,5.263,,4.500,91.480,0,6,11,-6.221,2,-6.165,1.200,
R3,emap3_Bn-3OMe_4CF3_CH2SiMe3,CCN(Cc1c(OC)ccc(C(F)(F)F)c1)C(=O)Cn2c3c(cnc(n3)c4ccccc4)n(c2=O)C[Si](C)(C)C,571.676,5.214,,4.528,82.250,0,5,9,-6.075,2,-5.016,1.800,
R3,emap3_Bn-3OMe_4CF3_CH2CH2SiMe3,CCN(Cc1c(OC)ccc(C(F)(F)F)c1)C(=O)Cn2c3c(cnc(n3)c4ccccc4)n(c2=O)CC[Si](C)(C)C,585.703,5.674,,4.989,82.250,0,5,10,-6.386,2,-4.778,1.800,
R3,emap3_Bn-3OMe_4CF3_OSiMe3,CCN(Cc1c(OC)ccc(C(F)(F)F)c1)C(=O)Cn2c3c(cnc(n3)c4ccccc4)n(c2=O)O[Si](C)(C)C,573.648,4.600,,3.837,91.480,0,6,9,-5.700,2,-6.608,2.400,
R3,emap3_Bn-3OMe_4CF3_CH2SiEt3,CCN(Cc1c(OC)ccc(C(F)(F)F)c1)C(=O)Cn2c3c(cnc(n3)c4ccccc4)n(c2=O)C[Si](CC)(CC)CC,613.757,6.384,,5.698,82.250,0,5,12,-6.875,2,-4.891,1.800,
R3,emap3_Bn-3OMe_4CF3_tBu,CCN(Cc1c(OC)ccc(C(F)(F)F)c1)C(=O)Cn2c3c(cnc(n3)c4ccccc4)n(c2=O)C(C)(C)C,541.574,5.091,,4.406,82.250,0,5,7,-5.943,1,-4.854,3.000,
R3,emap3_Bn-3OMe_4CF3_BnCH2,CCN(Cc1c(OC)ccc(C(F)(F)F)c1)C(=O)Cn2c3c(cnc(n3)c4ccccc4)n(c2=O)Cc1ccccc1C,589.618,5.693,,5.007,82.250,0,5,9,-6.488,2,-6.352,1.800,
R3,emap3_Bn-3OMe_4CF3_PhCH2F,CCN(Cc1c(OC)ccc(C(F)(F)F)c1)C(=O)Cn2c3c(cnc(n3)c4ccccc4)n(c2=O)c1ccccc1CF,593.581,5.795,,5.109,82.250,0,5,9,-6.577,2,-6.045,1.800,
R3,emap3_Bn-3OMe_4CF3_OCH2CF2H,CCN(Cc1c(OC)ccc(C(F)(F)F)c1)C(=O)Cn2c3c(cnc(n3)c4ccccc4)n(c2=O)COC(F)F,565.499,4.533,,3.770,91.480,0,6,10,-5.542,2,-6.547,2.400,
R3,emap3_Bn-3OMe_4CF3_OCH2CH2CF2H,CCN(Cc1c(OC)ccc(C(F)(F)F)c1)C(=O)Cn2c3c(cnc(n3)c4ccccc4)n(c2=O)COCC(F)F,579.526,4.575,,3.813,91.480,0,6,11,-5.590,2,-5.927,2.400,
R3,emap3_Bn-3OMe_4CF3_CH2CF2H,CCN(Cc1c(OC)ccc(C(F)(F)F)c1)C(=O)Cn2c3c(cnc(n3)c4ccccc4)n(c2=O)C(F)F,535.473,4.731,,4.046,82.250,0,5,8,-5.613,1,-6.544,3.000,
R3,emap3_Bn-3OMe_4CF3_CH2CH2CF2H,CCN(Cc1c(OC)ccc(C(F)(F)F)c1)C(=O)Cn2c3c(cnc(n3)c4ccccc4)n(c2=O)CC(F)F,549.500,4.601,,3.916,82.250,0,5,9,-5.552,1,-6.678,3.600,
R3,emap3_Bn-3OMe_4CF3_OCH2CH2CH2CHF2,CCN(Cc1c(OC)ccc(C(F)(F)F)c1)C(=O)Cn2c3c(cnc(n3)c4ccccc4)n(c2=O)COCCC(F)F,593.553,4.965,,4.203,91.480,0,6,12,-5.856,2,-6.415,1.800,
R3,emap3_Bn-3OMe_4CF3_CH2CH2CF2CF3,CCN(Cc1c(OC)ccc(C(F)(F)F)c1)C(=O)Cn2c3c(cnc(n3)c4ccccc4)n(c2=O)CC(F)C(F)(F)F,599.507,5.237,,4.551,82.250,0,5,9,-6.262,2,-6.641,1.800,
R3,emap3_Bn-3OMe_4CF3_CH2CF2CF3,CCN(Cc1c(OC)ccc(C(F)(F)F)c1)C(=O)Cn2c3c(cnc(n3)c4ccccc4)n(c2=O)C(F)C(F)(F)F,585.480,5.367,,4.681,82.250,0,5,8,-6.323,2,-5.518,1.800,
R3,emap3_Bn-3OMe_4CF3_CH2CH2CH2CF2CF3,CCN(Cc1c(OC)ccc(C(F)(F)F)c1)C(=O)Cn2c3c(cnc(n3)c4ccccc4)n(c2=O)CCC(F)C(F)(F)F,613.534,5.627,,4.941,82.250,0,5,10,-6.529,2,-6.241,1.800,
R3,emap3_Bn-3OMe_4CF3_CH2CH2CF2CH3,CCN(Cc1c(OC)ccc(C(F)(F)F)c1)C(=O)Cn2c3c(cnc(n3)c4ccccc4)n(c2=O)CC(F)C,545.537,4.694,,4.009,82.250,0,5,9,-5.586,1,-6.520,3.000,
R3,emap3_Bn-3OMe_4CF3_OCH2CF2CF3,CCN(Cc1c(OC)ccc(C(F)(F)F)c1)C(=O)Cn2c3c(cnc(n3)c4ccccc4)n(c2=O)COC(F)C(F)(F)F,615.506,5.168,,4.406,91.480,0,6,10,-6.252,2,-6.487,1.800,
R3,emap3_Bn-3OMe_4CF3_OCH2CF2CH3,CCN(Cc1c(OC)ccc(C(F)(F)F)c1)C(=O)Cn2c3c(cnc(n3)c4ccccc4)n(c2=O)COC(F)C,561.536,4.626,,3.863,91.480,0,6,10,-5.576,2,-6.314,2.400,
R3,emap3_Bn-3OMe_4CF3_OCH2CH2CF2CF3,CCN(Cc1c(OC)ccc(C(F)(F)F)c1)C(=O)Cn2c3c(cnc(n3)c4ccccc4)n(c2=O)COCC(F)C(F)(F)F,629.533,5.211,,4.448,91.480,0,6,11,-6.300,2,-5.622,1.800,
R3,emap3_Bn-3OMe_4CF3_CH2CF2CH2F,CCN(Cc1c(OC)ccc(C(F)(F)F)c1)C(=O)Cn2c3c(cnc(n3)c4ccccc4)n(c2=O)C(F)CF,549.500,4.774,,4.088,82.250,0,5,9,-5.660,1,-6.410,3.000,
R3,emap3_Bn-3OMe_4CF3_CH2CH2CF2CH2F,CCN(Cc1c(OC)ccc(C(F)(F)F)c1)C(=O)Cn2c3c(cnc(n3)c4ccccc4)n(c2=O)CC(F)CF,563.527,4.644,,3.958,82.250,0,5,10,-5.599,2,-6.341,3.000,
R3,emap3_Bn-3OMe_4CF3_OCH2CF2CH2F,CCN(Cc1c(OC)ccc(C(F)(F)F)c1)C(=O)Cn2c3c(cnc(n3)c4ccccc4)n(c2=O)COC(F)CF,579.526,4.575,,3.813,91.480,0,6,11,-5.590,2,-5.591,2.400,
R3,emap3_Bn-3OMe_4CF3_CH2CH2CF2CH2CHF2,CCN(Cc1c(OC)ccc(C(F)(F)F)c1)C(=O)Cn2c3c(cnc(n3)c4ccccc4)n(c2=O)CC(F)C(F)F,581.517,4.939,,4.254,82.250,0,5,10,-5.897,2,-5.510,2.400,
R3,emap3_Bn-3OMe_4CF3_CH2CH2CF2CH2CF3,CCN(Cc1c(OC)ccc(C(F)(F)F)c1)C(=O)Cn2c3c(cnc(n3)c4ccccc4)n(c2=O)CC(F)C(F)(F)F,599.507,5.237,,4.551,82.250,0,5,9,-6.262,2,-5.660,1.800,
R3,emap3_Bn-3OMe_4CF3_OCH2CH2CF2CH2F,CCN(Cc1c(OC)ccc(C(F)(F)F)c1)C(=O)Cn2c3c(cnc(n3)c4ccccc4)n(c2=O)COCC(F)CF,593.553,4.618,,3.855,91.480,0,6,12,-5.637,2,-6.339,2.400,
R3,emap3_Bn-3OMe_4CF3_CH2CH2CF2CH2CH2F,CCN(Cc1c(OC)ccc(C(F)(F)F)c1)C(=O)Cn2c3c(cnc(n3)c4ccccc4)n(c2=O)CC(F)CCF,577.554,5.034,,4.348,82.250,0,5,11,-5.866,2,-6.506,2.400,
R3,emap3_Bn-3OMe_4CF3_CH2CF2CH2CH2F,CCN(Cc1c(OC)ccc(C(F)(F)F)c1)C(=O)Cn2c3c(cnc(n3)c4ccccc4)n(c2=O)C(F)CCF,563.527,5.164,,4.478,82.250,0,5,10,-5.927,2,-4.677,2.400,
R3,emap3_Bn-3OMe_4CF3_CH2CF2CH2CHF2,CCN(Cc1c(OC)ccc(C(F)(F)F)c1)C(=O)Cn2c3c(cnc(n3)c4ccccc4)n(c2=O)C(F)C(F)F,567.490,5.069,,4.384,82.250,0,5,9,-5.958,2,-6.654,2.400,
R3,emap3_Bn-3OMe_4CF3_CH2CF2CH2CF3,CCN(Cc1c(OC)ccc(C(F)(F)F)c1)C(=O)Cn2c3c(cnc(n3)c4ccccc4)n(c2=O)C(F)C(F)(F)F,585.480,5.367,,4.681,82.250,0,5,8,-6.323,2,-5.624,1.800,
R3,emap3_Bn-3OMe_4CF3_OCH2CF2CH2CH2F,CCN(Cc1c(OC)ccc(C(F)(F)F)c1)C(=O)Cn2c3c(cnc(n3)c4ccccc4)n(c2=O)COC(F)CCF,593.553,4.965,,4.203,91.480,0,6,12,-5.856,2,-6.285,1.800,
R3,emap3_Bn-3OMe_4CF3_OCH2CH2CF2CH2CH2F,CCN(Cc1c(OC)ccc(C(F)(F)F)c1)C(=O)Cn2c3c(cnc(n3)c4ccccc4)n(c2=O)COCC(F)CCF,607.580,5.008,,4.246,91.480,0,6,13,-5.904,2,-6.400,1.800,
R3,emap3_Bn-3OMe_4CF3_CH2CH2CF2CH2CH2CHF2,CCN(Cc1c(OC)ccc(C(F)(F)F)c1)C(=O)Cn2c3c(cnc(n3)c4ccccc4)n(c2=O)CC(F)CC(F)F,595.544,5.329,,4.644,82.250,0,5,11,-6.164,2,-6.630,1.800,
R3,emap3_Bn-3OMe_4CF3_CH2CH2CF2CH2CH2CF3,CCN(Cc1c(OC)ccc(C(F)(F)F)c1)C(=O)Cn2c3c(cnc(n3)c4ccccc4)n(c2=O)CC(F)CC(F)(F)F,613.534,5.627,,4.941,82.250,0,5,10,-6.529,2,-6.677,1.800,
REF,AC-5216_emapunil,CCN(CC1=CC=CC=C1)C(=O)CN2C3=NC(=NC=C3N(C2=O)C)C4=CC=CC=C4,401.470,2.846,3.300,,73.020,0,4,6,-3.726,0,-6.228,5.400,Ki = 2.4 nM
