frame,time_ps,protein_backbone_rmsd_A,ligand_heavy_rmsd_A,fixed_pocket_contact_count_4A,all_protein_contact_count_4A,fixed_pocket_min_distance_A,all_protein_min_distance_A,ligand_COM_to_fixed_pocket_center_A
0,10.000000029814057,3.654339559716975e-07,5.724946186243984e-07,15,15,3.1521451875462927,3.1521451875462927,6.456814289093018
1,20.000000059628114,0.830589544663994,1.015052850899138,15,15,3.4447813805169303,3.4447813805169303,6.793042182922363
2,30.00000008944217,0.8329122973428914,1.8205031502971234,11,11,3.5144655981870607,3.5144655981870607,7.378704071044922
3,40.00000011925623,0.8808137756232475,1.7001468766969292,19,19,3.2595836451157916,3.2595836451157916,6.289377212524414
4,50.00000014907029,0.9579993665886455,1.513040951196345,16,16,3.3776308175820455,3.3776308175820455,6.646712303161621
5,60.00000017888434,1.0671101862789563,1.6357929851342603,28,28,3.156088233715173,3.156088233715173,6.634448051452637
6,70.0000002086984,1.0049636125218735,1.5775816437842203,10,10,3.4626583807786644,3.4626583807786644,6.699581623077393
7,80.00000023851246,1.177492894696596,2.5657326551621233,18,18,3.460978348570551,3.460978348570551,6.4927191734313965
8,90.00000026832652,1.1781804508239608,3.4130562624225402,19,19,3.60469662895244,3.60469662895244,8.211447715759277
9,100.00000029814058,1.1650416265688144,2.9140792295793108,25,25,3.1643244511950592,3.1643244511950592,7.87927770614624
10,110.00000032795462,1.3432311775067334,2.967837202343615,29,29,3.3619868547505463,3.3619868547505463,7.395473957061768
11,120.00000035776868,1.439644135387905,3.665308853797976,20,20,3.5534996071088614,3.5534996071088614,7.930508613586426
12,130.00000038758273,1.5371915060939416,3.3710450448362104,32,32,3.2397135188957877,3.2397135188957877,7.931390285491943
13,140.0000004173968,1.6342859822784832,3.433809032561332,9,9,3.464597921574187,3.464597921574187,7.640892505645752
14,150.00000044721085,1.747664435876699,2.645831083783343,15,15,3.3293636650376803,3.3293636650376803,7.440117835998535
15,160.0000004770249,1.6708241461714664,2.5245043605104667,10,10,3.242472616514304,3.242472616514304,6.795236110687256
16,170.00000050683897,1.7872357999616235,2.259337404654769,19,19,3.155347421168658,3.155347421168658,6.168842792510986
17,180.00000053665303,1.8693339147994197,1.9664966326897368,14,14,3.358698369395579,3.358698369395579,7.123933792114258
18,190.0000005664671,1.7895088383445568,3.1113689336451658,22,23,3.170694472057009,3.170694472057009,7.893098831176758
19,200.00000059628115,1.7102143770795653,3.220563009469791,10,10,3.4835060809408223,3.4835060809408223,7.680788516998291
20,210.0000006260952,1.6895828475179764,2.8411188810858117,14,14,3.478142405007822,3.478142405007822,7.492921352386475
21,220.00000065590925,1.8550758100486635,4.052619859170015,15,15,3.299737302152279,3.299737302152279,8.754058837890625
22,230.0000006857233,1.7251840380855041,3.6883011163025445,13,13,3.083430938676046,3.083430938676046,8.696640014648438
23,240.00000071553737,1.7291526245804358,4.655198048763837,26,26,3.1793386762195235,3.1793386762195235,8.789913177490234
24,250.00000074535143,1.7083084385606928,4.822523598603399,18,18,3.20946394967301,3.20946394967301,8.642982482910156
25,260.00000077516546,1.6821259993209934,4.257609933249417,5,5,3.462903948788614,3.462903948788614,8.097029685974121
26,270.00000080497955,1.678499098573202,4.71285783057738,9,9,3.402756418752716,3.402756418752716,8.505175590515137
27,280.0000008347936,1.7378089004105324,4.460705577653839,15,15,3.2325661226066065,3.2325661226066065,8.26718807220459
28,290.00000086460767,1.70724109279589,4.6573048830784165,15,15,3.6353150632770665,3.6353150632770665,8.441051483154297
29,300.0000008944217,1.794153752190175,4.9974183729107375,30,30,3.0930128901923473,3.0930128901923473,8.368962287902832
30,310.0000009242358,1.8137063947451944,4.940471404788877,25,25,3.286136277231954,3.286136277231954,8.682103157043457
31,320.0000009540498,1.7999170088554486,4.156793638247291,14,14,3.309751401181698,3.309751401181698,8.244599342346191
32,330.00000098386386,1.9329344086708908,4.051019688562888,25,25,2.9335595841624067,2.9335595841624067,8.195782661437988
33,340.00000101367795,1.729515437927679,4.744567322247722,9,9,3.2379692894496004,3.2379692894496004,8.569743156433105
34,350.000001043492,1.9270758473227165,3.628968312846977,15,15,3.4258734595384097,3.4258734595384097,7.62258768081665
35,360.00000107330607,1.8927095265781626,4.067653022136682,6,6,3.5927000935952886,3.5927000935952886,8.847877502441406
36,370.0000011031201,1.8703418490046386,3.602211661697669,10,10,3.503580911693909,3.503580911693909,8.049592018127441
37,380.0000011329342,1.9963724051550105,3.585032201882005,3,3,3.575280505042936,3.575280505042936,8.200854301452637
38,390.0000011627482,1.918761662959376,3.5205340421928946,10,10,3.451063866486782,3.451063866486782,8.560495376586914
39,400.0000011925623,1.9133892153454808,3.8724772403333314,10,10,3.4725799013402807,3.4725799013402807,8.680397033691406
40,410.00000122237634,1.9351962314199775,4.602711506878494,4,4,3.738909615322441,3.738909615322441,9.290005683898926
41,420.0000012521904,1.9932381497658316,2.925382640989859,14,14,3.414981221169635,3.414981221169635,8.109410285949707
42,430.00000128200446,1.8388184255970952,3.714748756363941,19,19,3.4017670074574817,3.4017670074574817,8.32514476776123
43,440.0000013118185,1.9258407099656631,3.686245226704894,13,13,3.4314087495313355,3.4314087495313355,8.156620025634766
44,450.0000013416326,1.8025096864087846,4.194589126375279,12,12,3.6036432581355498,3.6036432581355498,8.49914836883545
45,460.0000013714466,1.820085672867253,3.6134598609070667,8,8,3.4886954853471313,3.4886954853471313,8.466706275939941
46,470.0000014012607,1.90614637151563,3.5987710327391627,13,13,3.507637839057219,3.507637839057219,8.190787315368652
47,480.00000143107474,1.9216204632033276,4.068401552438113,12,12,3.414357155320054,3.414357155320054,8.657539367675781
48,490.00000146088877,1.8776976897603501,3.4751114980904516,6,6,3.5133461232932626,3.5133461232932626,8.17949390411377
49,500.00000149070286,1.7958355631443619,4.057002094746209,4,4,3.3688783171138104,3.3688783171138104,8.820913314819336
50,510.0000015205169,1.857642167174621,3.8951386324134547,3,3,3.6523453860231845,3.6523453860231845,9.065059661865234
51,520.0000015503309,1.875485381877829,3.522039995724586,7,7,3.6779433285359,3.6779433285359,8.075573921203613
52,530.0000015801451,1.7460512600367848,3.5774252872908896,18,18,3.5249651132134945,3.5249651132134945,8.212067604064941
53,540.0000016099591,1.655689736215438,3.2528920130182954,17,17,3.368272176933371,3.368272176933371,7.457391262054443
54,550.0000016397731,1.6202774976761956,3.8073054449861496,8,8,3.64019992193099,3.64019992193099,8.382989883422852
55,560.0000016695872,1.6785714435457177,3.616384581264652,16,16,3.1863701260351167,3.1863701260351167,8.470518112182617
56,570.0000016994012,1.8796927310295786,4.98883346446495,16,16,3.572846930350059,3.572846930350059,9.494601249694824
57,580.0000017292153,1.9176644033365118,4.26258973066535,18,18,3.5782197863797323,3.5782197863797323,8.857749938964844
58,590.0000017590294,1.755913989656189,4.1270074768086165,20,20,3.243600577983566,3.243600577983566,8.276204109191895
59,600.0000017888434,1.763719946871869,4.264853244046802,15,15,3.2110207422560855,3.2110207422560855,8.542013168334961
60,610.0000018186574,1.7055100090631168,4.456984238265104,15,15,3.2031371419770434,3.2031371419770434,8.82734489440918
61,620.0000018484716,1.746071036479293,4.287600189843397,22,22,2.9932660318391187,2.9932660318391187,8.58281421661377
62,630.0000018782856,1.7183784045509962,3.497355788405174,9,9,3.419252856844353,3.419252856844353,7.872159957885742
63,640.0000019080996,1.8118202524000901,4.070481282711083,9,9,3.480942912681175,3.480942912681175,8.29312515258789
64,650.0000019379137,1.8074849160240276,3.7571807875463317,8,8,3.427436739559039,3.427436739559039,8.113679885864258
65,660.0000019677277,1.7471450255755938,3.1163787093866326,12,12,3.6233787596653895,3.6233787596653895,7.213146686553955
66,670.0000019975419,1.8439362765295677,2.808760920628521,10,10,3.3525967749159706,3.3525967749159706,6.890621662139893
67,680.0000020273559,1.7802401783239903,3.4638791637471624,2,2,3.6587132489197827,3.6587132489197827,7.816166877746582
68,690.0000020571699,1.875850813222872,3.2637782108965854,16,16,3.426610313726985,3.426610313726985,7.198805809020996
69,700.000002086984,1.8193153989024249,3.3904140549958965,6,6,3.2393844871121087,3.2393844871121087,8.06808090209961
70,710.0000021167981,1.8892978855308475,3.0657814511586476,1,1,3.984476427301481,3.984476427301481,8.055474281311035
71,720.0000021466121,1.8077868139222084,3.2025329048534967,4,4,3.7329309049350416,3.7329309049350416,7.970128059387207
72,730.0000021764262,1.9560477739191595,3.5941947684365267,9,9,3.4084784239814807,3.4084784239814807,7.62985897064209
73,740.0000022062402,1.9729628771192929,2.8558413139243526,20,20,3.3011848060137825,3.3011848060137825,6.802504062652588
74,750.0000022360542,1.827783344014903,2.876073137562425,13,13,3.401802853575163,3.401802853575163,7.160862922668457
75,760.0000022658684,1.8744862513005502,2.648304656862214,19,19,3.258215245346652,3.258215245346652,6.631995677947998
76,770.0000022956824,1.8714920294500856,2.933358117889525,15,15,3.3003523762147533,3.3003523762147533,6.469675064086914
77,780.0000023254964,1.843761577333215,2.5995674713261403,18,18,3.2804572551750115,3.2804572551750115,6.3162665367126465
78,790.0000023553105,1.7676280383705238,2.248783819857635,18,18,3.2616864240562475,3.2616864240562475,6.284971237182617
79,800.0000023851246,1.7137826445245823,2.950191847646718,10,10,3.608208493601712,3.608208493601712,7.398171424865723
80,810.0000024149386,1.858557314716837,3.051115951874585,14,14,3.4046893247061063,3.4046893247061063,6.73681640625
81,820.0000024447527,1.8454182650658337,2.650692757330215,8,8,3.4286539613479006,3.4286539613479006,6.99843692779541
82,830.0000024745667,1.862363606474711,3.000204061703204,12,13,3.2002507179674553,3.2002507179674553,6.7396345138549805
83,840.0000025043807,1.846344370234269,2.4125502228035485,29,31,3.213857296933542,3.213857296933542,6.048213005065918
84,850.0000025341949,1.889809674561624,2.5858712984302863,15,15,3.1471306284583154,3.1471306284583154,6.16913366317749
85,860.0000025640089,1.8937202811336304,2.3759115579524877,17,17,3.2705769268637574,3.2705769268637574,6.640133380889893
86,870.000002593823,1.9315207578795408,2.4005555100832354,31,32,3.2868323498335643,3.2868323498335643,5.760223865509033
87,880.000002623637,2.0566624751454765,2.443804415399315,16,16,3.2791299532523794,3.2791299532523794,6.164063930511475
88,890.000002653451,2.016018000743628,2.2734782831318943,11,11,3.6308196675479842,3.6308196675479842,6.5860276222229
89,900.0000026832652,1.9792750136664738,2.2264323004452247,12,12,3.236195782087826,3.236195782087826,6.939985275268555
90,910.0000027130792,2.011836626003562,3.0272482175740647,12,12,3.44107329349416,3.44107329349416,7.223536491394043
91,920.0000027428932,1.9346353572671422,3.2560926693876038,9,9,3.5158235909550575,3.5158235909550575,7.611013412475586
92,930.0000027727073,1.915985541029885,2.759937258540543,13,13,3.496603880552249,3.496603880552249,6.8734893798828125
93,940.0000028025214,1.856117666763199,2.5077250431919245,14,14,3.4431854187185267,3.4431854187185267,6.621408939361572
94,950.0000028323354,1.8270288186400567,2.461609669408788,15,15,3.5355138545283262,3.5355138545283262,6.508441925048828
95,960.0000028621495,1.723705353287469,2.811733569816915,12,12,3.5278879106551377,3.5278879106551377,6.961798667907715
96,970.0000028919635,1.940431502632786,2.54978344301384,22,22,3.5077961830297344,3.5077961830297344,5.874517440795898
97,980.0000029217775,1.8466639329913221,3.128250955678785,10,10,3.4219197382519697,3.4219197382519697,7.1648054122924805
98,990.0000029515917,1.8241938694894837,2.580225952101939,17,17,3.340967492711234,3.340967492711234,6.1128339767456055
99,1000.0000029814057,1.8419933217926423,2.6280482108786445,20,20,3.5430872735473753,3.5430872735473753,6.500649452209473
100,1010.0000030112197,1.9223681173272604,2.388029169335218,15,15,3.5555555037000692,3.5555555037000692,6.289238929748535
101,1020.0000030410338,1.895145570534835,2.1717802390359955,9,9,3.7043242205554714,3.7043242205554714,6.689309597015381
102,1030.000003070848,1.9560870189993635,2.456100955301079,18,18,3.540224511805948,3.540224511805948,6.184539794921875
103,1040.0000031006618,1.9458725381662223,2.5265501224096454,18,20,3.4608217043342475,3.4608217043342475,5.860202312469482
104,1050.000003130476,1.9800743317671443,2.2783929756600796,13,13,3.4547648707678036,3.4547648707678036,5.907826900482178
105,1060.0000031602901,2.064806196219729,2.471109768428235,15,15,3.6967694755938494,3.6967694755938494,6.342580795288086
106,1070.000003190104,1.9107249238787418,2.3842801105767126,29,31,3.4446808821558488,3.4446808821558488,5.625831604003906
107,1080.0000032199182,1.9366069396893633,2.5893678712340567,22,22,3.3680386980082653,3.3680386980082653,5.563089370727539
108,1090.0000032497321,1.788213292853878,2.2450069794323513,14,14,3.1602042745456984,3.1602042745456984,5.811471462249756
109,1100.0000032795463,1.8616229438152245,2.2140471695861885,13,13,3.492482501269994,3.492482501269994,6.000572681427002
110,1110.0000033093604,1.840664300154557,2.358581213508267,22,22,3.341709856466435,3.341709856466435,5.828959941864014
111,1120.0000033391743,1.8995927816417755,2.134482640088732,17,17,3.473892950270571,3.473892950270571,6.1918625831604
112,1130.0000033689885,1.8934061189871605,2.3407080481495037,22,22,3.268945000678654,3.268945000678654,6.431205749511719
113,1140.0000033988024,1.975892596373807,2.9333302708014815,27,27,3.3765104513976945,3.3765104513976945,5.286952495574951
114,1150.0000034286165,2.0731860941202025,2.5791518657065504,16,16,3.4716837595988226,3.4716837595988226,6.318177223205566
115,1160.0000034584307,1.9712962949231063,2.259126276815544,11,11,3.476729363243097,3.476729363243097,6.5311408042907715
116,1170.0000034882446,2.1401795384586753,2.4823819362337427,12,12,3.3715738861045788,3.3715738861045788,6.341659069061279
117,1180.0000035180587,2.0109502601952256,2.962034720641611,14,14,3.6866503700663382,3.6866503700663382,6.951069355010986
118,1190.000003547873,1.9128771147606944,2.6854819350255887,22,22,3.349579654746979,3.349579654746979,5.985514163970947
119,1200.0000035776868,1.9163831932523911,3.3955947400642343,11,11,3.6466271609358487,3.6466271609358487,7.1009016036987305
120,1210.000003607501,2.0779173337914814,2.7984287495185405,19,19,3.4445791652333444,3.4445791652333444,6.420670032501221
121,1220.0000036373149,2.1633995592902147,3.656592531895863,18,18,3.5425444496216225,3.5425444496216225,6.7810516357421875
122,1230.000003667129,2.209014248163408,2.5265793469032904,17,17,3.5940021130767885,3.5940021130767885,5.768415451049805
123,1240.0000036969432,2.240940318113831,2.483531320838938,10,10,3.465743334036353,3.465743334036353,6.077834606170654
124,1250.000003726757,2.1073416016504263,2.5398383847303294,16,16,3.3326205857230167,3.3326205857230167,5.966706275939941
125,1260.0000037565712,2.171561599511905,2.63406455903342,12,12,3.145027222193252,3.145027222193252,6.586033344268799
126,1270.0000037863852,2.3253252531690127,2.3394701424374653,5,5,3.80162113401904,3.80162113401904,6.250378608703613
127,1280.0000038161993,2.2572935883349827,2.431047176384478,21,21,3.488793425872741,3.488793425872741,5.796825408935547
128,1290.0000038460134,2.2889344987210114,2.7891315085219306,20,20,3.4657534296050954,3.4657534296050954,5.999196529388428
129,1300.0000038758274,2.116677771903129,2.5079372361097714,8,8,3.5840195347740598,3.5840195347740598,6.062965393066406
130,1310.0000039056415,2.203036909962407,2.7671309948807923,7,7,3.3642731539310957,3.3642731539310957,6.728262901306152
131,1320.0000039354554,2.234466334761403,3.2007298873583183,9,9,3.4679195103842657,3.4679195103842657,6.214677810668945
132,1330.0000039652696,2.223859810458663,3.290969707994844,13,13,3.329387224777396,3.329387224777396,6.740274429321289
133,1340.0000039950837,2.273827860091297,2.952706542347108,9,9,3.3220444636377895,3.3220444636377895,6.326220512390137
134,1350.0000040248976,2.1679213860464763,3.273249158176993,12,12,3.5201324393983864,3.5201324393983864,6.918842315673828
135,1360.0000040547118,2.1326296447960176,3.914407374000033,6,6,3.6437208645617507,3.6437208645617507,7.250152587890625
136,1370.0000040845257,2.0679860225767115,3.5131691928777444,12,12,3.229206368892983,3.229206368892983,6.952022075653076
137,1380.0000041143398,2.048586824548849,3.9274486017070265,10,10,3.582478430058109,3.582478430058109,7.019857406616211
138,1390.000004144154,2.107247475443054,3.2464724864825194,13,13,3.578117975654452,3.578117975654452,7.412452697753906
139,1400.000004173968,1.9385579717945562,3.7851920957705807,9,9,3.513497797382668,3.513497797382668,7.573037624359131
140,1410.000004203782,2.064555032985044,3.729131047877918,11,11,3.575398597816153,3.575398597816153,7.352537631988525
141,1420.0000042335962,2.087603634878204,3.460768214361105,19,19,3.4117184493271084,3.4117184493271084,7.654637813568115
142,1430.0000042634101,2.0764498405658895,3.5236894907316776,6,6,3.449429175063705,3.449429175063705,7.777978897094727
143,1440.0000042932243,2.021100513347935,3.8346900409366724,8,8,3.6128154347026706,3.6128154347026706,8.393455505371094
144,1450.0000043230382,2.0433544111066597,3.35796091305857,19,19,3.1360937602815007,3.1360937602815007,7.632583141326904
145,1460.0000043528523,1.9264275081628666,2.975607352774007,16,16,3.3989326342464734,3.3989326342464734,7.079430103302002
146,1470.0000043826665,1.8871700778158818,3.9302359438352727,21,21,3.155761234894319,3.155761234894319,7.647650718688965
147,1480.0000044124804,2.008713695703594,3.9238055439672777,19,19,3.581875075639238,3.581875075639238,8.033342361450195
148,1490.0000044422945,1.9003162235690911,3.801489523611407,24,24,3.1932148522405375,3.1932148522405375,7.305426120758057
149,1500.0000044721085,1.8802616602400355,3.3871925719431286,15,15,3.1358969427768737,3.1358969427768737,7.169471740722656
150,1510.0000045019226,1.875574101243788,3.272767764341203,10,10,3.410286479124169,3.410286479124169,7.52345609664917
151,1520.0000045317367,1.8220429404760998,4.429188836801028,16,16,3.2592022517611356,3.2592022517611356,8.17296028137207
152,1530.0000045615507,1.9365111245411075,4.7742518668514125,10,10,3.6527670745870378,3.6527670745870378,8.150309562683105
153,1540.0000045913648,1.9075874254977148,4.121876573860269,9,9,3.514329722507935,3.514329722507935,7.767216205596924
154,1550.0000046211787,1.9619319976509075,3.928794224110776,16,16,3.404757330044514,3.404757330044514,7.478011608123779
155,1560.0000046509929,1.7635103842427333,3.4234258792854435,17,17,3.5051765028840696,3.5051765028840696,6.973080158233643
156,1570.000004680807,1.786171270836684,3.2752700096488376,11,11,3.7105247367079235,3.7105247367079235,6.999200344085693
157,1580.000004710621,1.7875697139271491,3.0594831660741013,13,13,3.4499072255482566,3.4499072255482566,6.914859771728516
158,1590.000004740435,1.7111310401214963,2.963307356902217,13,13,3.45416760366788,3.45416760366788,6.8501057624816895
159,1600.0000047702492,1.7855165824737724,3.0537097692295316,10,10,3.7086118360278886,3.7086118360278886,7.044188022613525
160,1610.0000048000632,1.7829855166904933,2.8894885033898525,13,13,3.5994970447196737,3.5994970447196737,6.733267307281494
161,1620.0000048298773,1.8059779662674667,2.817742632881388,10,10,3.53139875907322,3.53139875907322,6.932318687438965
162,1630.0000048596912,1.83352779228538,2.8505638111628686,16,16,3.4735420227874156,3.4735420227874156,6.7142229080200195
163,1640.0000048895054,1.8002860390157356,2.8338454267155826,19,19,3.4999556865879655,3.4999556865879655,6.388364315032959
164,1650.0000049193195,1.8017654764309396,3.0039475690158466,11,11,3.411237856421324,3.411237856421324,6.649804592132568
165,1660.0000049491334,1.919126667162258,3.1025684241642932,14,14,3.50791764223189,3.50791764223189,6.677189350128174
166,1670.0000049789476,1.874226994537603,2.873178140639534,16,16,3.257675371707213,3.257675371707213,6.582787990570068
167,1680.0000050087615,1.8321495034078406,3.424346401636583,13,13,3.588560629507288,3.588560629507288,6.967992305755615
168,1690.0000050385756,1.7927977999305922,3.0283022403751776,12,12,3.39191672527806,3.39191672527806,6.5547332763671875
169,1700.0000050683898,1.8407715220068173,3.6068394697798327,11,11,3.4043755090714622,3.4043755090714622,6.785980701446533
170,1710.0000050982037,1.7143549119686985,3.673493372916632,12,12,3.3405338998807133,3.3405338998807133,7.200538158416748
171,1720.0000051280178,1.7494648471589405,3.52969152065534,14,14,3.395672522068489,3.395672522068489,7.066588878631592
172,1730.0000051578318,1.7998443663718,3.5846127745952714,13,13,3.691003930820066,3.691003930820066,7.117238521575928
173,1740.000005187646,1.7908297637935393,4.402064338531788,15,15,3.3547147458898734,3.3547147458898734,7.822253227233887
174,1750.00000521746,1.705286597857347,4.289402104280199,13,13,3.3566542054211213,3.3566542054211213,7.20067834854126
175,1760.000005247274,1.864407835025536,3.910494474238918,12,12,3.25809681786292,3.25809681786292,6.806130886077881
176,1770.0000052770881,1.84296944794876,5.116701992487933,22,22,3.148421571086659,3.148421571086659,8.106627464294434
177,1780.000005306902,1.838566750674887,5.3656192639045495,13,13,3.530883525264928,3.530883525264928,8.4298734664917
178,1790.0000053367162,1.8345645658102152,4.90352079420345,6,6,3.542706115433675,3.542706115433675,7.452905654907227
179,1800.0000053665303,1.8871820772596597,5.107789028162113,10,10,3.2960331096196525,3.2960331096196525,8.057184219360352
180,1810.0000053963442,1.8706117722123763,4.349323984532585,20,20,3.4586204677184114,3.4586204677184114,6.223455429077148
181,1820.0000054261584,1.8578261085214354,4.150320132048212,20,20,3.3334468970830033,3.3334468970830033,6.466737747192383
182,1830.0000054559725,1.8876928868468088,4.1740909814205205,12,12,3.351519387278818,3.351519387278818,7.173915863037109
183,1840.0000054857865,1.8292427836888763,4.969672800076891,15,15,3.363884122722818,3.363884122722818,7.628384113311768
184,1850.0000055156006,1.8745524848408488,4.092324683498703,13,13,3.3602879872572706,3.3602879872572706,6.944293022155762
185,1860.0000055454145,1.8954101292151961,4.218034596584456,12,12,3.377088270157469,3.377088270157469,7.405519962310791
186,1870.0000055752287,1.8631992037324616,3.8001148981450266,13,13,3.348881995977488,3.348881995977488,7.191678524017334
187,1880.0000056050428,1.8268220666796182,3.9786821251415043,22,22,3.5001038080525606,3.5001038080525606,6.874746322631836
188,1890.0000056348567,1.9479660530213339,3.8935502995686484,15,15,3.259655191869723,3.259655191869723,6.6570725440979
189,1900.0000056646709,1.974945101076212,3.6221454591292304,4,4,3.764010466291368,3.764010466291368,7.182158946990967
190,1910.0000056944848,1.9660883844461141,3.1737281122164345,26,26,3.2657864398438003,3.2657864398438003,6.484371662139893
191,1920.000005724299,1.8907686566716464,3.2121112533941183,20,20,3.387159317486529,3.387159317486529,6.307027816772461
192,1930.000005754113,1.8989167254963175,2.5789791631716175,18,18,3.296303435515045,3.296303435515045,6.2719645500183105
193,1940.000005783927,1.77377712601274,3.208020065059618,16,16,3.511267149174905,3.511267149174905,7.021501064300537
194,1950.0000058137412,1.8444816887666864,3.1639613114861898,17,17,3.4325850738440775,3.4325850738440775,6.092965602874756
195,1960.000005843555,1.7133889935495623,3.379523822548208,13,13,3.4479251314106083,3.4479251314106083,6.8301849365234375
196,1970.0000058733692,1.5802104743541683,2.7183503470480463,22,22,3.448115605016653,3.448115605016653,6.725279808044434
197,1980.0000059031834,1.628413135190093,2.8103016829773075,16,16,3.3735464151948533,3.3735464151948533,6.304738521575928
198,1990.0000059329973,1.6193755529187053,3.072172645079608,19,19,3.624815904550257,3.624815904550257,6.554359436035156
199,2000.0000059628114,1.6803766390227846,2.8889074842194935,23,23,3.428076511609165,3.428076511609165,6.856975555419922
200,2010.0000059926253,1.5893799316970771,2.493687995993546,22,22,3.3520420157927533,3.3520420157927533,6.203798770904541
201,2020.0000060224395,1.5822922543509788,3.7540685498597575,15,15,3.5907910867002393,3.5907910867002393,6.956981182098389
202,2030.0000060522536,1.709237221227129,3.458590771991112,8,8,3.4693735695565255,3.4693735695565255,7.0538835525512695
203,2040.0000060820676,1.7052370911997154,3.2385402238774907,12,12,3.51719502586981,3.51719502586981,7.115480899810791
204,2050.0000061118817,1.7394162450772097,3.4816900779188633,24,24,3.4273118851989026,3.4273118851989026,7.068793296813965
205,2060.000006141696,1.7034079785491891,3.3656435649777774,15,15,3.6200738279357285,3.6200738279357285,7.008256912231445
206,2070.00000617151,1.8348734004515042,3.7919673261567777,19,19,3.541968974229752,3.541968974229752,7.095141410827637
207,2080.0000062013237,1.7906064078530186,4.018723178802327,10,10,3.66241333873592,3.66241333873592,7.511116027832031
208,2090.000006231138,1.72502096277346,3.690280309996905,12,12,3.314488112093478,3.314488112093478,7.118754863739014
209,2100.000006260952,1.6676212763109775,4.228068580879532,25,25,3.3621325301305216,3.3621325301305216,7.190690994262695
210,2110.000006290766,1.6494113459149016,4.719625376025736,13,13,3.4497992809390174,3.4497992809390174,7.875752925872803
211,2120.0000063205803,1.6458981657480771,5.219826793079556,6,6,3.593926876243533,3.593926876243533,8.694189071655273
212,2130.000006350394,1.6413001720826237,5.1294221792381975,6,6,3.604280149214871,3.604280149214871,8.597140312194824
213,2140.000006380208,1.689858363130194,5.1207351150367115,18,18,3.175106507248938,3.175106507248938,7.830792427062988
214,2150.0000064100223,1.687153998029582,5.116372795031517,18,18,3.3502178774041864,3.3502178774041864,8.061944007873535
215,2160.0000064398364,1.8235553943092975,5.168406480477906,12,12,3.5146245078289855,3.5146245078289855,7.94398832321167
216,2170.0000064696505,1.8858032862644083,4.904011065427379,21,21,3.3531449948149663,3.3531449948149663,7.8506951332092285
217,2180.0000064994642,1.9158401618648104,4.511138900361656,12,12,3.21299817781482,3.21299817781482,8.020829200744629
218,2190.0000065292784,1.930132105557628,4.842749539392254,16,16,3.129245551829357,3.129245551829357,7.950422763824463
219,2200.0000065590925,1.8987950550660555,5.137501959435767,7,7,3.5573006141715315,3.5573006141715315,8.669034004211426
220,2210.0000065889067,1.9333530098579554,6.334446595840681,17,17,3.1831861734640507,3.1831861734640507,9.454333305358887
221,2220.000006618721,1.9112872328162935,5.62922920647241,16,16,3.1651516378133224,3.1651516378133224,8.812633514404297
222,2230.0000066485345,1.8885273321225886,5.392201392270253,15,15,3.481083956471294,3.481083956471294,8.616131782531738
223,2240.0000066783487,1.8021559818208646,6.196593155171574,1,1,3.5363310246726662,3.5363310246726662,9.762555122375488
224,2250.000006708163,1.9345333915313034,4.877663598891181,13,13,3.360810907604948,3.360810907604948,8.34250259399414
225,2260.000006737977,1.938991649333818,5.970838242367054,16,16,3.4287448724628464,3.4287448724628464,8.932997703552246
226,2270.000006767791,1.8793081693714206,4.955574341711878,17,17,3.5598639611150595,3.5598639611150595,7.806473731994629
227,2280.000006797605,1.8175736414888977,5.261817560630143,14,14,3.320562140083613,3.320562140083613,8.277543067932129
228,2290.000006827419,1.8659076515218607,5.155742888418384,16,16,3.2921516751643742,3.2921516751643742,8.308237075805664
229,2300.000006857233,1.9097622499866238,5.777204381163614,17,17,3.1559831654245216,3.1559831654245216,8.865446090698242
230,2310.000006887047,1.893389388589618,6.430508123422105,7,7,3.7244354703505445,3.7244354703505445,9.160353660583496
231,2320.0000069168614,1.7637106792420452,6.226378317796382,9,9,3.49615971120665,3.49615971120665,9.224003791809082
232,2330.000006946675,1.858106274720774,6.213499577454684,8,8,3.3636553003991962,3.3636553003991962,8.90048885345459
233,2340.000006976489,1.8351073041115826,6.456134082304299,8,8,3.5932998955304836,3.5932998955304836,9.574028968811035
234,2350.0000070063033,1.9259544259211978,6.270348979749546,11,11,3.4654711254059682,3.4654711254059682,9.533332824707031
235,2360.0000070361175,1.8618664310290465,6.3545614165150015,10,10,3.5651621406436074,3.5651621406436074,9.734025001525879
236,2370.0000070659316,1.7600989136048297,6.391631432823403,19,19,3.2567015107750814,3.2567015107750814,9.227989196777344
237,2380.000007095746,1.704715447218401,6.287423869224366,9,9,3.4415850278059286,3.4415850278059286,9.32515811920166
238,2390.0000071255595,1.730768578674204,5.771077148138127,11,11,3.641265058632963,3.641265058632963,8.705265045166016
239,2400.0000071553736,1.947881141214357,6.18806201797487,11,11,3.5918314737919124,3.5918314737919124,9.232950210571289
240,2410.0000071851878,1.863913379197505,6.3358803763517475,7,7,3.4943225187920945,3.4943225187920945,9.546875
241,2420.000007215002,2.0098041712204058,7.127436565027872,3,3,3.9146935770183746,3.9146935770183746,10.45136833190918
242,2430.000007244816,1.907845938976994,5.889238510298806,16,16,3.364998612286225,3.364998612286225,8.381745338439941
243,2440.0000072746298,1.9045308861596715,6.075422416083933,18,18,3.363136849451515,3.363136849451515,8.72925090789795
244,2450.000007304444,1.9383215724898746,6.386237630391899,15,15,3.3301184436915334,3.3301184436915334,9.368611335754395
245,2460.000007334258,1.868941329728689,6.322209709776351,13,13,3.5112543660720923,3.5112543660720923,8.890019416809082
246,2470.000007364072,1.8966241338343963,6.018040169445462,10,10,3.519833890467356,3.519833890467356,8.38987922668457
247,2480.0000073938863,1.8409013645604273,6.822862919163774,16,16,3.286605462307982,3.286605462307982,9.598747253417969
248,2490.0000074237,1.9121592996826369,6.205261478780168,11,11,3.36828940803753,3.36828940803753,8.60009765625
249,2500.000007453514,1.9072557209694738,6.596199905898977,9,9,3.5477132166438237,3.5477132166438237,9.086641311645508
250,2510.0000074833283,1.8987471248431056,6.51412085023232,16,16,3.3983190408490374,3.3983190408490374,8.156201362609863
251,2520.0000075131425,1.8631007036603666,6.136491228354377,9,9,3.493292235265104,3.493292235265104,8.382651329040527
252,2530.0000075429566,1.8146591101977034,6.63313616674323,6,6,3.6424000258761318,3.6424000258761318,9.148914337158203
253,2540.0000075727703,1.80713506211464,6.854977203641426,14,14,3.2528131915534075,3.2528131915534075,9.353700637817383
254,2550.0000076025844,1.7298956085679773,6.577726517741506,17,17,3.4284687387198285,3.4284687387198285,8.868310928344727
255,2560.0000076323986,1.702316881572165,6.627727764010619,8,8,3.232139829706509,3.232139829706509,8.947633743286133
256,2570.0000076622127,1.707359758208614,6.671785394544797,12,12,3.2537992485938596,3.2537992485938596,8.916290283203125
257,2580.000007692027,1.8583670452007643,6.45867066946616,17,17,3.4647286175072223,3.4647286175072223,8.685127258300781
258,2590.0000077218406,1.8224128753818314,6.311050134275262,10,10,3.430225506380142,3.430225506380142,8.677289962768555
259,2600.0000077516547,1.7943131104586783,6.669563792284788,13,13,3.285616727044972,3.285616727044972,9.36763858795166
260,2610.000007781469,1.9059430908653714,7.677230232126723,1,1,3.9545856621334625,3.9545856621334625,10.293384552001953
261,2620.000007811283,1.8866460354567498,8.230795701067418,7,7,3.61145873303028,3.61145873303028,10.599766731262207
262,2630.000007841097,1.8868975975017959,7.464928384190732,18,18,3.4381375452501794,3.4381375452501794,9.438126564025879
263,2640.000007870911,1.8517080605063614,7.707435837257319,13,13,3.2978876776112913,3.2978876776112913,9.214491844177246
264,2650.000007900725,1.8449410950201748,7.987350026931948,9,9,3.5206568014657975,3.5206568014657975,9.977262496948242
265,2660.000007930539,1.8403667815267728,6.371301783936823,13,13,3.5310181317183336,3.5310181317183336,8.970250129699707
266,2670.0000079603533,1.8772667200234998,7.028488188317889,7,7,3.513612723532439,3.513612723532439,9.411767959594727
267,2680.0000079901674,1.94207610618673,6.4647328616955955,12,12,3.5350053910708685,3.5350053910708685,8.680665016174316
268,2690.000008019981,1.9399510455944091,7.177835657144871,15,15,3.4766922621217007,3.4766922621217007,9.612077713012695
269,2700.0000080497953,1.925521086282801,7.26001535273238,16,16,3.3435007060838267,3.3435007060838267,9.468598365783691
270,2710.0000080796094,1.8979391297496706,7.878879934424164,13,13,3.608484292043787,3.608484292043787,10.017513275146484
271,2720.0000081094236,1.943736108586693,7.868425086093855,9,9,3.622140479392548,3.622140479392548,9.826532363891602
272,2730.0000081392377,1.7392245469680179,8.069395017001284,11,11,3.484171711911879,3.484171711911879,10.390125274658203
273,2740.0000081690514,1.7300207840684025,7.774337423342488,11,11,3.431041310292042,3.431041310292042,10.253581047058105
274,2750.0000081988655,1.728288501606951,7.254065100514013,8,8,3.3453331603602883,3.3453331603602883,9.668457984924316
275,2760.0000082286797,1.7945326288483199,8.577734547116888,7,7,3.659540453799124,3.659540453799124,10.881595611572266
276,2770.000008258494,1.8298137437595723,7.054914209289294,5,5,3.7223686014276405,3.7223686014276405,9.411469459533691
277,2780.000008288308,1.7801724154788803,7.564504500158344,22,22,3.4552726786854575,3.4552726786854575,9.865833282470703
278,2790.000008318122,1.809900401892424,7.461839419779492,9,9,3.660411610488086,3.660411610488086,9.626058578491211
279,2800.000008347936,1.78080340730133,7.787080951582566,10,10,3.637598749948585,3.637598749948585,9.887643814086914
280,2810.00000837775,1.8063235513800078,7.945912713043259,18,18,3.4497714233684618,3.4497714233684618,10.179031372070312
281,2820.000008407564,1.911585516994708,7.528482056799677,1,1,3.989676861491573,3.989676861491573,9.781868934631348
282,2830.0000084373783,1.7548976196427322,7.54653544921277,18,18,3.3488614082266506,3.3488614082266506,9.91357707977295
283,2840.0000084671924,1.8983491802207502,7.250285877903802,6,6,3.3317226118894467,3.3317226118894467,9.516247749328613
284,2850.000008497006,1.912295289403258,7.817868826608625,5,5,3.700157327481311,3.700157327481311,10.224575996398926
285,2860.0000085268202,1.832952847071327,7.3348139666088334,12,12,3.40770563019238,3.40770563019238,9.89861011505127
286,2870.0000085566344,1.9893321408781965,7.3294844702867445,7,7,3.5208644699587053,3.5208644699587053,10.02833080291748
287,2880.0000085864485,2.0116519659285244,7.595049278925982,6,6,3.4005665632022164,3.4005665632022164,10.137661933898926
288,2890.0000086162627,2.041081418283802,8.044587164889618,11,11,3.4666175696075774,3.4666175696075774,10.937633514404297
289,2900.0000086460764,1.9523625916441747,7.829657155206543,8,8,3.5925023861679732,3.5925023861679732,10.530282974243164
290,2910.0000086758905,2.068285142149392,7.770620925465135,11,11,3.542708399188401,3.542708399188401,10.221000671386719
291,2920.0000087057047,2.0430279355240013,7.417279101729746,4,4,3.747445335996512,3.747445335996512,10.369949340820312
292,2930.000008735519,1.9314792136649435,7.714775534639254,10,10,3.550023084509155,3.550023084509155,10.495462417602539
293,2940.000008765333,1.9364637401122202,7.2342484388313455,9,9,3.4662185668190095,3.4662185668190095,10.042093276977539
294,2950.0000087951466,1.9348189024671645,7.96499955954737,12,12,3.5619400730580426,3.5619400730580426,10.575126647949219
295,2960.000008824961,1.966564825722852,7.84183060964227,7,7,3.4862205451126282,3.4862205451126282,10.828056335449219
296,2970.000008854775,1.9220661744527117,8.404386164429352,6,6,3.5614210283585117,3.5614210283585117,11.029764175415039
297,2980.000008884589,1.920732347711686,7.8523454665477335,13,13,3.2726115003811858,3.2726115003811858,10.37817668914795
298,2990.000008914403,1.949872545909814,8.317193397478588,8,8,3.3571093764612465,3.3571093764612465,11.248055458068848
299,3000.000008944217,2.001897417683136,7.391970025371851,9,9,3.5436952247838542,3.5436952247838542,10.168208122253418
300,3010.000008974031,2.0290204568624315,7.835371414330981,11,11,3.25028378260963,3.25028378260963,10.267868041992188
301,3020.000009003845,1.9707610636490733,7.929940436491911,9,9,3.4055426413934815,3.4055426413934815,10.594976425170898
302,3030.0000090336594,1.9531544635053022,7.734346445272431,16,16,3.4665800195058165,3.4665800195058165,10.119861602783203
303,3040.0000090634735,1.93090617729704,7.084613617056265,8,8,3.5363107686018096,3.5363107686018096,9.688023567199707
304,3050.000009093287,1.9090031280695703,8.053423608451139,6,6,3.616626572464383,3.616626572464383,10.54924201965332
305,3060.0000091231013,1.9002021068967927,7.403823016999098,7,7,3.655481764980042,3.655481764980042,9.671802520751953
306,3070.0000091529155,2.006883117842052,7.737046723593844,10,10,3.614531039667648,3.614531039667648,10.244088172912598
307,3080.0000091827296,1.997084451837928,7.748365205054296,2,2,3.7666252210023687,3.7666252210023687,10.320446968078613
308,3090.000009212544,2.0288932807803137,7.339977520519192,1,1,3.805857221072204,3.805857221072204,10.288450241088867
309,3100.0000092423575,2.0551635946666065,7.697048503441711,12,12,3.3031840792298484,3.3031840792298484,10.328034400939941
310,3110.0000092721716,1.9922015869773273,7.244134206619123,18,18,3.4187814694154,3.4187814694154,9.84546184539795
311,3120.0000093019858,1.9770527741803374,7.335997569960744,8,8,3.3137391233185864,3.3137391233185864,9.975484848022461
312,3130.0000093318,1.9329097323553688,8.075478803445844,9,9,3.608591884299564,3.608591884299564,10.89727783203125
313,3140.000009361614,1.8605663985243264,7.415654281860114,9,9,3.5005549140027568,3.5005549140027568,10.570966720581055
314,3150.0000093914277,1.8555177987806766,7.957872471306047,7,7,3.5502093124403205,3.5502093124403205,10.926668167114258
315,3160.000009421242,1.8877702732467365,7.012181258709377,14,14,3.5863561603392937,3.5863561603392937,9.940073013305664
316,3170.000009451056,1.8513837810454308,7.13341516666229,6,6,3.482774915601768,3.482774915601768,10.098533630371094
317,3180.00000948087,1.9019568491629197,7.590523232694839,12,12,3.3950323379573684,3.3950323379573684,10.421547889709473
318,3190.0000095106843,1.9538853511404506,8.045369003242977,8,8,3.692632134070395,3.692632134070395,11.17354679107666
319,3200.0000095404985,1.8647795246372258,7.739571226961552,4,4,3.837824337919692,3.837824337919692,11.051107406616211
320,3210.000009570312,1.8117157276583937,7.475075757606255,8,8,3.689260237429637,3.689260237429637,10.64115047454834
321,3220.0000096001263,1.867179316754961,7.8812901719854755,11,11,3.676463668543822,3.676463668543822,10.870630264282227
322,3230.0000096299405,1.6750667600647766,7.22724953427169,8,8,3.5557346441044415,3.5557346441044415,10.140803337097168
323,3240.0000096597546,1.8231553990514517,8.422758062521194,3,3,3.7447035465058973,3.7447035465058973,11.229400634765625
324,3250.0000096895687,1.8152644543656655,6.999627226305922,13,13,3.204207515528434,3.204207515528434,10.008830070495605
325,3260.0000097193824,1.7818332282690277,7.631979596213098,11,11,3.410545898272342,3.410545898272342,10.799386024475098
326,3270.0000097491966,1.7763411254058463,7.635240188948927,7,7,3.623139172833683,3.623139172833683,11.107975959777832
327,3280.0000097790107,1.8133970167867313,7.039781637425402,8,8,3.466045364848818,3.466045364848818,10.432826042175293
328,3290.000009808825,1.902934979696513,7.649455537561587,15,15,3.49169701199316,3.49169701199316,10.624407768249512
329,3300.000009838639,1.8580444466399684,7.39162680587577,9,9,3.6289828314783965,3.6289828314783965,10.59892749786377
330,3310.0000098684527,1.8462785028395092,7.6677208753544095,12,12,3.2515571218615333,3.2515571218615333,10.692195892333984
331,3320.000009898267,1.6979952713486173,7.746335995010544,5,5,3.6403200386768972,3.6403200386768972,11.085667610168457
332,3330.000009928081,1.9242187922751959,7.171004222867819,7,7,3.572610617212321,3.572610617212321,10.525360107421875
333,3340.000009957895,1.9759087501785915,7.427351517711104,8,8,3.4411729077534736,3.4411729077534736,10.713679313659668
334,3350.0000099877093,1.8535941505593934,7.852106982407962,4,4,3.716941252570217,3.716941252570217,10.510233879089355
335,3360.000010017523,1.7975806567157098,6.975141619666569,7,7,3.498068082868202,3.498068082868202,10.073591232299805
336,3370.000010047337,1.9173977195004106,7.345511600196165,2,2,3.8350484594741716,3.8350484594741716,10.571039199829102
337,3380.0000100771513,1.848942367638663,8.402187563671864,5,5,3.488418848724605,3.488418848724605,11.672964096069336
338,3390.0000101069654,1.901203297926725,7.76385318741701,15,15,3.2077001763859974,3.2077001763859974,10.596845626831055
339,3400.0000101367796,1.8567503903112625,8.204844930419648,8,8,3.1298018458069827,3.1298018458069827,11.242570877075195
340,3410.0000101665933,1.897161721737096,8.71189676006706,10,10,3.396660630437356,3.396660630437356,11.43915843963623
341,3420.0000101964074,1.7154445044788638,7.554323834979871,9,9,3.426010031615146,3.426010031615146,10.513705253601074
342,3430.0000102262215,1.7524858331208069,8.164138583950697,8,8,3.5246478548447824,3.5246478548447824,11.145273208618164
343,3440.0000102560357,1.8138446186622144,8.020039773305191,6,6,3.256435765574266,3.256435765574266,10.911672592163086
344,3450.00001028585,1.8306488450443783,8.687983393396962,3,3,3.481670233438738,3.481670233438738,11.81146240234375
345,3460.0000103156635,1.7709543194528379,9.568025590562874,5,5,3.6865832055294154,3.6865832055294154,12.12755012512207
346,3470.0000103454777,1.7063307748134826,9.827305476778031,0,0,4.18221005328921,4.18221005328921,13.03065013885498
347,3480.000010375292,1.7742492828963452,9.69490865114688,1,1,3.636931042392505,3.636931042392505,13.095467567443848
348,3490.000010405106,1.756194736727689,10.46969143753996,0,0,4.337543602336916,4.337543602336916,13.442117691040039
349,3500.00001043492,1.770802414420405,10.042324599797752,1,1,3.912682134340048,3.912682134340048,12.683897972106934
350,3510.000010464734,1.7784744298521913,10.075390701369974,1,1,3.64784607995991,3.64784607995991,12.973008155822754
351,3520.000010494548,1.7360635496988601,9.526824889945347,2,2,3.7946976967204167,3.7946976967204167,12.169768333435059
352,3530.000010524362,1.639188976284976,10.2871037604434,1,1,3.8050990220670196,3.8050990220670196,12.965744972229004
353,3540.0000105541762,1.855596504658974,9.530528062536417,2,2,3.7761535646588427,3.7761535646588427,12.145522117614746
354,3550.0000105839904,1.850188480301563,9.089156213455883,9,9,3.3577893892951054,3.3577893892951054,11.324079513549805
355,3560.000010613804,1.7440107692659388,8.788596689279265,10,10,3.12598815957064,3.12598815957064,11.072315216064453
356,3570.000010643618,1.8081325263284886,9.075418159996584,11,11,3.088655762628477,3.088655762628477,11.672809600830078
357,3580.0000106734324,1.7748725279450195,8.905010298272664,5,5,3.6464262494200206,3.6464262494200206,11.686168670654297
358,3590.0000107032465,1.7943110840406054,7.911689794246724,6,6,3.763909615774797,3.763909615774797,10.52663516998291
359,3600.0000107330607,1.8243115579478852,8.060309003770302,9,9,3.5808447598961433,3.5808447598961433,10.793768882751465
360,3610.0000107628744,1.7233062229214575,8.530117167663105,7,7,3.6525624136035435,3.6525624136035435,11.169279098510742
361,3620.0000107926885,1.699575681800095,7.439862561638089,9,9,3.5639156969044974,3.5639156969044974,10.297730445861816
362,3630.0000108225026,1.7593607818938826,8.141900700706117,13,13,3.2144633292912332,3.2144633292912332,10.595367431640625
363,3640.000010852317,1.8506198808100112,8.07148699425305,8,8,3.489862435342009,3.489862435342009,10.825517654418945
364,3650.000010882131,1.8396960964401263,7.873065254052276,11,11,3.429195901154375,3.429195901154375,10.115899085998535
365,3660.000010911945,1.8314341568749155,8.687118592651853,3,3,3.772050006056377,3.772050006056377,10.96433162689209
366,3670.000010941759,1.776665243493033,8.783502328159315,9,9,3.5270186240495076,3.5270186240495076,11.247745513916016
367,3680.000010971573,1.8067377904847153,8.589625934313208,7,7,3.561909897746128,3.561909897746128,10.987227439880371
368,3690.000011001387,1.7312061310427662,8.86314682971735,13,13,3.3499341438201986,3.3499341438201986,11.047749519348145
369,3700.000011031201,1.8780203302601346,8.137582531499813,9,9,3.6530333950691247,3.6530333950691247,10.762114524841309
370,3710.0000110610154,1.8824627852997329,8.862476812329067,7,7,3.5884323531167883,3.5884323531167883,11.389678955078125
371,3720.000011090829,1.872345714463615,9.059206440220951,10,10,3.3425949770034196,3.3425949770034196,11.471258163452148
372,3730.000011120643,1.8260764626398247,8.71785186606924,8,8,3.5773577624091364,3.5773577624091364,11.58718490600586
373,3740.0000111504573,1.9069652026622768,8.20819869309034,4,4,3.635138010881238,3.635138010881238,10.630879402160645
374,3750.0000111802715,1.9605175543809061,8.083781264974311,11,11,3.398141591528454,3.398141591528454,10.277101516723633
375,3760.0000112100856,1.8843399958404603,7.878731884778067,12,12,3.437625782080098,3.437625782080098,10.492612838745117
376,3770.0000112398993,1.9467036234607016,7.695412438959248,10,10,3.483801856641802,3.483801856641802,10.665112495422363
377,3780.0000112697135,1.8554893738851188,6.578633786935708,9,9,3.721815515864559,3.721815515864559,9.682577133178711
378,3790.0000112995276,1.895099678929203,6.4329265886814015,11,11,3.488890844006075,3.488890844006075,9.474813461303711
379,3800.0000113293418,1.9311267792301994,7.346528846821509,10,10,3.4665888840524297,3.4665888840524297,10.407245635986328
380,3810.000011359156,1.8760494679191118,7.1211799710286865,11,11,3.2638517630370014,3.2638517630370014,10.001237869262695
381,3820.0000113889696,1.9599754924111763,7.042899595140482,15,15,3.2937712505373256,3.2937712505373256,10.138352394104004
382,3830.0000114187837,1.8791892881483765,7.741359501856852,2,2,3.8305669208700315,3.8305669208700315,10.859265327453613
383,3840.000011448598,1.8213006259702982,7.39428160104655,13,13,3.371179067313514,3.371179067313514,10.311433792114258
384,3850.000011478412,1.9121114588665267,6.8618982659782555,8,8,3.672009795981956,3.672009795981956,9.945110321044922
385,3860.000011508226,1.918469203083906,6.992325314620899,10,10,3.548272220142957,3.548272220142957,10.07422161102295
386,3870.00001153804,1.9306907818314256,7.722498138269959,3,3,3.6729762352710793,3.6729762352710793,10.638325691223145
387,3880.000011567854,1.8461338078219174,8.440925363879138,9,9,3.4199308104710195,3.4199308104710195,11.105802536010742
388,3890.000011597668,1.8139232471290572,8.294814954015882,5,5,3.6856559046331676,3.6856559046331676,10.8812837600708
389,3900.0000116274823,1.918221901348288,7.925535811320814,10,10,3.5185244448910034,3.5185244448910034,10.41495418548584
390,3910.0000116572965,1.8904650043627007,8.122454848176691,5,5,3.7372755294413826,3.7372755294413826,10.50267219543457
391,3920.00001168711,1.8789153725404992,7.50588417484396,10,10,3.541992742619213,3.541992742619213,10.124103546142578
392,3930.0000117169243,1.8050070551451531,6.62035297986526,13,13,3.4893149385741697,3.4893149385741697,9.47523021697998
393,3940.0000117467384,1.8782209920563804,7.640102389168047,16,16,3.538086067484854,3.538086067484854,10.436236381530762
394,3950.0000117765526,1.8741562123206172,8.881013970129807,5,5,3.744081574191372,3.744081574191372,11.76596450805664
395,3960.0000118063667,1.7882599084012942,7.595973676950935,6,6,3.6914449523246593,3.6914449523246593,10.151381492614746
396,3970.0000118361804,1.7660662762699224,7.35696589476779,13,13,3.451538112530111,3.451538112530111,10.277700424194336
397,3980.0000118659946,1.8296281186025198,7.324357861322141,9,9,3.413864263516257,3.413864263516257,10.226851463317871
398,3990.0000118958087,1.8423080298164498,6.702703610588269,12,12,3.3140755946849287,3.3140755946849287,10.06686019897461
399,4000.000011925623,1.8073164105693862,7.2825701158848535,11,11,3.6767771924540433,3.6767771924540433,10.447134971618652
400,4010.000011955437,1.695922754196387,7.335913945864205,8,8,3.6155674105850553,3.6155674105850553,10.550779342651367
401,4020.0000119852507,1.799552604655722,6.317496789964783,9,9,3.3337258822236238,3.3337258822236238,9.498723983764648
402,4030.000012015065,1.7268671099331276,6.5981254509231935,10,10,3.4183682216890876,3.4183682216890876,9.746228218078613
403,4040.000012044879,1.6902067705409074,6.311896201508429,15,15,3.3781974955141085,3.3781974955141085,8.917285919189453
404,4050.000012074693,1.6887119854817292,6.378597029723679,12,12,3.179470371501921,3.179470371501921,9.344879150390625
405,4060.0000121045073,1.8883329217221965,6.464566342530086,12,12,3.49373344372741,3.49373344372741,9.39708423614502
406,4070.0000121343214,1.9544283867747774,6.826515652375567,11,11,3.3805139488765747,3.3805139488765747,9.12963581085205
407,4080.000012164135,1.8321152847719848,7.045343043347917,10,10,3.386679728231595,3.386679728231595,10.096956253051758
408,4090.0000121939493,1.831232152056613,7.373222336352353,7,7,3.563560794984938,3.563560794984938,10.276067733764648
409,4100.000012223763,1.9073275277274109,6.815764570958581,15,15,3.5157104252384026,3.5157104252384026,9.410216331481934
410,4110.000012253578,1.8884379707350316,6.727663748442218,11,11,3.472520302603006,3.472520302603006,9.30981731414795
411,4120.000012283392,1.8050472990280377,6.860848062997974,10,10,3.345184145951636,3.345184145951636,9.587952613830566
412,4130.000012313206,1.7978599592856646,6.327845961546488,16,16,3.3019448950548496,3.3019448950548496,9.045703887939453
413,4140.00001234302,1.8182388719116862,6.625420756505196,5,5,3.6851849110004555,3.6851849110004555,9.358503341674805
414,4150.000012372833,1.72451138340958,6.929305067223582,14,14,3.3942269693922467,3.3942269693922467,9.756681442260742
415,4160.000012402647,1.762248240057294,6.676241892487065,9,9,3.216338309959037,3.216338309959037,9.610271453857422
416,4170.0000124324615,1.6541730139664002,6.1993550854314,15,15,3.5042362157735654,3.5042362157735654,9.437028884887695
417,4180.000012462276,1.7064960010207828,5.981464227615545,12,12,3.6331869476987473,3.6331869476987473,8.756133079528809
418,4190.00001249209,1.7221958352560214,6.329990706158552,13,13,3.6350653239036097,3.6350653239036097,9.07061767578125
419,4200.000012521904,1.6881127587765326,6.84400977880755,10,10,3.5560622696481436,3.5560622696481436,9.808427810668945
420,4210.000012551718,1.7319807972315433,6.532360979404751,13,13,3.3654093784189776,3.3654093784189776,9.201701164245605
421,4220.000012581532,1.7468511077111604,6.164019503501259,13,13,3.4026567007543247,3.4026567007543247,8.896933555603027
422,4230.000012611346,1.7974771627100197,6.46865820416231,12,12,3.236151075200568,3.236151075200568,9.154430389404297
423,4240.0000126411605,1.780174639077475,6.852119428498063,4,4,3.4964540496077037,3.4964540496077037,9.50068473815918
424,4250.000012670974,1.8808006381333873,6.523830869974586,9,9,3.420807286013594,3.420807286013594,9.651220321655273
425,4260.000012700788,1.9163988848695228,6.658242624804185,10,10,3.3191944715102966,3.3191944715102966,9.75037670135498
426,4270.000012730602,1.824173560314184,7.04142572303171,9,9,3.288161659423595,3.288161659423595,9.863020896911621
427,4280.000012760416,1.9227383554116044,6.607940674814176,15,15,3.4142614280507186,3.4142614280507186,9.633565902709961
428,4290.00001279023,1.927483009934745,6.462974705254321,9,9,3.5240625999751005,3.5240625999751005,9.305976867675781
429,4300.0000128200445,1.9050277901473103,5.628660543366369,9,9,3.4343672928990556,3.4343672928990556,8.755609512329102
430,4310.000012849859,1.8710118509804916,6.167423443640223,3,3,3.9481686676743286,3.9481686676743286,9.66864013671875
431,4320.000012879673,1.9263988407068038,4.992332562955176,14,14,3.421241498232926,3.421241498232926,8.250056266784668
432,4330.000012909487,1.9112321388511768,6.29350387038375,6,6,3.552880149819985,3.552880149819985,9.68860912322998
433,4340.000012939301,1.8373755334542994,5.6820124570579695,5,5,3.7987114187125917,3.7987114187125917,9.289200782775879
434,4350.000012969115,1.8858082583127023,6.243958030892184,12,12,3.377578303247009,3.377578303247009,9.178704261779785
435,4360.0000129989285,1.8869042538437248,6.287470375958347,4,4,3.4763257624835955,3.4763257624835955,10.206402778625488
436,4370.000013028743,1.8780713840773187,5.685635110266419,13,13,3.1664621845505736,3.1664621845505736,9.058752059936523
437,4380.000013058557,1.7720611458781603,5.304503596276244,11,11,3.15810134689605,3.15810134689605,8.58106517791748
438,4390.000013088371,1.9587247058620552,5.567538202728055,13,13,3.2682134902966244,3.2682134902966244,8.665780067443848
439,4400.000013118185,1.8715694211694427,5.5748641088270245,11,11,3.5354898486171926,3.5354898486171926,8.700459480285645
440,4410.000013147999,1.8561497481248372,5.893124775901059,10,10,3.582758918992142,3.582758918992142,8.944099426269531
441,4420.000013177813,1.7663405397825789,4.891269970465895,7,7,3.603591424228975,3.603591424228975,8.186335563659668
442,4430.0000132076275,1.9105424145951284,5.125810944741134,9,9,3.4303475188924555,3.4303475188924555,7.430893898010254
443,4440.000013237442,1.8796666809558682,4.9043688294076055,6,6,3.6071953700060564,3.6071953700060564,7.99388313293457
444,4450.000013267256,1.9011495120145945,4.3058898459500785,12,12,3.6679134466967334,3.6679134466967334,7.206234931945801
445,4460.000013297069,1.8781773975838736,4.384545119489145,9,9,3.521221846432712,3.521221846432712,7.615212917327881
446,4470.000013326883,1.7961151415678676,5.034357072888812,3,3,3.39666075246283,3.39666075246283,8.210241317749023
447,4480.000013356697,1.7316902557049252,5.4332342640508156,6,6,3.6387416422958427,3.6387416422958427,8.439126968383789
448,4490.0000133865115,1.7784952818282898,5.472298560601215,16,16,3.481221126484406,3.481221126484406,8.054335594177246
449,4500.000013416326,1.7839011112484553,5.86091496666407,14,14,3.489787973276909,3.489787973276909,8.730945587158203
450,4510.00001344614,1.880602912479422,5.588341833450512,9,9,3.449443938319376,3.449443938319376,8.54562759399414
451,4520.000013475954,1.8372485810557388,6.0625923890584525,11,11,3.541395126151606,3.541395126151606,8.853933334350586
452,4530.000013505768,1.788745317159345,5.4854930642371675,8,8,3.458112993743402,3.458112993743402,8.78197956085205
453,4540.000013535582,1.8970488710320712,4.9976207606360505,9,9,3.637379558808265,3.637379558808265,8.008977890014648
454,4550.000013565396,1.9651439440423935,4.882538845533341,19,19,3.4167446651542144,3.4167446651542144,7.832910060882568
455,4560.00001359521,1.8085057345487308,4.8895110603826035,8,8,3.4336960101658174,3.4336960101658174,8.18215560913086
456,4570.000013625024,1.775549975567463,4.34132420574909,9,9,3.6850463851730986,3.6850463851730986,7.587518692016602
457,4580.000013654838,1.732916254971644,5.113529989333142,5,5,3.3641392592868926,3.3641392592868926,8.527819633483887
458,4590.000013684652,1.6848578861009846,4.760943910557699,8,8,3.3546696711941473,3.3546696711941473,8.08665657043457
459,4600.000013714466,1.8846398569955274,5.058637851926138,16,16,3.417466633183609,3.417466633183609,8.098735809326172
460,4610.00001374428,1.8330632677854704,4.747043322255671,8,8,3.5091836563452667,3.5091836563452667,8.205060958862305
461,4620.000013774094,1.8277125440497215,4.53194550967871,12,12,3.3877583009733483,3.3877583009733483,8.105304718017578
462,4630.000013803909,1.828742566543902,4.1820484124813575,4,4,3.35420848664302,3.35420848664302,7.7248334884643555
463,4640.000013833723,1.842811913379631,4.942827059753843,12,12,3.434702424098115,3.434702424098115,7.805351257324219
464,4650.000013863537,1.878952349745522,5.016913060697362,2,2,3.9247640031241953,3.9247640031241953,8.719232559204102
465,4660.00001389335,1.783323144381138,6.292572183851079,12,12,3.3472873619113717,3.3472873619113717,9.401537895202637
466,4670.000013923164,1.8683795261738672,5.662781096856384,20,20,3.233264807712321,3.233264807712321,8.671637535095215
467,4680.000013952978,1.9401873201048958,6.097706024923182,7,7,3.419536856330356,3.419536856330356,8.943437576293945
468,4690.000013982793,1.8233248248497824,6.065729530546895,5,5,3.7566470395743576,3.7566470395743576,9.224398612976074
469,4700.000014012607,1.9781896833641706,6.186313864025945,16,16,3.051054854313755,3.051054854313755,9.086860656738281
470,4710.000014042421,1.876785406968733,6.316340606358873,10,10,3.6218531082163286,3.6218531082163286,8.965703010559082
471,4720.000014072235,1.877906122496215,6.369104506716365,12,12,3.218955522484419,3.218955522484419,9.28807544708252
472,4730.000014102049,2.0343206198140273,6.505211804365031,8,8,3.5337065870184596,3.5337065870184596,9.05540657043457
473,4740.000014131863,1.8889672563702062,6.999161781365733,8,8,3.346558961846662,3.346558961846662,9.81491470336914
474,4750.000014161677,1.9201560640619078,7.596008068407369,12,12,3.290341847094425,3.290341847094425,10.116010665893555
475,4760.000014191492,1.8630710051064832,6.814580217416327,14,14,3.371440700228339,3.371440700228339,9.599223136901855
476,4770.000014221305,1.8628158782346185,6.910775011521944,6,6,3.6488619866945715,3.6488619866945715,10.446688652038574
477,4780.000014251119,1.8179493484487745,6.647128550765678,4,4,3.824918335979769,3.824918335979769,9.900957107543945
478,4790.000014280933,1.7255468831973904,6.939571380075944,10,10,3.35029091201239,3.35029091201239,9.982658386230469
479,4800.000014310747,1.819693683832703,7.367641352341165,7,7,3.539462387911811,3.539462387911811,10.450812339782715
480,4810.000014340561,1.814614624740553,7.089075755881734,3,3,3.837893499719098,3.837893499719098,10.37411880493164
481,4820.0000143703755,1.7924805531027577,6.445094325913941,9,9,3.4683561419364954,3.4683561419364954,10.052945137023926
482,4830.00001440019,1.8409003696884116,6.350757487125622,8,8,3.594766979338054,3.594766979338054,9.4588623046875
483,4840.000014430004,1.9225838072729273,6.9107245458942295,13,13,3.5374176921989204,3.5374176921989204,9.775091171264648
484,4850.000014459818,1.8867891886420989,6.325474724733374,6,6,3.6202018318734335,3.6202018318734335,9.267879486083984
485,4860.000014489632,1.8110826485407696,6.363988281083733,7,7,3.4254972298955595,3.4254972298955595,9.308849334716797
486,4870.000014519445,1.9329213120558293,6.280014592758534,5,5,3.5201885525403815,3.5201885525403815,9.096242904663086
487,4880.0000145492595,1.823605307457414,5.820139859816884,11,11,3.353331427110805,3.353331427110805,9.287165641784668
488,4890.000014579074,1.888183458381866,5.411105302067734,15,15,3.395855587176894,3.395855587176894,8.786606788635254
489,4900.000014608888,1.8215848901882057,5.685182288721251,6,6,3.746498827568616,3.746498827568616,8.757424354553223
490,4910.000014638702,1.7335983637628725,6.081626606861858,8,8,3.568820034760334,3.568820034760334,8.934534072875977
491,4920.000014668516,1.7849474425637861,5.980896044973043,10,10,3.5944003989814197,3.5944003989814197,9.117785453796387
492,4930.00001469833,1.9135426857368023,5.812658020107346,4,4,3.540734996638296,3.540734996638296,9.162243843078613
493,4940.000014728144,1.8596201675712847,6.233302540647898,9,9,3.398207046477129,3.398207046477129,9.34006404876709
494,4950.0000147579585,1.9138617679555876,6.830074892841691,4,4,3.564393679936313,3.564393679936313,9.287149429321289
495,4960.000014787773,1.8450741084945685,5.709830986484212,12,12,3.374365618031773,3.374365618031773,8.801666259765625
496,4970.000014817586,1.8498303098270936,5.403040872590764,11,11,3.3857164123038324,3.3857164123038324,8.465206146240234
497,4980.0000148474,1.8899666275322597,5.125165779827584,14,14,3.5938392377277792,3.5938392377277792,8.0460786819458
498,4990.000014877214,1.8552333305583428,4.818260322146534,10,10,3.2683783949063403,3.2683783949063403,7.959771633148193
499,5000.000014907028,1.8893752288792276,4.925418793294122,8,8,3.6069355677784944,3.6069355677784944,8.108771324157715
500,5010.0000149368425,1.996624961273584,5.203407296008196,7,7,3.454777445685672,3.454777445685672,8.685585021972656
501,5020.000014966657,1.8761440328328671,4.937508477916471,5,5,3.8755417316605008,3.8755417316605008,8.379132270812988
502,5030.000014996471,1.872818323312749,5.213873872492729,3,3,3.739460549005879,3.739460549005879,8.474968910217285
503,5040.000015026285,1.881888037414308,5.1710042046389075,20,20,3.24938544338957,3.24938544338957,8.090790748596191
504,5050.000015056099,1.8129198804187117,5.858989187864857,16,16,3.4476470673531927,3.4476470673531927,8.454832077026367
505,5060.000015085913,1.803881393131418,6.242825735575656,12,12,3.687165781511961,3.687165781511961,9.06563663482666
506,5070.0000151157265,1.6940153837136624,5.945569768563384,16,16,3.411820580529727,3.411820580529727,8.88679027557373
507,5080.000015145541,1.7261750667845275,6.516878672435186,5,5,3.835864569766838,3.835864569766838,9.815107345581055
508,5090.000015175355,1.7146675224343921,6.285257116369662,8,8,3.414586674730196,3.414586674730196,9.241910934448242
509,5100.000015205169,1.8107189146096117,5.9046624928947224,7,7,3.6894062724952965,3.6894062724952965,8.653997421264648
510,5110.000015234983,1.7578975086495172,5.3091341393168765,12,12,3.475583585104314,3.475583585104314,8.608379364013672
511,5120.000015264797,1.8616016810805673,6.418640202031761,7,7,3.535551865247495,3.535551865247495,9.697284698486328
512,5130.000015294611,1.7973165630774535,5.742428064777391,8,8,3.545196678242457,3.545196678242457,9.155312538146973
513,5140.0000153244255,1.7549508600387733,5.857972806964232,7,7,3.404460128567723,3.404460128567723,9.136521339416504
514,5150.00001535424,1.9351266510971254,5.966118607391466,7,7,3.3810310248269335,3.3810310248269335,9.37846851348877
515,5160.000015384054,1.895277717916474,5.871832557157742,11,11,3.5632762277628487,3.5632762277628487,9.060014724731445
516,5170.000015413868,1.9345079051193443,5.939613883891377,5,5,3.806032304345563,3.806032304345563,9.611335754394531
517,5180.000015443681,1.9496789514476673,6.018702067299933,6,6,3.4385070089115666,3.4385070089115666,9.612635612487793
518,5190.000015473495,2.015760026353934,5.1220601341046965,6,6,3.6400354730280444,3.6400354730280444,8.52381706237793
519,5200.000015503309,2.0442607816288945,4.842189855310053,3,3,3.8086751432635815,3.8086751432635815,8.187589645385742
520,5210.000015533124,2.0454659956542005,4.467068446677017,17,17,3.57597017659728,3.57597017659728,7.4185309410095215
521,5220.000015562938,2.039877834479383,4.611225566411574,13,13,3.3145759592884994,3.3145759592884994,7.637749195098877
522,5230.000015592752,2.107153165259645,4.578844341987786,9,9,3.623933091332739,3.623933091332739,7.882846832275391
523,5240.000015622566,2.0522048347514246,4.805184296163424,15,15,3.4843373665946182,3.4843373665946182,7.6965460777282715
524,5250.00001565238,1.983360484495681,4.9839333008507465,12,12,3.53840305989305,3.53840305989305,8.080439567565918
525,5260.000015682194,2.0593313318401814,4.305612511409614,13,13,3.4660008271744727,3.4660008271744727,7.76428747177124
526,5270.0000157120085,2.2489995576392925,4.735640997106975,10,10,3.2307352369818556,3.2307352369818556,7.659470081329346
527,5280.000015741822,2.1617726863418603,4.373963494408718,12,12,3.6234600728422484,3.6234600728422484,7.32272481918335
528,5290.000015771636,2.063191624109687,4.460821211890307,9,9,3.589016315561577,3.589016315561577,7.671523094177246
529,5300.00001580145,1.9508147327798835,3.8503227832147755,17,17,3.319481631528742,3.319481631528742,7.467968463897705
530,5310.000015831264,1.8935610753149164,4.453505995169143,17,17,3.21307956195776,3.21307956195776,7.579709529876709
531,5320.000015861078,1.9107017850328412,4.09205167459991,13,13,3.5459859411488104,3.5459859411488104,7.637509822845459
532,5330.000015890892,1.951933144137111,4.533077536262192,9,9,3.5434719573971645,3.5434719573971645,7.980044364929199
533,5340.000015920707,1.8641185995695044,4.273086762115777,8,8,3.4877456393073394,3.4877456393073394,7.490304946899414
534,5350.000015950521,1.9565967752652873,5.167147881217487,4,4,3.798747118309448,3.798747118309448,8.199749946594238
535,5360.000015980335,1.932076029059292,4.786582794619595,16,16,3.453319311592558,3.453319311592558,7.87551212310791
536,5370.000016010149,1.959792533557937,4.432883305955697,14,14,3.382414984228316,3.382414984228316,7.94138240814209
537,5380.000016039962,1.9333031361817443,3.9900364527634915,10,10,3.605084089963504,3.605084089963504,7.856600284576416
538,5390.000016069776,1.911371304938363,4.982766731145789,10,10,3.6351262856773334,3.6351262856773334,8.230051040649414
539,5400.0000160995905,1.9034159667762602,4.908963454568633,14,14,3.5073094492613786,3.5073094492613786,8.0753812789917
540,5410.000016129405,1.9589264362579069,4.628278343884201,8,8,3.4513699628245575,3.4513699628245575,8.16421127319336
541,5420.000016159219,1.930279838451639,4.152208353733016,15,15,3.434135823928273,3.434135823928273,7.882148742675781
542,5430.000016189033,1.8586919317247883,4.594837676647114,13,13,3.5315653046412114,3.5315653046412114,8.13771915435791
543,5440.000016218847,1.8348190851643675,5.002844838099916,12,12,3.4028464389846618,3.4028464389846618,8.090402603149414
544,5450.000016248661,1.7771383562119996,4.515177195599489,11,11,3.3566819696376617,3.3566819696376617,8.383088111877441
545,5460.000016278475,1.748773058861295,5.39144733434117,12,12,3.390978332723961,3.390978332723961,8.947773933410645
546,5470.00001630829,1.9269906442900815,4.62409770796266,15,15,3.515475061141207,3.515475061141207,8.230184555053711
547,5480.000016338103,1.8470145649048477,4.817927202806647,5,5,3.5179508957374135,3.5179508957374135,8.641082763671875
548,5490.000016367917,1.8882576907592636,4.454828217150827,8,8,3.5003152709257748,3.5003152709257748,7.798882484436035
549,5500.000016397731,1.9488066185035777,4.698157037635627,11,11,3.725706683720254,3.725706683720254,8.507950782775879
550,5510.000016427545,1.896121519631874,4.092523361221734,8,8,3.411049983926281,3.411049983926281,7.822353363037109
551,5520.000016457359,2.033335359568958,3.8509198362884116,15,15,3.5248031408423333,3.5248031408423333,7.376703262329102
552,5530.0000164871735,1.8720820223751675,4.096368039580843,4,4,3.5739924051663174,3.5739924051663174,7.927158832550049
553,5540.000016516988,2.018354215528913,3.556135086733952,19,19,3.439455506934708,3.439455506934708,7.2089524269104
554,5550.000016546802,1.984892503139065,3.5977258764330693,18,18,3.400312748546761,3.400312748546761,6.693376064300537
555,5560.000016576616,1.950819866965782,3.7237730572109906,7,7,3.6016477605528032,3.6016477605528032,6.924551010131836
556,5570.00001660643,1.8709779394622912,3.8013830457417574,7,7,3.7079737437202054,3.7079737437202054,7.321779727935791
557,5580.000016636244,1.8721762474245196,3.625435090702368,16,16,3.558788882465513,3.558788882465513,6.696031093597412
558,5590.0000166660575,1.8920430608128191,3.8364485679005527,8,8,3.4438421846280853,3.4438421846280853,7.435943126678467
559,5600.000016695872,1.8124317988691239,3.7070234916544806,19,19,3.4639690356110595,3.4639690356110595,7.137034893035889
560,5610.000016725686,2.048901398837833,4.462166193579602,16,16,3.356932117347264,3.356932117347264,7.502721786499023
561,5620.0000167555,1.972885623363113,4.200222127064094,11,11,3.602818646381321,3.602818646381321,8.017244338989258
562,5630.000016785314,1.8631551341441521,4.298485102235377,10,10,3.5805336038209763,3.5805336038209763,8.16379165649414
563,5640.000016815128,1.8765605455206604,4.428439815514343,19,19,3.4915187955587847,3.4915187955587847,7.924726486206055
564,5650.000016844942,1.9866697924126016,4.055353391274713,8,8,3.2367895868037073,3.2367895868037073,8.40036678314209
565,5660.0000168747565,2.043708733764448,3.9597056460162707,5,5,3.6572796199523396,3.6572796199523396,7.6441473960876465
566,5670.000016904571,1.9884076311150976,3.9852432971310963,13,13,3.407308044823781,3.407308044823781,6.931516647338867
567,5680.000016934385,1.9599381889819798,3.9100701295338136,14,14,3.2991808712989377,3.2991808712989377,6.792416095733643
568,5690.000016964198,1.949003741360161,3.8805956103622643,7,7,3.3456385426655397,3.3456385426655397,6.608949661254883
569,5700.000016994012,2.027785495803785,4.00443257020354,11,11,3.5822510867825823,3.5822510867825823,6.845337390899658
570,5710.000017023826,1.981648710920257,4.068910753581208,21,21,3.433413159751433,3.433413159751433,6.887190341949463
571,5720.0000170536405,2.011953002818544,4.174382988595012,16,16,3.4762611381202677,3.4762611381202677,6.529415607452393
572,5730.000017083455,2.0530123309518444,4.4879044009075635,17,17,3.535323812807124,3.535323812807124,7.402989387512207
573,5740.000017113269,2.087604294076623,5.774761526390066,10,10,3.644695960241158,3.644695960241158,8.560458183288574
574,5750.000017143083,2.0830820877947382,4.5866728970283575,13,13,3.5027141431017914,3.5027141431017914,7.2875447273254395
575,5760.000017172897,1.9386243841646469,4.750741458249157,14,14,3.3492296102678454,3.3492296102678454,7.172110080718994
576,5770.000017202711,1.972881068726239,4.585504977898816,18,18,3.2720337346671227,3.2720337346671227,6.739765644073486
577,5780.000017232525,1.8455957471598101,4.730766974792307,20,20,3.364733964807661,3.364733964807661,6.643460750579834
578,5790.000017262339,1.8813132269946549,5.434623925419459,15,15,3.227229766981024,3.227229766981024,6.624989986419678
579,5800.000017292153,1.818898440822186,6.300515720026241,13,13,3.3545059158761052,3.3545059158761052,7.780445098876953
580,5810.000017321967,1.8084733001332647,5.974725325587973,6,6,3.177722762065752,3.177722762065752,7.926483154296875
581,5820.000017351781,1.7165703055797568,6.6869951767063815,12,12,3.360693478553387,3.360693478553387,8.051862716674805
582,5830.000017381595,1.810535126552197,6.1144913509460945,23,23,3.105981027168356,3.105981027168356,7.131664276123047
583,5840.000017411409,1.8155334019406895,6.308096057270089,14,14,3.3477609205869707,3.3477609205869707,7.711369514465332
584,5850.0000174412235,1.8329866522674707,5.9449190195999915,18,18,3.1729785832817843,3.1729785832817843,6.973550319671631
585,5860.000017471038,1.7909319086893811,6.165258946992095,23,23,3.3113693334546546,3.3113693334546546,6.922571659088135
586,5870.000017500852,1.8250037720369734,5.691269513494059,21,21,3.195815013429503,3.195815013429503,6.742422580718994
587,5880.000017530666,1.772692123568424,5.636937100743848,11,11,3.2351534338222008,3.2351534338222008,6.948021411895752
588,5890.000017560479,1.9098428235520801,6.247612733022657,17,17,3.379801453974676,3.379801453974676,7.170792102813721
589,5900.000017590293,1.7026305540180517,6.86848653502146,16,16,3.3095840692591345,3.3095840692591345,7.727214336395264
590,5910.000017620107,1.7709843860475487,6.5839947095032265,25,25,3.176679521178407,3.176679521178407,7.251922607421875
591,5920.000017649922,1.8184709003870123,6.345080708223417,12,12,3.236260733639221,3.236260733639221,7.562636375427246
592,5930.000017679736,1.7533798417026758,6.097190680618597,17,17,3.3540266878153413,3.3540266878153413,6.897128105163574
593,5940.00001770955,1.95162059140513,7.092839692088077,27,27,3.2560126895526325,3.2560126895526325,7.436440467834473
594,5950.000017739364,1.917250697242164,6.417791629559989,16,16,3.3370317653936357,3.3370317653936357,7.3163018226623535
595,5960.000017769178,1.9423303485448538,6.350448441263309,15,15,3.3775244928218777,3.3775244928218777,7.374863147735596
596,5970.000017798992,1.9758930785538402,6.283497347400085,11,11,3.28795225098489,3.28795225098489,7.533720970153809
597,5980.000017828806,1.9458292910113333,6.627439472537653,16,16,3.467486649836947,3.467486649836947,7.468100070953369
598,5990.000017858621,2.027777926845402,7.03066699877049,7,7,3.415081643993651,3.415081643993651,8.005581855773926
599,6000.000017888434,1.88371035629772,7.070559104921693,21,21,3.2301972465833644,3.2301972465833644,7.711209774017334
600,6010.000017918248,1.9538808254037827,7.068539875983158,12,12,3.1269519595630872,3.1269519595630872,8.17247200012207
601,6020.000017948062,1.9743153177781343,7.63882696933737,15,15,3.3426966042179345,3.3426966042179345,8.475890159606934
602,6030.000017977876,1.9496170242460367,7.984993682621354,9,9,3.27729678990424,3.27729678990424,9.046764373779297
603,6040.00001800769,1.963456359600586,7.530709830103432,13,13,3.3691490325898363,3.3691490325898363,9.130145072937012
604,6050.000018037505,1.9379780467933188,7.7010413808980624,6,6,3.682825513183533,3.682825513183533,9.2410249710083
605,6060.000018067319,1.9533524832809228,7.791036863884175,12,12,3.395331093805605,3.395331093805605,8.738553047180176
606,6070.000018097133,2.051381837806001,7.893063232728208,18,18,3.1139373093401694,3.1139373093401694,8.453121185302734
607,6080.000018126947,2.0735346084954966,7.946790137135343,16,16,3.1829420084200377,3.1829420084200377,8.303903579711914
608,6090.000018156761,2.0835854186982843,7.201769973228228,21,21,3.37800729381048,3.37800729381048,8.04043960571289
609,6100.000018186574,2.2226810010542346,7.4919261803250725,11,11,3.2069536337809237,3.2069536337809237,8.391948699951172
610,6110.0000182163885,2.1403683913850595,7.473830700734582,20,20,3.201287720153915,3.201287720153915,7.962079048156738
611,6120.000018246203,2.103764864735011,7.2270058208472925,24,24,3.397722388788075,3.397722388788075,7.501644134521484
612,6130.000018276017,2.036222514956265,7.340605843227231,11,11,3.3977224961976624,3.3977224961976624,8.257901191711426
613,6140.000018305831,2.007592327444773,6.581095307806419,20,20,3.3250329366180282,3.3250329366180282,7.715972423553467
614,6150.000018335645,1.9468374607941847,6.567786262519913,16,16,3.3383968762242384,3.3383968762242384,7.641806602478027
615,6160.000018365459,1.9616422064418144,7.618772985161728,14,14,3.322936672480529,3.322936672480529,8.103522300720215
616,6170.000018395273,1.919468378240234,7.36898199293211,18,18,3.3773322998773803,3.3773322998773803,8.31453800201416
617,6180.000018425088,1.934344769013726,6.737572555854955,10,10,3.501678060059973,3.501678060059973,8.10926628112793
618,6190.000018454902,2.0740921104068546,6.823347587258677,18,18,3.3845597070752667,3.3845597070752667,7.748828887939453
619,6200.000018484715,1.9968473132722806,6.885855248170737,11,11,3.7380659494436377,3.7380659494436377,7.680656909942627
620,6210.000018514529,2.0432829745794785,7.358040298608055,20,20,3.4058898614999857,3.4058898614999857,7.7424092292785645
621,6220.000018544343,2.0628032880877263,6.810433143305277,16,16,3.579537712848262,3.579537712848262,7.490386009216309
622,6230.000018574157,1.8993831127088237,6.768745283685506,10,10,3.363236025279323,3.363236025279323,7.370605945587158
623,6240.0000186039715,1.9060841690417607,7.596567183296999,17,17,3.2241431926477317,3.2241431926477317,7.965389251708984
624,6250.000018633786,1.8479058361374112,7.605014679978165,13,13,3.4815604727861085,3.4815604727861085,7.937725067138672
625,6260.0000186636,1.8797673084463717,6.675265662209469,17,17,3.3628261114700013,3.3628261114700013,7.1619157791137695
626,6270.000018693414,1.9397077989074474,7.619610837535725,19,19,3.1195719619773445,3.1195719619773445,7.644587993621826
627,6280.000018723228,1.8704415573644133,7.044608188965233,16,16,3.2151548284418756,3.2151548284418756,7.814581871032715
628,6290.000018753042,1.886599935666783,7.014786748662806,20,20,3.4069447602499774,3.4069447602499774,7.222189903259277
629,6300.0000187828555,1.8997916578834757,7.031067294855925,16,16,3.234458858691544,3.234458858691544,7.534731388092041
630,6310.00001881267,1.8743054829587364,7.437959765395793,20,20,3.412177452183347,3.412177452183347,7.76832389831543
631,6320.000018842484,1.9747985921452123,6.776516457954044,12,12,3.3219368116838757,3.3219368116838757,7.872150421142578
632,6330.000018872298,1.9649164930444964,7.384175844151987,8,8,3.551199224185314,3.551199224185314,8.076823234558105
633,6340.000018902112,1.9125075085858907,7.11124055277944,6,6,3.563947876268259,3.563947876268259,8.10889720916748
634,6350.000018931926,1.9346367719483772,7.182683338547212,5,5,3.4449936938346823,3.4449936938346823,8.226895332336426
635,6360.00001896174,1.8692708861340117,6.639727255346654,10,10,3.552587113077385,3.552587113077385,7.026130199432373
636,6370.0000189915545,1.9913775552982864,6.87596443334477,14,14,3.2806043516593144,3.2806043516593144,7.564456462860107
637,6380.000019021369,1.8985012484247155,6.787633299058797,12,12,3.4703415654686234,3.4703415654686234,7.5802435874938965
638,6390.000019051183,1.9313602650797703,7.2014837729155365,13,13,3.3416126009311102,3.3416126009311102,7.76826810836792
639,6400.000019080997,1.9267685032964081,6.714792299799668,16,16,3.4217755144298767,3.4217755144298767,8.010270118713379
640,6410.00001911081,1.8641987117998118,6.172357541695914,9,9,3.429967894941511,3.429967894941511,6.954571723937988
641,6420.000019140624,1.8169661027782817,6.414205275668865,10,10,3.4721148082054736,3.4721148082054736,7.19720458984375
642,6430.0000191704385,1.8963877384632428,7.103516602059039,21,21,2.8620811180684798,2.8620811180684798,7.840123653411865
643,6440.000019200253,1.8975708413417576,7.0592887472346435,10,10,3.6648444714371884,3.6648444714371884,7.788660526275635
644,6450.000019230067,1.9194192046061853,6.94799346629594,9,9,3.161031830760966,3.161031830760966,8.12154483795166
645,6460.000019259881,2.035920292767167,6.5530936342676025,14,14,3.542548741031347,3.542548741031347,7.2952880859375
646,6470.000019289695,1.8902538641878204,6.97775521747351,12,12,3.1677986077883316,3.1677986077883316,7.267239093780518
647,6480.000019319509,2.039221523731576,6.257348088843072,16,16,3.267088525555122,3.267088525555122,6.912681579589844
648,6490.000019349323,2.0054768725018484,6.3685702247664775,10,10,3.5086345683635773,3.5086345683635773,7.0898823738098145
649,6500.0000193791375,1.904327455214608,6.089938849653766,17,17,3.237521092852281,3.237521092852281,6.8789143562316895
650,6510.000019408951,1.9221263522632825,6.011942362774404,15,15,3.468790679489635,3.468790679489635,6.830035209655762
651,6520.000019438765,1.8844592507396685,5.670400335513927,16,16,3.129575740585818,3.129575740585818,6.224517822265625
652,6530.000019468579,1.995693533338881,6.418023871498305,8,8,3.2559725734129774,3.2559725734129774,6.797979831695557
653,6540.000019498393,1.993451506227636,6.605561095613002,13,13,3.301076167388576,3.301076167388576,7.484639644622803
654,6550.000019528207,1.806904713340781,6.649028966270662,14,14,3.400545311822125,3.400545311822125,7.559686660766602
655,6560.000019558021,1.8404611062702294,6.626331856389161,17,17,2.93852774303549,2.93852774303549,7.481268882751465
656,6570.000019587836,1.8137886388742883,7.283280645729733,10,10,3.389282429639193,3.389282429639193,8.073328018188477
657,6580.00001961765,1.826234176517634,6.918761770528209,15,15,3.3450731383066437,3.3450731383066437,7.71580696105957
658,6590.000019647464,1.8856244303241128,6.84120463231928,17,17,3.3255732401664613,3.3255732401664613,7.595266342163086
659,6600.000019677278,1.899382949585894,6.436296691048109,21,21,3.5009813197105744,3.5009813197105744,6.909940242767334
660,6610.000019707091,1.9260869040345994,6.988390919974233,16,16,2.906472410194048,2.906472410194048,7.520467758178711
661,6620.000019736905,1.9477833533158433,6.1411255620267005,16,16,3.4505310450487423,3.4505310450487423,7.1365437507629395
662,6630.00001976672,1.934790761333462,5.108891529094442,8,8,3.7034002558556804,3.7034002558556804,7.234358787536621
663,6640.000019796534,2.026922664197909,5.237555163828221,8,8,3.3743404787006104,3.3743404787006104,7.789885997772217
664,6650.000019826348,2.0846894058064995,5.5392456027725085,7,7,3.4473159215764033,3.4473159215764033,8.310149192810059
665,6660.000019856162,2.202834871175519,4.725419260150766,8,8,3.5055095668751077,3.5055095668751077,8.014591217041016
666,6670.000019885976,2.2381500698412315,5.215565130816006,14,14,3.4282060237570025,3.4282060237570025,7.88440465927124
667,6680.00001991579,2.1056346519234452,4.6868394616706865,17,17,3.3722912273513184,3.3722912273513184,7.490906715393066
668,6690.000019945604,2.0919231289217217,4.13540127112192,22,22,3.157161488977874,3.157161488977874,6.400137424468994
669,6700.000019975419,2.118249109008695,4.190896239782739,13,13,3.3458989474964596,3.3458989474964596,6.860805988311768
670,6710.000020005232,2.0882269146748986,4.897983244364326,11,11,3.3578565558996027,3.3578565558996027,7.942986965179443
671,6720.000020035046,2.024452810827548,3.9739209515613525,16,16,3.253920823995571,3.253920823995571,6.540291786193848
672,6730.00002006486,1.9962052131748425,3.645360737010788,25,25,3.2609382977833596,3.2609382977833596,5.9709696769714355
673,6740.000020094674,2.1370268379166313,3.880079664472366,11,11,3.5624201421773747,3.5624201421773747,7.075524806976318
674,6750.000020124488,2.0641208460125346,4.009916216088234,13,13,3.6100305991517527,3.6100305991517527,6.678206920623779
675,6760.000020154303,2.0598648848803034,4.4262854857202045,11,11,3.607520781958192,3.607520781958192,7.248537063598633
676,6770.000020184117,2.1717005108838556,3.6084117902336788,6,6,3.801986154281955,3.801986154281955,7.012265205383301
677,6780.000020213931,1.9798390335539668,3.729908613444651,10,10,3.49405545721885,3.49405545721885,6.990415096282959
678,6790.000020243745,1.8699467499697562,4.0225914375869305,13,13,3.46809475461877,3.46809475461877,7.089378356933594
679,6800.000020273559,1.9416843596552193,3.959067749486671,19,19,3.5727145221651595,3.5727145221651595,7.009627342224121
680,6810.000020303372,1.9035899308325133,4.355641216855247,18,18,3.1704976204727138,3.1704976204727138,7.580622673034668
681,6820.0000203331865,1.9468923424332005,3.876722841023671,7,7,3.5551384449618952,3.5551384449618952,7.8588175773620605
682,6830.000020363001,1.9484257209123468,4.426374588441842,3,3,3.68531754331732,3.68531754331732,7.984638214111328
683,6840.000020392815,2.0006669860999238,4.484165475788215,12,12,3.54904764428463,3.54904764428463,7.165028095245361
684,6850.000020422629,1.826122841058545,4.673409551733228,13,13,3.436626381004193,3.436626381004193,7.430970191955566
685,6860.000020452443,1.9570111066800693,4.5713896486430485,8,8,3.3398856048968306,3.3398856048968306,7.608888149261475
686,6870.000020482257,2.101595377016596,4.568010409072643,4,4,3.79722289857711,3.79722289857711,7.702280044555664
687,6880.000020512071,1.9666432747509375,4.58433031149064,19,19,3.379150842650552,3.379150842650552,7.054158687591553
688,6890.0000205418855,1.971262322513072,4.132699825039972,13,13,3.5648100619916696,3.5648100619916696,7.0894999504089355
689,6900.0000205717,1.886461420929012,4.550369722958413,10,10,3.651891281174205,3.651891281174205,7.7043561935424805
690,6910.000020601514,1.8678969554701164,4.170385488488899,18,18,3.361760233645,3.361760233645,6.287228584289551
691,6920.000020631327,1.9326880304996241,4.6611003813355,10,10,3.3036829771890783,3.3036829771890783,6.511566162109375
692,6930.000020661141,1.890172741523439,4.600777938855296,17,17,3.467991847441325,3.467991847441325,6.6491498947143555
693,6940.000020690955,1.9597802454079383,4.393100505385571,9,9,3.56688823284249,3.56688823284249,6.414445877075195
694,6950.0000207207695,1.946442562058437,4.387740934303595,9,9,3.3385561748307926,3.3385561748307926,6.495599746704102
695,6960.000020750584,2.040360815986529,4.845820750087601,34,34,3.4371217973949633,3.4371217973949633,6.151940822601318
696,6970.000020780398,2.0287796067734005,4.8554145928351335,17,17,3.386359341277897,3.386359341277897,6.563910961151123
697,6980.000020810212,2.0000417132785953,4.362111982902825,18,18,3.2447801067625828,3.2447801067625828,6.164095401763916
698,6990.000020840026,1.954035837061641,4.412924721094538,14,14,3.6277377519575276,3.6277377519575276,6.718813419342041
699,7000.00002086984,2.00624520714051,4.5426366171209205,17,17,3.2951645757839505,3.2951645757839505,6.16771936416626
700,7010.000020899654,1.8703177076762822,4.570740398230155,23,23,3.506325519770923,3.506325519770923,6.186042785644531
701,7020.000020929468,1.8923257958106203,4.670286711923931,27,27,3.397337218302626,3.397337218302626,6.448176383972168
702,7030.000020959282,1.7495687848275137,4.780210691842571,18,18,3.269344626652742,3.269344626652742,6.472782135009766
703,7040.000020989096,1.8338028611472235,4.865015383079957,12,12,3.399895493364331,3.399895493364331,6.457235813140869
704,7050.00002101891,1.8766845993928511,4.7980481130991794,17,17,3.2308072296317514,3.2308072296317514,6.346985340118408
705,7060.000021048724,1.9546028971609217,4.93027179390774,9,9,3.675939886021516,3.675939886021516,6.086845874786377
706,7070.000021078538,1.9049316648115366,5.274516234990476,22,22,3.2986355667760145,3.2986355667760145,6.3972249031066895
707,7080.0000211083525,1.9705357188346146,5.593482138121823,17,17,3.3233092132115742,3.3233092132115742,6.262800216674805
708,7090.000021138167,1.9350519395909649,5.064276638936556,20,20,3.2133066206941363,3.2133066206941363,6.529895305633545
709,7100.000021167981,1.9059081260653337,4.804042513353991,15,15,3.460427319702891,3.460427319702891,5.91844367980957
710,7110.000021197795,1.9248257804002071,5.088335786667912,24,25,3.496082270478468,3.496082270478468,5.624261856079102
711,7120.000021227608,2.090104342949927,5.197439848681751,30,33,3.2310898903166563,3.2310898903166563,5.489580154418945
712,7130.000021257422,2.1498930168154793,5.013632639712777,14,14,3.206698946124032,3.206698946124032,5.876236438751221
713,7140.000021287236,2.167208866607091,5.414127964990496,27,29,3.3486844421929374,3.3486844421929374,5.430488586425781
714,7150.000021317051,2.055701625876127,5.141064730978545,26,26,3.162294518015383,3.162294518015383,5.878715515136719
715,7160.000021346865,2.0990029972845785,5.078571080745762,27,27,3.024749933574303,3.024749933574303,5.667254447937012
716,7170.000021376679,2.0047291177355997,5.112073400923381,28,28,3.2618487512430905,3.2618487512430905,6.437572479248047
717,7180.000021406493,2.002546760750658,5.5685943733956,21,21,3.1473994878945484,3.1473994878945484,5.831164360046387
718,7190.000021436307,2.0953417685063416,5.566033136449615,21,21,3.303923644638666,3.303923644638666,6.586253643035889
719,7200.000021466121,2.008673866946911,5.52404167660703,23,23,3.2352536285555593,3.2352536285555593,7.023355960845947
720,7210.0000214959355,1.9858088310775828,5.26641394029702,15,15,3.404994680502147,3.404994680502147,6.995983123779297
721,7220.000021525749,1.8720409319167324,4.982882239437084,12,12,3.6447906824729435,3.6447906824729435,6.725167751312256
722,7230.000021555563,1.8599161359174536,5.5148422482529975,16,16,3.660609367945869,3.660609367945869,7.459278583526611
723,7240.000021585377,1.8184858531420518,5.131041031100108,14,14,3.405494823417304,3.405494823417304,7.305581092834473
724,7250.000021615191,1.8526356471131222,5.253627154931701,13,13,3.466849392958269,3.466849392958269,6.797319412231445
725,7260.000021645005,1.8103522116612876,4.895954514707691,17,17,3.1541454993901246,3.1541454993901246,6.535046100616455
726,7270.000021674819,1.8928479449072082,4.8771386071291,30,32,3.3547506065399433,3.3547506065399433,5.0960540771484375
727,7280.000021704634,2.0878664420147994,5.705740188098452,36,38,3.2049224294506167,3.2049224294506167,5.656060218811035
728,7290.000021734448,1.965550199488566,5.1634739395214675,22,22,3.2256743290213206,3.2256743290213206,6.020923137664795
729,7300.000021764262,1.9434067656756078,5.420012389946474,23,23,3.2786179609878796,3.2786179609878796,5.867772102355957
730,7310.000021794076,1.99166325447318,5.763889186317405,20,20,3.3228141030246925,3.3228141030246925,6.514359474182129
731,7320.00002182389,1.960091139762848,5.274666685319902,19,20,3.5030038871479667,3.5030038871479667,5.956405162811279
732,7330.000021853703,2.161526024863391,5.665547819149986,24,24,3.3162316392714932,3.3162316392714932,6.97960901260376
733,7340.000021883518,2.126207481167408,5.629312160042209,21,21,3.1483511483620847,3.1483511483620847,6.792233467102051
734,7350.000021913332,2.151029867023792,5.47230300764326,21,21,3.143298791429814,3.143298791429814,6.782928466796875
735,7360.000021943146,2.1771088964091385,5.058995139416444,23,24,3.3228736431705213,3.3228736431705213,5.715176105499268
736,7370.00002197296,2.0397038222717074,4.78267206193719,30,30,3.2578041847809245,3.2578041847809245,6.300775527954102
737,7380.000022002774,2.0493293907847066,5.046055442637149,23,23,3.3160500742503665,3.3160500742503665,6.7589263916015625
738,7390.000022032588,2.0773066379261835,5.4947968946091965,25,25,3.354516735503046,3.354516735503046,7.157304286956787
739,7400.000022062402,2.0533481614547293,5.398349862467171,19,19,3.250912744528683,3.250912744528683,6.588303089141846
740,7410.000022092217,1.980647874948578,5.719482368894456,18,18,3.3652381242286546,3.3652381242286546,6.223330974578857
741,7420.000022122031,2.023573026212464,5.889581636184104,12,14,3.1659914620786944,3.1659914620786944,5.974207878112793
742,7430.000022151844,2.035401473695955,5.999414993093139,18,18,3.388602079783169,3.388602079783169,6.474803447723389
743,7440.000022181658,1.9861847911403472,5.607216725471122,22,23,3.3130046280350336,3.3130046280350336,5.77315092086792
744,7450.000022211472,2.033228486715064,5.424314578236166,31,31,3.354990571482928,3.354990571482928,5.7172136306762695
745,7460.000022241286,2.020155437797337,5.2210378373285025,25,25,3.4737468390824957,3.4737468390824957,6.078388690948486
746,7470.0000222711005,1.9698168845093962,4.891057291457033,31,33,3.1030242548132567,3.1030242548132567,5.492534637451172
747,7480.000022300915,2.033423717932374,5.456787914579487,25,27,3.332705626427347,3.332705626427347,5.679994583129883
748,7490.000022330729,2.132391651515655,4.882785434825497,23,25,3.4299996838433797,3.4299996838433797,5.268614292144775
749,7500.000022360543,2.1416738313862447,4.790136760761149,17,17,3.351795239915134,3.351795239915134,6.144664287567139
750,7510.000022390357,2.006844916617168,5.166969940873576,32,36,3.051260139066462,3.051260139066462,4.8731207847595215
751,7520.000022420171,1.8664852633146087,4.617416012904959,22,24,3.1215402504110257,3.1215402504110257,5.427329063415527
752,7530.0000224499845,2.029456421125082,4.882122174165589,26,29,3.339688414741976,3.339688414741976,5.117794513702393
753,7540.000022479799,1.977525087651843,5.593079429003405,30,34,3.232005869276007,3.232005869276007,5.697790145874023
754,7550.000022509613,1.9398937869264066,5.472902546029471,22,24,3.2853509214598238,3.2853509214598238,5.553005695343018
755,7560.000022539427,2.0106597205577024,5.392000605371045,19,19,3.327355991650794,3.327355991650794,5.567464828491211
756,7570.000022569241,1.8923086970430154,5.12922948303629,22,22,3.176898547169589,3.176898547169589,5.624483585357666
757,7580.000022599055,1.8935962938627793,5.650947981781377,20,20,3.2424034306879954,3.2424034306879954,5.621685981750488
758,7590.000022628869,1.8955583070651145,5.9222392782844135,28,32,3.0297588664557615,3.0297588664557615,5.3947224617004395
759,7600.0000226586835,1.8757225426337658,5.48403579447954,17,17,3.2308378666393405,3.2308378666393405,5.716136455535889
760,7610.000022688498,1.891032002295421,5.431545987215011,17,19,3.478521621369065,3.478521621369065,5.636590957641602
761,7620.000022718312,1.8825202652911535,5.631509373085972,17,17,3.3277173610005004,3.3277173610005004,5.672374248504639
762,7630.000022748125,1.8923275606875603,5.287388085559562,12,12,3.4271841840494477,3.4271841840494477,5.508855819702148
763,7640.000022777939,2.03242095617308,5.671145896513292,27,30,3.179527382934901,3.179527382934901,5.103921890258789
764,7650.000022807753,2.060862053017408,5.294303533645475,16,17,3.3548916753711775,3.3548916753711775,5.735494613647461
765,7660.0000228375675,2.037860616376933,5.590185291314018,24,26,3.325084186306316,3.325084186306316,5.478945732116699
766,7670.000022867382,1.8527881525419416,5.416103719776007,25,27,3.178910859180099,3.178910859180099,5.920415878295898
767,7680.000022897196,1.8742930061208904,5.4302377022632635,22,22,3.30786237154026,3.30786237154026,5.512324333190918
768,7690.00002292701,2.0027914112420846,5.258040137620093,16,19,3.302555838018121,3.302555838018121,5.483455181121826
769,7700.000022956824,1.9669870044230706,5.222686848209647,23,23,3.394846666029282,3.394846666029282,5.395318984985352
770,7710.000022986638,1.9658520387852536,4.771936438061587,19,19,3.4437434786871592,3.4437434786871592,5.642704486846924
771,7720.000023016452,2.064926165700717,4.19394930916633,14,14,3.3561376378907393,3.3561376378907393,5.524446487426758
772,7730.0000230462665,1.9984467957596965,4.5407935598706874,25,25,3.275035432868381,3.275035432868381,5.3336334228515625
773,7740.00002307608,2.0242961642273074,4.535375872749623,22,22,3.373750841391068,3.373750841391068,5.662722587585449
774,7750.000023105894,2.1964388019469903,5.017742164161493,13,13,3.317992119309881,3.317992119309881,6.082163333892822
775,7760.000023135708,2.0962719830378367,3.964164702247953,13,14,3.5915580675346703,3.5915580675346703,6.04006814956665
776,7770.000023165522,2.094572934151167,4.535905319569591,30,32,3.4113025048720695,3.4113025048720695,5.609853744506836
777,7780.000023195336,2.0451073847415766,4.958639606044971,19,19,3.2089669853851714,3.2089669853851714,5.535975456237793
778,7790.0000232251505,2.1546091393531506,5.401014987108607,25,26,3.2973568232492436,3.2973568232492436,5.195575714111328
779,7800.000023254965,2.229660211450148,4.820139871013362,29,31,3.3572355207090037,3.3572355207090037,5.373159885406494
780,7810.000023284779,2.278337984041426,5.02247525476067,17,17,3.5446961402406347,3.5446961402406347,5.817025661468506
781,7820.000023314593,2.259845647329439,5.258499667759128,14,14,3.311886115997146,3.311886115997146,6.239648342132568
782,7830.000023344407,2.2193807204659257,5.236141925080349,20,20,3.2221331880161403,3.2221331880161403,6.3323163986206055
783,7840.00002337422,2.347088652904683,4.934276601337603,14,16,3.3488149143005996,3.3488149143005996,5.5959696769714355
784,7850.000023404034,2.3017631530216764,4.9195069783214205,18,19,3.24388967196928,3.24388967196928,5.373230934143066
785,7860.000023433849,2.4123440239310066,4.8449170318989365,23,24,3.2618344376822312,3.2618344376822312,5.333352088928223
786,7870.000023463663,2.318281150884584,4.966628027077786,22,22,3.208461312219031,3.208461312219031,5.604365348815918
787,7880.000023493477,2.2954243973828405,4.669431905262797,1,1,3.5052778037384,3.5052778037384,6.681610107421875
788,7890.000023523291,2.286308274633209,5.0725089675403625,29,30,3.322090272286382,3.322090272286382,5.2168498039245605
789,7900.000023553105,2.175147864805075,5.151250319287481,20,20,3.3624906650898776,3.3624906650898776,5.422774314880371
790,7910.000023582919,2.207544374609404,5.373073935562148,22,23,3.3277566167337644,3.3277566167337644,5.514695167541504
791,7920.0000236127335,2.2637671538228323,5.360880629144021,11,11,3.506976040332864,3.506976040332864,5.989688873291016
792,7930.000023642548,2.328631066566564,5.765808003606458,7,7,3.260660417884912,3.260660417884912,6.442647933959961
793,7940.000023672361,2.2152627075778497,5.6732747970777115,19,20,3.395460772962976,3.395460772962976,6.075111389160156
794,7950.000023702175,2.1858350191764977,5.78651967362024,15,17,3.393482213888384,3.393482213888384,6.050637722015381
795,7960.000023731989,2.2899962365238133,5.626577213086299,18,20,3.2285932750154522,3.2285932750154522,5.798904895782471
796,7970.000023761803,2.215488217910076,5.893566089430646,22,22,3.254260397364905,3.254260397364905,5.414492607116699
797,7980.000023791617,2.2318131259092193,5.486474782442146,23,25,3.1649956269842305,3.1649956269842305,4.91942834854126
798,7990.000023821432,2.3724744586923183,5.4629026523810955,22,22,3.098986434170753,3.098986434170753,5.138879299163818
799,8000.000023851246,2.447580345236626,6.009574793463432,24,26,3.006797810881814,3.006797810881814,5.115135669708252
800,8010.00002388106,2.1747599782245843,5.9510428384958916,13,13,3.328546284565546,3.328546284565546,6.176034927368164
801,8020.000023910874,2.244024263799285,5.774671907114964,18,18,3.176055001684584,3.176055001684584,5.634819507598877
802,8030.000023940688,2.2576715174593733,6.367870810731793,19,20,3.278659763934422,3.278659763934422,5.430367946624756
803,8040.000023970501,2.266971933968857,6.051754330153091,16,17,3.2268868072470194,3.2268868072470194,5.954687595367432
804,8050.0000240003155,2.281674774377217,5.66570289435069,23,27,3.3895730033028086,3.3600291426303235,5.526825904846191
805,8060.00002403013,2.2156195923438275,5.728682774743312,20,23,3.188237450736514,3.188237450736514,5.4492902755737305
806,8070.000024059944,2.2355390868802822,5.826952762394561,26,28,3.368873988773555,3.368873988773555,5.769505977630615
807,8080.000024089758,2.2356777433019506,5.8608258512368785,21,22,3.4097602659206743,3.4097602659206743,5.873404502868652
808,8090.000024119572,2.110553413466944,5.541413856205381,22,24,3.3255966138013826,3.3255966138013826,5.881746768951416
809,8100.000024149386,2.249193051279161,5.492595044143114,25,25,3.033170240119684,3.033170240119684,5.817049503326416
810,8110.0000241792,2.108932163802772,5.9707074546109045,26,26,3.1905293077868473,3.1905293077868473,6.3674235343933105
811,8120.000024209015,2.152443579456347,5.2503428371190735,16,16,3.2721406920817255,3.2721406920817255,6.056980609893799
812,8130.000024238829,2.2931100035938634,4.680499689002817,16,16,3.4120348738149917,3.4120348738149917,5.713865280151367
813,8140.000024268643,2.231743915812358,5.508063366651781,18,18,3.3916724521319,3.3916724521319,6.153234004974365
814,8150.000024298456,2.2266433746930328,5.589982429127459,18,18,3.282612175697561,3.282612175697561,6.786754131317139
815,8160.00002432827,2.3119470447440054,6.0457454850488705,12,12,3.434226814244168,3.434226814244168,6.586350917816162
816,8170.000024358084,2.2019655967602096,5.726833285231717,29,29,3.146599758694782,3.146599758694782,6.114867687225342
817,8180.0000243878985,2.196124111882933,5.576540204618379,21,21,3.40338666061697,3.40338666061697,5.579960346221924
818,8190.000024417713,2.260230831256914,5.068672809297576,19,20,3.2849984840734603,3.2849984840734603,5.66188907623291
819,8200.000024447527,2.225860164994884,5.565078998061356,22,23,3.2888531702181623,3.2888531702181623,5.382263660430908
820,8210.00002447734,2.2691677209311347,5.437023275693922,25,25,3.160158656342819,3.160158656342819,5.74055290222168
821,8220.000024507155,2.3270157513353924,5.629934612655257,25,27,3.2640422227040506,3.2640422227040506,5.365070343017578
822,8230.000024536968,2.156111889699279,5.159121678526538,28,30,3.2169757975871818,3.2169757975871818,5.383944988250732
823,8240.000024566783,2.434247592087636,5.211748484602296,17,17,3.429787908753273,3.429787908753273,6.296905517578125
824,8250.000024596597,2.3500212998326657,5.058920061291699,18,18,3.130953799856179,3.130953799856179,6.213968276977539
825,8260.000024626412,2.3937060828815593,4.791090737208625,17,17,3.56707750688649,3.56707750688649,6.241142272949219
826,8270.000024656225,2.3337033455554055,4.865853392757166,16,18,3.196640175187,3.196640175187,5.639285564422607
827,8280.00002468604,2.38100395411874,4.9677176398091,21,22,3.2826051383517934,3.2826051383517934,5.593695163726807
828,8290.000024715853,2.3287674455244205,4.9910866939469045,21,22,3.3882619248696004,3.3882619248696004,5.501070022583008
829,8300.000024745666,2.323575314136023,4.807106781718753,18,18,3.5098264442283718,3.5098264442283718,6.247806072235107
830,8310.000024775482,2.326597566507409,5.120591905440926,10,11,3.2620845067074398,3.2620845067074398,6.413677215576172
831,8320.000024805295,2.4015136910168926,4.900377367220537,22,22,3.327780929098475,3.327780929098475,5.949061870574951
832,8330.00002483511,2.427647751629355,4.205828187879077,21,21,3.2117843681043445,3.2117843681043445,6.164889335632324
833,8340.000024864923,2.6170219491076723,5.360641398004265,19,20,3.346616504214143,3.346616504214143,5.769414901733398
834,8350.000024894738,2.623264671391474,4.963717451028265,18,19,3.2914385114206777,3.2914385114206777,5.462172031402588
835,8360.000024924551,2.505733572851172,5.3359904031295935,25,25,3.3641155427345284,3.3641155427345284,6.529624938964844
836,8370.000024954366,2.6384266512937113,5.23355686090011,24,24,3.155159277339875,3.155159277339875,6.254638195037842
837,8380.00002498418,2.618854391642597,4.5710322175714735,16,16,3.3105037833062023,3.3105037833062023,5.8139729499816895
838,8390.000025013995,2.6447781519073463,5.823510283580431,22,22,3.0862077106265704,3.0862077106265704,6.534769058227539
839,8400.000025043808,2.6952670634887057,5.358460705545681,21,21,3.320221234137722,3.320221234137722,5.980923652648926
840,8410.000025073621,2.779695137723715,4.442395498281903,21,21,2.950021734806788,2.950021734806788,5.14151668548584
841,8420.000025103436,2.618246184862273,4.498928060073658,21,21,3.3744910313127887,3.3744910313127887,5.3158464431762695
842,8430.00002513325,2.7081517671152393,4.390838404454613,11,11,3.3576495753743787,3.3576495753743787,5.733833312988281
843,8440.000025163064,2.697131445073561,4.798144460067777,28,30,3.247873207488598,3.247873207488598,5.008254528045654
844,8450.000025192878,2.6442335958902117,5.030842872143052,19,19,3.0433939816987143,3.0433939816987143,5.303633213043213
845,8460.000025222693,2.6173515905780564,4.310520668946237,26,26,3.111463691448647,3.111463691448647,5.592383861541748
846,8470.000025252506,2.68944330963762,4.2382405948814075,14,14,3.4219185839840076,3.4219185839840076,5.833299160003662
847,8480.000025282321,2.6520044224513515,3.946652884941156,20,22,3.3225543798270034,3.3225543798270034,4.712700843811035
848,8490.000025312134,2.8500015792839375,4.375173083576896,19,19,3.280617161891013,3.280617161891013,5.4892048835754395
849,8500.000025341948,2.778029982854292,4.497596717615034,20,22,3.256127482321291,3.256127482321291,5.450704574584961
850,8510.000025371763,2.7045368113150654,4.2091960390558425,20,24,3.3630234870729865,3.3630234870729865,4.95570182800293
851,8520.000025401576,2.7416574079897678,4.098734152151309,26,30,3.2938856823759086,3.2938856823759086,4.294987201690674
852,8530.00002543139,2.7752502103816696,4.359017796757354,16,18,3.3317621937158353,3.3317621937158353,4.527114391326904
853,8540.000025461204,2.8326372871907686,4.576102533220896,31,34,3.314143749398578,3.314143749398578,4.608766555786133
854,8550.00002549102,2.7391564299224314,4.338312720998701,14,16,3.414528410776551,3.414528410776551,5.182220458984375
855,8560.000025520832,2.671618532129602,4.283542486696878,19,20,3.125831208111166,3.125831208111166,5.520395278930664
856,8570.000025550647,2.584676112278998,4.623200548577133,17,20,3.4073549192479184,3.4073549192479184,5.092221260070801
857,8580.00002558046,2.4172605847667006,4.2255182843624866,31,35,3.2372835737982006,3.2372835737982006,4.725058078765869
858,8590.000025610276,2.417962115440877,4.652015974433541,18,20,3.1570596024340216,3.1570596024340216,4.767906665802002
859,8600.000025640089,2.3654270575771235,4.118625791139787,23,26,3.320818756692719,3.320818756692719,4.963503837585449
860,8610.000025669902,2.3511354216445994,4.176621681677102,14,17,3.3971475561771713,3.3971475561771713,4.659675121307373
861,8620.000025699717,2.4001735042966885,4.0660481348618465,23,23,3.2667975894958414,3.2667975894958414,4.618934631347656
862,8630.00002572953,2.362587973572164,4.060413765349975,15,17,3.552223634815099,3.552223634815099,5.404614448547363
863,8640.000025759346,2.221524284305187,4.431425622621337,19,21,3.31158939807695,3.31158939807695,5.004790306091309
864,8650.000025789159,2.437494797433369,4.649162961417162,32,34,3.124598163527015,3.124598163527015,5.197107315063477
865,8660.000025818974,2.2854141925774925,4.957655868370639,27,31,3.298801637705935,3.298801637705935,5.641664981842041
866,8670.000025848787,2.2542371382087003,5.416296378707649,22,25,3.3812216545295355,3.3812216545295355,5.117980480194092
867,8680.000025878602,2.5212319443683255,5.216474843591512,22,24,3.1366019916326846,3.1366019916326846,4.784256935119629
868,8690.000025908415,2.3481114168727397,4.992010493603212,25,26,3.303828261115252,3.303828261115252,5.12117862701416
869,8700.00002593823,2.446086990592482,4.899709296427481,18,20,3.5079723116133774,3.5079723116133774,5.067484378814697
870,8710.000025968044,2.492866026605046,4.752363959284877,10,10,3.346316919344374,3.346316919344374,5.478151321411133
871,8720.000025997857,2.51640714784063,5.311315633781581,16,18,3.425283683161097,3.425283683161097,5.563782215118408
872,8730.000026027672,2.4956170416057697,4.7176888537027715,19,19,3.3875443072314497,3.3875443072314497,5.043746471405029
873,8740.000026057485,2.434495653202333,5.319164655204661,23,24,3.2939181389238903,3.2939181389238903,4.878364562988281
874,8750.0000260873,2.3673810932765194,5.333305784420773,25,29,3.2773188455279474,3.2773188455279474,4.5286545753479
875,8760.000026117114,2.3467888091917284,5.218594867226205,15,18,3.3091152573932,3.3091152573932,5.228683948516846
876,8770.000026146929,2.4264135943971574,4.9074928168456555,25,29,3.2491137245412856,3.2491137245412856,4.834614276885986
877,8780.000026176742,2.3315879450901487,4.9331597224122286,30,34,3.3391242073024388,3.3391242073024388,4.8685784339904785
878,8790.000026206557,2.276856094585548,5.038848726105715,25,26,3.2236240465893853,3.2236240465893853,5.3331499099731445
879,8800.00002623637,2.5613468794872127,5.142630484278346,17,20,3.340849510563157,3.340849510563157,4.695466041564941
880,8810.000026266183,2.4569148204426137,4.967750904590278,17,20,3.373366951602379,3.373366951602379,4.871038436889648
881,8820.000026295998,2.677846053027353,4.72474385287392,17,19,3.4958015770342015,3.4958015770342015,4.733821392059326
882,8830.000026325812,2.6005665156562685,4.309888911746199,21,24,3.1032401202805837,3.1032401202805837,4.438555717468262
883,8840.000026355627,2.5271908890383172,4.715219567444323,30,31,3.3170808231290283,3.3170808231290283,5.064657688140869
884,8850.00002638544,2.498313122943055,4.056633295197496,19,24,3.4249137915565133,3.3393367184331844,4.460977554321289
885,8860.000026415255,2.555181554666717,3.9692196521180323,16,17,3.386765624430661,3.386765624430661,4.8133864402771
886,8870.000026445068,2.372693104560638,3.9498112058837203,16,17,3.354954577668778,3.354954577668778,5.078637599945068
887,8880.000026474883,2.470776190569188,3.7303809715255456,12,14,3.549046343734368,3.549046343734368,5.252974987030029
888,8890.000026504697,2.5694651968668047,3.9276872625968315,33,35,3.3413095151326324,3.3413095151326324,4.465939998626709
889,8900.000026534512,2.5711435287013398,4.012021060477099,25,28,3.3480229773899794,3.3480229773899794,5.119377613067627
890,8910.000026564325,2.6656673152707944,3.7724714917207343,23,25,3.148388788418909,3.148388788418909,5.171938419342041
891,8920.000026594138,2.60366469787534,4.179548304852239,31,31,3.392388234797068,3.392388234797068,5.452646255493164
892,8930.000026623953,2.6814491790672554,4.067125105724756,33,34,3.3537638596038293,3.3537638596038293,4.546876430511475
893,8940.000026653766,2.694090378697378,3.6265274881490073,15,17,3.443373162577728,3.443373162577728,5.377208232879639
894,8950.000026683581,2.6218168799985846,4.255741926739849,27,30,3.3784597126270013,3.3784597126270013,4.272614479064941
895,8960.000026713395,2.6196628392379884,3.9390602200231797,24,27,3.0981300614851803,3.0981300614851803,4.37895393371582
896,8970.00002674321,2.6508706323362925,4.012252780164731,17,17,3.3745304730935386,3.3745304730935386,4.497701168060303
897,8980.000026773023,2.5912520934715295,4.495496110075105,23,23,3.2429354051622648,3.2429354051622648,4.62847900390625
898,8990.000026802838,2.6795306513524775,4.011141609680063,19,21,3.323357386022605,3.323357386022605,4.087526798248291
899,9000.000026832651,2.64907767715727,4.905187786809134,20,22,3.2741594430787853,3.2741594430787853,4.374822616577148
900,9010.000026862466,2.5928202919606624,5.003340528301327,27,30,3.224442664850826,3.224442664850826,4.9404683113098145
901,9020.00002689228,2.662365614068797,5.62229767659518,25,29,3.116588091867358,3.116588091867358,4.668388843536377
902,9030.000026922093,2.699886574576293,5.642533896115385,15,17,3.5564117275588822,3.5564117275588822,4.2190680503845215
903,9040.000026951908,2.502560346735028,5.165406785670533,33,35,3.1325500550174183,3.1325500550174183,4.708580017089844
904,9050.000026981721,2.5071240165113364,5.137640156427855,32,35,3.201557102597048,3.201557102597048,4.121284484863281
905,9060.000027011536,2.508161303034392,5.313487852110082,23,23,3.241285152612128,3.241285152612128,4.994671821594238
906,9070.00002704135,2.357164613857165,5.2295630185152415,31,34,3.1152200239683765,3.1152200239683765,4.403175354003906
907,9080.000027071164,2.432788220349827,4.957688652130601,21,25,3.503514212585322,3.503514212585322,4.61353063583374
908,9090.000027100978,2.271219118710279,4.673787369896216,23,27,3.209232568274254,3.209232568274254,4.231110095977783
909,9100.000027130793,2.360840221992671,4.662062136235662,26,30,3.35595248520622,3.35595248520622,4.026608943939209
910,9110.000027160606,2.347923770995702,4.765357507804481,28,32,3.1975059780829627,3.181571283003442,4.342325687408447
911,9120.00002719042,2.262846672809889,4.185077291278204,14,14,3.4054876045551308,3.4054876045551308,4.917144298553467
912,9130.000027220234,2.4012580625879254,4.705048562064848,25,25,3.142908619294916,3.142908619294916,5.257377624511719
913,9140.000027250047,2.518056633656011,4.592811257097921,17,17,3.272993871786097,3.272993871786097,4.860977649688721
914,9150.000027279862,2.4031636856088054,4.561754327746549,25,25,3.157268199517942,3.157268199517942,4.8843159675598145
915,9160.000027309676,2.585550879994879,4.748066209937338,22,22,3.2839154667681343,3.2839154667681343,4.467182636260986
916,9170.00002733949,2.5510399875967407,4.636488986962824,23,23,3.1730288134097857,3.1730288134097857,4.563652038574219
917,9180.000027369304,2.582978501231879,4.621245005479461,26,26,3.290219251866644,3.290219251866644,4.51305627822876
918,9190.000027399119,2.6577855066708,4.853362966147183,19,22,3.279418609729713,3.279418609729713,4.065714359283447
919,9200.000027428932,2.659937464989446,5.136245591626902,25,27,3.367400477692168,3.367400477692168,4.0698323249816895
920,9210.000027458747,2.601255468850161,5.200247621604511,22,25,3.40790068599965,3.40790068599965,3.885441780090332
921,9220.00002748856,2.397064557057968,4.804962017143545,19,19,3.4504193791001327,3.4504193791001327,4.533473014831543
922,9230.000027518374,2.618739450017821,5.626260629833373,23,27,3.1876187649109777,3.1876187649109777,3.995274543762207
923,9240.000027548189,2.5911006357581536,5.718624242328284,21,21,3.435269044559432,3.435269044559432,4.288633823394775
924,9250.000027578002,2.549467579911719,5.140479364613335,19,20,3.4785315831714296,3.4785315831714296,4.172819137573242
925,9260.000027607817,2.521051262046585,5.0989311494202765,32,36,3.235248733962334,3.1546430996612878,4.343773365020752
926,9270.00002763763,2.44283445278808,4.814479897680949,22,25,3.270540243860648,3.270540243860648,4.450590133666992
927,9280.000027667445,2.561356430560059,5.309942192451146,23,25,3.1215085535053904,3.1215085535053904,3.8637828826904297
928,9290.000027697259,2.455622680878229,5.525163881107433,20,21,3.396776678325352,3.396776678325352,4.2768025398254395
929,9300.000027727074,2.423427011252666,5.460917237886656,24,27,3.4358230754026904,3.309952503916578,3.869234800338745
930,9310.000027756887,2.323220047552665,5.939693262701827,23,27,3.4074864408842793,3.3349030749026842,4.365286827087402
931,9320.0000277867,2.403508498051077,6.4107854627320275,29,33,2.9605618372555513,2.9605618372555513,4.230454921722412
932,9330.000027816515,2.3562174975700514,6.574454034450712,7,7,3.5724692080023837,3.5724692080023837,5.493679046630859
933,9340.000027846329,2.2377367226000104,6.002274994097457,20,20,3.504724277789754,3.504724277789754,4.744783401489258
934,9350.000027876144,2.219478790081601,6.163812133009984,15,15,3.177979722333732,3.177979722333732,4.672977447509766
935,9360.000027905957,2.1663559737412053,5.995952777700006,26,26,2.9291231115214074,2.9291231115214074,4.880875587463379
936,9370.000027935772,2.285049402319266,6.116343712006156,14,14,3.425316988396,3.425316988396,4.818737983703613
937,9380.000027965585,2.2556443031010667,6.207363295348852,17,17,3.306498445057927,3.306498445057927,4.935604095458984
938,9390.0000279954,2.2953517167830504,6.458143486205417,23,24,3.3959954796167238,3.3959954796167238,4.24827766418457
939,9400.000028025213,2.2356328916343804,6.535042478463648,22,22,3.277730930758916,3.277730930758916,4.963430404663086
940,9410.000028055028,2.3764487671092387,6.466580060171284,30,32,3.215247487913369,3.215247487913369,4.267448425292969
941,9420.000028084842,2.3359805563226854,6.271785424517801,13,15,3.5611510744862414,3.5611510744862414,4.759155750274658
942,9430.000028114655,2.325853156011793,6.387297070276562,23,23,3.13345786530236,3.13345786530236,4.47886848449707
943,9440.00002814447,2.350638268916197,6.532488153954787,14,14,3.270245649129273,3.270245649129273,4.897307872772217
944,9450.000028174283,2.4068941152444863,6.411508880209999,13,13,3.429004946994207,3.429004946994207,5.447704792022705
945,9460.000028204098,2.3346981447078803,6.392523400724632,22,23,3.174263012882809,3.174263012882809,4.922850608825684
946,9470.000028233912,2.3862053931669873,6.578291959153342,14,16,3.097806665790781,3.097806665790781,5.380219459533691
947,9480.000028263727,2.332480967138644,6.217736070105889,20,21,3.3670408888350702,3.3670408888350702,5.252519130706787
948,9490.00002829354,2.2533151589642264,6.503275902305913,19,19,3.5459508880255495,3.5459508880255495,5.381768226623535
949,9500.000028323355,2.094984686157829,6.311677837403852,13,15,3.296333209953155,3.296333209953155,5.1049933433532715
950,9510.000028353168,2.2115268432132282,6.571486569116439,22,24,3.2340726167297285,3.2340726167297285,4.986088275909424
951,9520.000028382983,2.097560826523246,6.540049962530453,25,27,3.3938915675983674,3.3938915675983674,4.826871395111084
952,9530.000028412796,2.150330381767472,6.4865488433333285,24,28,3.144243295930545,3.144243295930545,5.024038791656494
953,9540.00002844261,2.232212476616441,6.501478235229558,18,20,3.4659236608792194,3.4659236608792194,5.625904560089111
954,9550.000028472425,2.2228761051659003,6.175760047320498,15,17,3.2322475213075945,3.2322475213075945,4.761876583099365
955,9560.000028502238,2.299073400512097,6.58785322940633,16,17,3.418626186391567,3.418626186391567,5.373988628387451
956,9570.000028532053,2.2216334805351634,6.612758469771372,19,19,3.174218315623845,3.174218315623845,4.956871032714844
957,9580.000028561866,2.3934128277015856,6.205896704024686,18,18,3.2860657900027253,3.2860657900027253,4.847886085510254
958,9590.000028591681,2.356990194612963,6.4336292707922516,24,24,3.014061482241071,3.014061482241071,5.167057037353516
959,9600.000028621494,2.2912964574243424,6.264017860037401,12,12,3.2177356198498965,3.2177356198498965,5.226305961608887
960,9610.00002865131,2.2509559859008554,6.126141437408983,21,25,3.2212809251895456,3.2212809251895456,5.219714164733887
961,9620.000028681123,2.1810440136850953,6.044003246012834,22,26,3.2881207769374683,3.2881207769374683,5.114917278289795
962,9630.000028710936,2.251444867326437,6.441038489908372,13,13,3.4687499370421295,3.4687499370421295,5.7415690422058105
963,9640.000028740751,2.102011462175272,6.979351300940533,21,22,3.3551805293301,3.3551805293301,5.959360599517822
964,9650.000028770564,2.145997475679968,6.527911723034955,14,18,3.3338642163743546,3.3338642163743546,5.331818580627441
965,9660.00002880038,2.425590300860819,6.546958725055271,13,13,3.2792180212670035,3.2792180212670035,6.163034915924072
966,9670.000028830193,2.3937197889569255,6.444377462646436,16,17,3.447097591467852,3.447097591467852,5.642759799957275
967,9680.000028860008,2.265800879078925,6.451424593603878,10,11,3.4777259113436503,3.4777259113436503,5.551860809326172
968,9690.00002888982,2.228338402014968,6.032669414979561,6,6,3.77601749049745,3.77601749049745,5.606651782989502
969,9700.000028919636,2.302036574937853,6.226717302643843,9,9,3.5985530579973006,3.5985530579973006,5.416830062866211
970,9710.00002894945,2.198712920594728,6.20789074689136,21,22,3.359516517339373,3.359516517339373,5.071971416473389
971,9720.000028979264,2.2648884354231416,6.252235282887038,7,7,3.774787519178672,3.774787519178672,5.846043109893799
972,9730.000029009077,2.3230510816262413,6.33614988687594,19,24,3.1178918062178447,3.1178918062178447,4.8801589012146
973,9740.00002903889,2.3244386465156626,6.157193417137978,16,20,2.9683441191964723,2.9683441191964723,4.880442142486572
974,9750.000029068706,2.1812704372061402,6.074650351323573,19,23,3.352162071943363,3.276094385748343,4.984585762023926
975,9760.000029098519,2.3705851317692983,6.114926167493776,18,18,3.3781371218426535,3.3781371218426535,5.016717910766602
976,9770.000029128334,2.576377337731024,6.477114318796007,18,19,3.4348048735274195,3.4348048735274195,5.273667812347412
977,9780.000029158147,2.6195612903304846,6.932507107018428,21,23,2.965721011545531,2.965721011545531,5.190356254577637
978,9790.000029187962,2.513252721942108,6.42931118862546,17,17,3.384242184812226,3.384242184812226,4.817458152770996
979,9800.000029217776,2.4908151049753537,6.437393275401247,15,17,3.2627788050453876,3.2627788050453876,5.445285320281982
980,9810.00002924759,2.467071441937229,6.786824772792648,15,19,3.2115831058584194,3.2115831058584194,5.493332862854004
981,9820.000029277404,2.4800557960735237,6.556195336914813,19,20,3.5388800769099142,3.5388800769099142,5.278365612030029
982,9830.000029307219,2.3492583276106362,6.545946959691319,21,26,3.2078944085727255,3.2078944085727255,5.359943866729736
983,9840.000029337032,2.5287867111366227,6.483488766814479,11,12,3.3791426216572553,3.3791426216572553,5.426735877990723
984,9850.000029366845,2.586763917787871,6.422219274146843,26,29,3.176647270449583,3.176647270449583,4.815063953399658
985,9860.00002939666,2.293881669827674,6.315291736797287,24,25,3.302995824866453,3.302995824866453,5.072540760040283
986,9870.000029426474,2.4818100684027757,6.959987151606376,21,21,3.5062790375020954,3.5062790375020954,5.660154342651367
987,9880.000029456289,2.541984958213895,6.746352284479182,17,17,3.209574367412367,3.209574367412367,5.442840099334717
988,9890.000029486102,2.4606794824996507,6.500644413076948,21,23,3.151994499659956,3.151994499659956,5.377082824707031
989,9900.000029515917,2.4703171141434366,6.524413994788925,16,16,3.4780103696742417,3.4780103696742417,5.578601837158203
990,9910.00002954573,2.4967175143916336,6.965504076218347,16,16,3.5080863968773124,3.5080863968773124,6.0964179039001465
991,9920.000029575545,2.4833110395601086,6.82097448251926,19,20,3.273138923800716,3.273138923800716,5.6593017578125
992,9930.000029605359,2.4309429932856395,6.810480743574904,18,18,3.3215415701807163,3.3215415701807163,5.840826988220215
993,9940.000029635172,2.462577490705184,6.6509650909964995,25,30,3.216365591469373,3.216365591469373,5.631737232208252
994,9950.000029664987,2.5045739967057106,6.76347878553206,22,23,3.161154588215683,3.161154588215683,5.463417053222656
995,9960.0000296948,2.5025678777818703,6.498600101810059,12,14,3.0686685393753375,3.0686685393753375,5.515582084655762
996,9970.000029724615,2.488711707248985,6.484539047536632,23,28,3.276695713910009,3.276695713910009,5.289592266082764
997,9980.000029754428,2.4299773788989816,6.825022829435103,20,24,3.4135937886015744,3.4032013172016926,5.7840657234191895
998,9990.000029784243,2.413148402276963,7.020255671524484,22,25,3.212293516676222,3.212293516676222,5.4724650382995605
999,10000.000029814057,2.5315731242723754,6.366846211620552,8,12,3.47923124462151,3.47923124462151,5.764664649963379
