frame,time_ps,protein_backbone_rmsd_A,ligand_heavy_rmsd_A,fixed_pocket_contact_count_4A,all_protein_contact_count_4A,fixed_pocket_min_distance_A,all_protein_min_distance_A,ligand_COM_to_fixed_pocket_center_A
0,10.000000029814057,1.2102896653632926e-06,6.797064130789717e-07,26,26,3.311692685468745,3.311692685468745,5.952754497528076
1,20.000000059628114,0.7991142266338792,1.256287090810215,24,24,3.393421263059843,3.393421263059843,5.436298370361328
2,30.00000008944217,0.9644130258313168,1.0654835469199713,28,28,3.1967290488283835,3.1967290488283835,5.443097114562988
3,40.00000011925623,1.0606928093764418,1.5144187360458385,25,25,3.4103539936125786,3.4103539936125786,5.78786563873291
4,50.00000014907029,0.9972777599495559,1.0171690586669087,38,38,3.2032830842081785,3.2032830842081785,6.116517543792725
5,60.00000017888434,1.1431027283570132,1.0836680140198856,22,22,3.3781972120099604,3.3781972120099604,5.745530128479004
6,70.0000002086984,1.1859404103338183,0.9124761020383492,11,11,3.513964837091859,3.513964837091859,6.047922611236572
7,80.00000023851246,1.2626018337909792,1.8423506634414573,18,18,3.4703193402023595,3.4703193402023595,5.889467716217041
8,90.00000026832652,1.383785999049838,1.567527671329638,16,16,3.3989046824168105,3.3989046824168105,5.343026638031006
9,100.00000029814058,1.4138962861448103,1.5808529600041707,29,29,3.2202833259112467,3.2202833259112467,5.716873645782471
10,110.00000032795462,1.3908346509493243,1.4412838725214494,27,28,3.330592981301646,3.330592981301646,5.667333126068115
11,120.00000035776868,1.333091170844522,1.2983841679231776,17,17,3.5199615105803024,3.5199615105803024,5.602919101715088
12,130.00000038758273,1.5683725206224814,2.005898012242457,21,21,3.157382699614647,3.157382699614647,5.794212818145752
13,140.0000004173968,1.5731126634733104,1.7180356951284563,19,19,3.2779867766243656,3.2779867766243656,5.9813995361328125
14,150.00000044721085,1.6456461453820328,1.9348024579646625,29,29,3.3120651918122825,3.3120651918122825,5.198821544647217
15,160.0000004770249,1.543827830786008,1.3680668830300164,32,32,3.2328243572294153,3.2328243572294153,5.123072147369385
16,170.00000050683897,1.4238415047433735,2.10479499396806,22,22,3.4280732608727593,3.4280732608727593,5.684251308441162
17,180.00000053665303,1.4429326707142878,1.9682113993922257,34,34,3.3203506365841826,3.3203506365841826,5.293110370635986
18,190.0000005664671,1.4373414225480998,1.5156412432452226,22,22,3.5683443093470073,3.5683443093470073,5.67047119140625
19,200.00000059628115,1.5242882265127693,1.8608232060987777,21,21,3.203976050653706,3.203976050653706,6.095588207244873
20,210.0000006260952,1.5661147120473022,1.597685316608902,15,15,3.442671416939408,3.442671416939408,5.959054946899414
21,220.00000065590925,1.6620913152701877,1.568507216235304,16,16,3.314087626436426,3.314087626436426,6.449480056762695
22,230.0000006857233,1.61092417672834,2.764981065265502,15,15,3.5118168866093233,3.5118168866093233,6.743691921234131
23,240.00000071553737,1.5708303838630913,1.7232472324118326,23,23,3.333079279987108,3.333079279987108,5.684184551239014
24,250.00000074535143,1.4907516818931754,2.1690965825680433,19,19,3.3146084885980835,3.3146084885980835,6.187870502471924
25,260.00000077516546,1.6249291864998783,1.9033534002371588,22,22,3.328247295736517,3.328247295736517,6.187304496765137
26,270.00000080497955,1.5911842636749653,2.087861105943389,17,17,3.3866097789253837,3.3866097789253837,5.984944820404053
27,280.0000008347936,1.682051344380712,2.006935936795555,26,26,3.2969962162282798,3.2969962162282798,5.450826644897461
28,290.00000086460767,1.659168814180709,2.3240332768648653,26,26,3.3053658602124187,3.3053658602124187,6.228611946105957
29,300.0000008944217,1.76095985976229,2.1675181393456526,19,19,3.2671716660230583,3.2671716660230583,5.850600719451904
30,310.0000009242358,1.8408795963011217,1.9725214211815616,25,25,3.3138374176857357,3.3138374176857357,5.640564918518066
31,320.0000009540498,1.7352925694645742,2.1438211202345046,22,22,3.1462767104881224,3.1462767104881224,5.632511138916016
32,330.00000098386386,2.0009035656744127,2.665618039847862,22,22,3.387831926821854,3.387831926821854,5.610285758972168
33,340.00000101367795,1.8784219004304537,2.27864590896451,16,16,3.306041565022294,3.306041565022294,5.890627384185791
34,350.000001043492,1.9224089710701788,2.474727449746813,22,22,3.3729478829173756,3.3729478829173756,6.119350433349609
35,360.00000107330607,1.891325579208248,2.1063914511262403,29,29,3.09072837597563,3.09072837597563,6.119564056396484
36,370.0000011031201,1.902384614971413,1.9786678856163813,18,18,3.4183801747833886,3.4183801747833886,5.6796722412109375
37,380.0000011329342,1.8627724023334684,1.8529057579823087,19,19,3.4471978036700763,3.4471978036700763,5.955594539642334
38,390.0000011627482,1.8124509413851508,2.5912820858107204,19,19,3.3283490452464615,3.3283490452464615,6.076329708099365
39,400.0000011925623,1.8178111802963024,1.9629111625876114,16,16,3.5664223351825126,3.5664223351825126,6.230510234832764
40,410.00000122237634,1.7931778854610179,2.158810946435073,20,20,3.3151486844910094,3.3151486844910094,5.626530647277832
41,420.0000012521904,1.8146831199943174,1.934307331806561,31,31,3.203829504139729,3.203829504139729,5.958438396453857
42,430.00000128200446,1.797635144006698,2.484164720193074,31,31,3.287067751505964,3.287067751505964,6.111755847930908
43,440.0000013118185,1.8780526275497063,3.461989136708741,21,23,3.5453274982452387,3.5453274982452387,6.061127662658691
44,450.0000013416326,1.761597003276693,3.5159453706884642,18,22,3.369063703947094,3.369063703947094,6.315324306488037
45,460.0000013714466,1.9631278804428318,2.8626688472952693,23,24,3.3589013391080584,3.3589013391080584,5.737390518188477
46,470.0000014012607,1.9438348386870505,2.67753280510901,24,24,3.1517345111759556,3.1517345111759556,6.166767597198486
47,480.00000143107474,1.8966081583731205,2.1608302757343827,30,30,3.393071995689569,3.393071995689569,5.483043193817139
48,490.00000146088877,1.9567862982669197,2.4547764388023654,25,25,3.238461122648329,3.238461122648329,5.704580307006836
49,500.00000149070286,1.8169042938199294,2.233857299062908,23,23,3.070639039750909,3.070639039750909,5.743791103363037
50,510.0000015205169,1.7166494008595148,2.0900372120555506,29,29,3.341354638682539,3.341354638682539,5.67228364944458
51,520.0000015503309,1.8605681053253678,1.9907011196253868,31,31,3.471314007043955,3.471314007043955,5.222690105438232
52,530.0000015801451,1.7446916099883352,2.2272264733648606,15,15,3.4053024972531536,3.4053024972531536,5.889181613922119
53,540.0000016099591,1.780620051919957,2.367953829457675,22,22,3.224000781276591,3.224000781276591,5.6463518142700195
54,550.0000016397731,1.6481331242897623,2.1010343422354585,18,18,3.4314992200481127,3.4314992200481127,6.024784088134766
55,560.0000016695872,1.7926982787941075,2.1253983470113105,23,23,3.3448385714867768,3.3448385714867768,5.412935733795166
56,570.0000016994012,1.6307059744269892,2.0136983784878257,33,33,3.1625650498814206,3.1625650498814206,5.4759039878845215
57,580.0000017292153,1.73558427538443,1.73653848547333,21,21,3.302690262557234,3.302690262557234,5.4642462730407715
58,590.0000017590294,1.7371251505006198,2.3886305183537937,25,25,3.1744319374353056,3.1744319374353056,5.700613498687744
59,600.0000017888434,1.7090797476997048,2.086171782365773,23,23,3.3430335910205855,3.3430335910205855,5.7941508293151855
60,610.0000018186574,1.6757622663095346,1.6902550141210255,25,25,3.4167735887568274,3.4167735887568274,5.096400737762451
61,620.0000018484716,1.6951655558028789,1.8160445238131624,25,25,3.463928180919918,3.463928180919918,5.648169994354248
62,630.0000018782856,1.6070209808728293,2.1572264799159027,33,33,3.390096681824246,3.390096681824246,5.704665660858154
63,640.0000019080996,1.685010418564198,1.8711126069176036,22,22,3.409191012005549,3.409191012005549,5.831498622894287
64,650.0000019379137,1.6916023657192651,1.881716435936098,25,25,3.354599795020821,3.354599795020821,5.360267639160156
65,660.0000019677277,1.631145597830184,2.502366549013897,24,24,3.194015507713766,3.194015507713766,6.167236328125
66,670.0000019975419,1.7314674291781404,1.874826170630336,24,24,3.529297883421588,3.529297883421588,5.958043575286865
67,680.0000020273559,1.6878683485025554,1.7101936825756066,26,26,3.3275046078659356,3.3275046078659356,5.4148268699646
68,690.0000020571699,1.6152879101391588,1.782243438872388,26,26,3.205211202027253,3.205211202027253,5.707019329071045
69,700.000002086984,1.6252639498256598,1.8564931788244972,21,21,3.2849566917708475,3.2849566917708475,5.839651584625244
70,710.0000021167981,1.6586293280086435,2.4121589552929685,20,20,3.3952226744951735,3.3952226744951735,6.038841724395752
71,720.0000021466121,1.640686096706443,1.8453650475812877,29,29,3.4968004473843846,3.4968004473843846,6.001424789428711
72,730.0000021764262,1.6365407478806278,2.0634043022270014,15,15,3.54964725691012,3.54964725691012,6.240575313568115
73,740.0000022062402,1.6804458450433948,1.537993629446698,20,20,3.3391680340374332,3.3391680340374332,6.010084629058838
74,750.0000022360542,1.6714371560335113,1.9397344127570595,31,31,3.376116643162553,3.376116643162553,6.020508766174316
75,760.0000022658684,1.7078048379154176,2.2978524147440944,11,11,3.2720346252060106,3.2720346252060106,6.219816207885742
76,770.0000022956824,1.7886589206765198,1.776921304665705,28,28,3.246619245039618,3.246619245039618,5.94378662109375
77,780.0000023254964,1.8363890369824516,2.4374228708758783,13,13,3.3622402161610903,3.3622402161610903,6.444431304931641
78,790.0000023553105,1.8633396333439356,1.7156074926733322,23,23,3.4074367505490635,3.4074367505490635,5.975083351135254
79,800.0000023851246,1.775488440941171,1.789800993950606,17,17,3.448022123085925,3.448022123085925,6.206580638885498
80,810.0000024149386,1.895887240555416,1.9466277965948635,18,18,3.6796552571899066,3.6796552571899066,6.270686149597168
81,820.0000024447527,1.8260575841470048,1.8132654027418702,20,20,3.4122423138808786,3.4122423138808786,6.042752742767334
82,830.0000024745667,1.7447537356187657,1.2629561331269907,30,30,3.2382883044072197,3.2382883044072197,5.821136474609375
83,840.0000025043807,1.7708913626695169,1.8034699632287061,17,17,3.401826842011082,3.401826842011082,5.708349227905273
84,850.0000025341949,1.7335305607271985,1.5963764810027155,16,16,3.500914432436418,3.500914432436418,6.190286636352539
85,860.0000025640089,1.6825764032574637,1.3442780198201725,20,20,3.49383137248846,3.49383137248846,6.147552013397217
86,870.000002593823,1.735951345037245,1.3800124060027168,27,27,3.460537343536553,3.460537343536553,6.676967620849609
87,880.000002623637,1.580511975983411,1.2864984184418264,27,27,3.460927726631999,3.460927726631999,6.21395206451416
88,890.000002653451,1.5948138733864763,2.257469035976563,23,23,3.257931127952266,3.257931127952266,6.03164005279541
89,900.0000026832652,1.6577782763508222,1.3487255033500356,19,19,3.48245067886732,3.48245067886732,6.441511154174805
90,910.0000027130792,1.705881696750902,1.394639498036029,13,13,3.3498215715683504,3.3498215715683504,6.21635627746582
91,920.0000027428932,1.7538281932917839,1.0338511104310382,22,22,3.3203719247982444,3.3203719247982444,6.362637996673584
92,930.0000027727073,1.8589622072587542,1.5276608405466952,44,44,3.164743572766923,3.164743572766923,5.955095291137695
93,940.0000028025214,1.9060766540020697,1.4547431810475513,32,32,3.277850289422588,3.277850289422588,6.429548740386963
94,950.0000028323354,1.8797362205578425,1.5427642750296917,39,39,3.1918270073746604,3.1918270073746604,6.0478973388671875
95,960.0000028621495,1.8448990926810251,1.5560214826056562,21,21,3.3890807717249634,3.3890807717249634,6.213940143585205
96,970.0000028919635,1.8903569775928715,1.7359752011006386,27,27,3.085879237234985,3.085879237234985,5.928524494171143
97,980.0000029217775,1.86372298249477,1.5220254756942704,23,23,3.411888413721161,3.411888413721161,6.2890706062316895
98,990.0000029515917,1.7821218986450058,2.061460373026183,19,19,3.447004672582738,3.447004672582738,6.1875433921813965
99,1000.0000029814057,1.9129203459840634,1.6995450869870041,17,17,3.3374043052001396,3.3374043052001396,5.91170072555542
100,1010.0000030112197,1.7984878901985941,1.6748649930816535,22,22,3.299784056012715,3.299784056012715,6.427591800689697
101,1020.0000030410338,1.9141726042260265,1.8728319028147913,9,9,3.230493669178637,3.230493669178637,6.41164493560791
102,1030.000003070848,1.809893376130172,2.1990459844224897,22,22,3.1860853668938898,3.1860853668938898,6.356722354888916
103,1040.0000031006618,1.939236874192429,2.0022984412308236,25,25,3.301351540624677,3.301351540624677,5.990243911743164
104,1050.000003130476,1.9194341322039488,1.7113955904514382,39,39,3.06754034662621,3.06754034662621,6.043097019195557
105,1060.0000031602901,1.9197820878073308,1.397957061695918,18,18,3.462634388039484,3.462634388039484,6.3087358474731445
106,1070.000003190104,1.842655494966577,1.6873151674485776,22,22,3.456781704141359,3.456781704141359,5.7746453285217285
107,1080.0000032199182,2.016066154589788,1.5027576784716192,35,35,3.1750506587501737,3.1750506587501737,5.544848918914795
108,1090.0000032497321,1.8557728354306322,2.1624332051431616,19,19,3.4476390665175343,3.4476390665175343,6.433700084686279
109,1100.0000032795463,1.9462725124349203,1.6509254835714195,17,17,3.2772041262610423,3.2772041262610423,6.193015098571777
110,1110.0000033093604,1.8138072718465175,1.8755974093403989,26,26,3.21881346884648,3.21881346884648,5.7342305183410645
111,1120.0000033391743,1.819838167258595,1.9605691495632473,27,27,3.369490946373056,3.369490946373056,6.027788162231445
112,1130.0000033689885,1.9128572575973724,1.7627673052394783,28,28,3.3691113707389837,3.3691113707389837,5.834559917449951
113,1140.0000033988024,1.9670828719123168,1.7305084670321957,27,27,3.183943200367294,3.183943200367294,5.993001461029053
114,1150.0000034286165,2.051632517716855,1.522399688554323,27,29,3.3252119722165947,3.3252119722165947,5.937886714935303
115,1160.0000034584307,2.1931700554007216,1.6145638282942467,22,22,3.2130751511526996,3.2130751511526996,6.155980110168457
116,1170.0000034882446,2.0693854168152352,2.050120667209356,25,25,3.2746111004609806,3.2746111004609806,5.681183815002441
117,1180.0000035180587,2.212007728909438,2.0244860285685062,24,24,3.276356834215054,3.276356834215054,5.654720783233643
118,1190.000003547873,2.2364472011014223,1.6703209526279161,18,18,3.367897350521841,3.367897350521841,5.898445129394531
119,1200.0000035776868,2.0505169411331465,2.23033925476057,9,9,3.768827729569945,3.768827729569945,6.417065143585205
120,1210.000003607501,2.025954765354744,2.8723656895967387,18,18,3.48004533556591,3.48004533556591,6.279353141784668
121,1220.0000036373149,2.1164242667334814,2.2768107141350185,27,27,3.1892960607680814,3.1892960607680814,5.955481052398682
122,1230.000003667129,2.127753270733287,2.019761886120935,23,23,3.2298027032275356,3.2298027032275356,6.126969814300537
123,1240.0000036969432,2.0815654815997555,2.619888123820223,15,15,3.238759157924605,3.238759157924605,6.172724723815918
124,1250.000003726757,2.0291786145172463,1.9240869850713678,23,23,2.9478938270334383,2.9478938270334383,5.97390079498291
125,1260.0000037565712,2.0460608002599363,2.100628652896503,27,27,3.284255917417959,3.284255917417959,5.799599647521973
126,1270.0000037863852,2.100431897478915,2.067579836167585,19,19,3.2250665878322833,3.2250665878322833,5.855897903442383
127,1280.0000038161993,2.0898903322243076,1.4344924205288707,22,22,3.30853129182181,3.30853129182181,5.899863243103027
128,1290.0000038460134,1.881905029201072,1.6279777723743558,30,30,3.340116410172942,3.340116410172942,5.79714298248291
129,1300.0000038758274,2.11820706726521,2.0237150672002473,19,19,3.422399639197848,3.422399639197848,6.124919891357422
130,1310.0000039056415,2.134784037453376,1.3884351499698413,23,23,3.320577299734811,3.320577299734811,6.183575630187988
131,1320.0000039354554,2.0729706072534193,1.9373926431997286,19,19,3.2069926614010797,3.2069926614010797,5.950024604797363
132,1330.0000039652696,2.0341416722296,1.9018216032096948,23,23,3.6105553237172527,3.6105553237172527,5.814203262329102
133,1340.0000039950837,1.9768988186942855,1.841218106976002,26,26,3.2033674329898307,3.2033674329898307,5.971661567687988
134,1350.0000040248976,2.0095541934726575,1.730592828625902,22,22,3.2733304763843116,3.2733304763843116,6.077081680297852
135,1360.0000040547118,2.0949831129347944,1.720691144968183,12,12,3.3079728042750918,3.3079728042750918,5.827219486236572
136,1370.0000040845257,1.929736328006181,2.2168230569895466,28,28,3.4625532557316037,3.4625532557316037,5.7279462814331055
137,1380.0000041143398,2.0729625756806245,1.6822759848960718,13,13,3.439742340721243,3.439742340721243,5.428871154785156
138,1390.000004144154,2.0641873332284044,1.9993096979176586,30,30,3.3236315625540493,3.3236315625540493,5.998885154724121
139,1400.000004173968,2.143579644319874,1.6358390910548997,28,28,3.322196333080271,3.322196333080271,5.720010280609131
140,1410.000004203782,2.1159739311905317,1.8640359424135764,10,10,3.5533938523764728,3.5533938523764728,5.9152960777282715
141,1420.0000042335962,2.1568650657698294,1.315792673905826,19,19,3.282318480673678,3.282318480673678,6.292917728424072
142,1430.0000042634101,2.2211312874388396,1.6561141031983457,26,26,3.3548552148868542,3.3548552148868542,5.93462610244751
143,1440.0000042932243,2.2295319259529927,1.455732691531334,29,29,3.186319883356567,3.186319883356567,5.865676403045654
144,1450.0000043230382,2.1843233296460145,1.4962540204157508,21,21,3.359618332636833,3.359618332636833,6.16248893737793
145,1460.0000043528523,2.089611295834222,1.4907007378852735,30,30,3.330261859557589,3.330261859557589,5.881185531616211
146,1470.0000043826665,2.1557791470872947,1.984701726096052,32,32,3.3181448115693866,3.3181448115693866,6.242717266082764
147,1480.0000044124804,2.2292900807585116,1.489292919967507,23,23,3.306631026335464,3.306631026335464,6.3775553703308105
148,1490.0000044422945,2.198467418062069,1.656756776178081,37,37,3.355437055756349,3.355437055756349,5.932252883911133
149,1500.0000044721085,2.1968145929544955,2.2965611404079076,13,13,3.383478015020129,3.383478015020129,6.365281581878662
150,1510.0000045019226,2.1475539852422054,1.5234591265681263,28,28,3.439667212513717,3.439667212513717,5.807497978210449
151,1520.0000045317367,2.2239176670336205,1.7270168129406787,21,21,3.236656157596257,3.236656157596257,5.917567253112793
152,1530.0000045615507,2.1131344264879535,1.8340426837885808,20,20,3.416916455263625,3.416916455263625,6.209298133850098
153,1540.0000045913648,2.0630347229024033,1.5926909943577077,28,28,3.139741277686509,3.139741277686509,6.1519999504089355
154,1550.0000046211787,1.996921496514164,2.344415082404686,18,18,3.472852142649219,3.472852142649219,6.293282508850098
155,1560.0000046509929,2.0387611792594242,1.8914809363968832,26,26,3.4011504724266626,3.4011504724266626,6.349935054779053
156,1570.000004680807,1.9937961228125725,1.5950655248301555,18,18,3.4665684860749724,3.4665684860749724,6.712310314178467
157,1580.000004710621,2.17959342827917,1.7772045446254618,19,19,3.2436850753802347,3.2436850753802347,6.510417461395264
158,1590.000004740435,2.2747928708177882,1.643521663534731,19,19,3.2965947859322204,3.2965947859322204,6.038459777832031
159,1600.0000047702492,2.2304660751492196,1.8786628833623853,23,23,3.3774406564348176,3.3774406564348176,6.058371067047119
160,1610.0000048000632,2.224705179332172,1.6606606748490393,18,18,3.4532516511717994,3.4532516511717994,6.076894283294678
161,1620.0000048298773,2.2006657757663204,1.8631787877704595,39,39,3.177017062151984,3.177017062151984,5.43838357925415
162,1630.0000048596912,2.176080933398714,1.9953813253878494,35,35,3.1918220482450206,3.1918220482450206,6.253032207489014
163,1640.0000048895054,2.2198732942590023,1.9661952251411214,36,36,3.230329011870485,3.230329011870485,5.953746318817139
164,1650.0000049193195,2.25038242035842,2.286244606158504,19,19,3.124842783364247,3.124842783364247,6.221362113952637
165,1660.0000049491334,2.4088470918411256,2.2544810914789126,20,20,3.3217520133513707,3.3217520133513707,6.354989051818848
166,1670.0000049789476,2.253244822586716,1.6444387491051256,14,14,3.6211268329977586,3.6211268329977586,5.903207778930664
167,1680.0000050087615,2.2970356682211834,2.1436644267265814,26,26,3.3910078003391613,3.3910078003391613,5.876255035400391
168,1690.0000050385756,2.2916569469244377,2.245471224005909,14,14,3.2082624590239224,3.2082624590239224,6.023402214050293
169,1700.0000050683898,2.2451684680167237,1.9304308656995732,22,22,3.249672112577868,3.249672112577868,5.830301284790039
170,1710.0000050982037,2.2208251395957235,1.6468824883100217,33,33,3.2899520254041406,3.2899520254041406,5.3576812744140625
171,1720.0000051280178,2.271841697360939,1.8805917631203668,43,43,3.291047120189476,3.291047120189476,5.286665916442871
172,1730.0000051578318,2.3173184527945683,1.591993180634832,25,25,3.4035396935883804,3.4035396935883804,5.539602756500244
173,1740.000005187646,2.4971534203830017,1.8241655291280672,19,19,3.247201633488061,3.247201633488061,5.202868938446045
174,1750.00000521746,2.3988388248550723,2.2199091460483746,22,22,3.173037562555677,3.173037562555677,5.80584192276001
175,1760.000005247274,2.295889705965507,1.5560031371392213,18,18,3.2781631099679904,3.2781631099679904,5.793457508087158
176,1770.0000052770881,2.432621650655789,1.8564268568206241,13,13,3.4287902413508604,3.4287902413508604,6.229182243347168
177,1780.000005306902,2.3268087507933,1.8652914693632905,28,28,3.3924421304007213,3.3924421304007213,5.640969753265381
178,1790.0000053367162,2.3527142236856906,2.0481588762554774,30,30,3.2455689310308258,3.2455689310308258,5.199333667755127
179,1800.0000053665303,2.4305989566915946,2.3539111784174858,28,28,3.3071395571294695,3.3071395571294695,5.809585094451904
180,1810.0000053963442,2.3561698636638058,2.8958546486709063,19,19,3.546149331015291,3.546149331015291,5.888027667999268
181,1820.0000054261584,2.4080685287444696,2.3590641965377523,24,24,3.4464607003891135,3.4464607003891135,5.860941410064697
182,1830.0000054559725,2.464149234011563,3.099560656138863,24,24,3.3041126083006596,3.3041126083006596,5.767150402069092
183,1840.0000054857865,2.4472357233505138,2.0018870912687863,32,32,3.332695877459196,3.332695877459196,5.086778163909912
184,1850.0000055156006,2.3696271554315493,2.5740135459053977,29,29,3.3851222167424253,3.3851222167424253,5.650152206420898
185,1860.0000055454145,2.41599909575035,2.239971628133353,24,24,3.51885202054055,3.51885202054055,5.305669784545898
186,1870.0000055752287,2.44152504605543,1.773636620138021,28,28,3.4224236172887816,3.4224236172887816,5.810909748077393
187,1880.0000056050428,2.3274926636076168,1.9424337446682263,30,30,3.3355217199674634,3.3355217199674634,5.424671649932861
188,1890.0000056348567,2.469001841281066,1.6094112596568015,41,41,3.1879969855692223,3.1879969855692223,5.384634971618652
189,1900.0000056646709,2.3311241144104793,2.008292824842253,16,16,3.3496767878618674,3.3496767878618674,5.583845615386963
190,1910.0000056944848,2.416703750734116,2.0429595845183637,20,20,3.519412273391223,3.519412273391223,5.471756458282471
191,1920.000005724299,2.4279365465938483,2.012359804181497,26,26,3.5280186029386593,3.5280186029386593,5.382664203643799
192,1930.000005754113,2.1831455891989093,1.7568335898387826,29,29,3.376492717070987,3.376492717070987,5.497955799102783
193,1940.000005783927,2.32419308742017,2.265618997212417,12,12,3.2538871878760416,3.2538871878760416,5.993849754333496
194,1950.0000058137412,2.3316563880134757,1.6359742691645296,24,24,3.175383521233309,3.175383521233309,5.919693946838379
195,1960.000005843555,2.282318152624726,2.2926798392269134,18,18,3.5158410659881776,3.5158410659881776,6.256529331207275
196,1970.0000058733692,2.38012584557558,2.0507507501422286,14,14,3.4664580073865294,3.4664580073865294,5.361211776733398
197,1980.0000059031834,2.350225158229811,1.6685964758414387,24,24,3.317004313140314,3.317004313140314,5.584081649780273
198,1990.0000059329973,2.320954211118291,1.630343917801939,19,19,3.3460178544902344,3.3460178544902344,5.778865337371826
199,2000.0000059628114,2.340718147254742,2.328887031098647,24,24,3.4268600671431035,3.4268600671431035,6.345916748046875
200,2010.0000059926253,2.3536051963926585,2.361351335124638,11,11,3.60484591330208,3.60484591330208,6.073248863220215
201,2020.0000060224395,2.3194904232805733,1.6685643402002943,26,26,3.3424452405636305,3.3424452405636305,5.721210479736328
202,2030.0000060522536,2.4089306301143285,1.583842979836234,18,18,3.3833935328015454,3.3833935328015454,6.305394649505615
203,2040.0000060820676,2.483939075367034,2.2476565659109804,26,26,3.275183230838284,3.275183230838284,5.391570568084717
204,2050.0000061118817,2.5651494080625956,2.220467661405522,35,35,3.182127496935361,3.182127496935361,5.0155439376831055
205,2060.000006141696,2.4394920973742518,1.9225231250657644,21,21,3.4487367234262063,3.4487367234262063,5.9492082595825195
206,2070.00000617151,2.437679411254329,2.7120209494666554,22,22,3.331468520761808,3.331468520761808,5.867618560791016
207,2080.0000062013237,2.3614739298187106,2.205947849171457,33,33,3.2297771056991627,3.2297771056991627,5.696812152862549
208,2090.000006231138,2.3055829351106536,1.9842557175815327,22,22,3.4621473711903943,3.4621473711903943,5.808592319488525
209,2100.000006260952,2.414920356206333,2.04364750123662,23,23,3.3653209487963784,3.3653209487963784,5.9408979415893555
210,2110.000006290766,2.5380138681010944,2.505591766953668,24,24,3.2367436796928915,3.2367436796928915,5.824085712432861
211,2120.0000063205803,2.415876373933048,1.5262529240844427,40,40,3.1720019350786086,3.1720019350786086,5.748964309692383
212,2130.000006350394,2.3802969630761934,1.675556166262423,25,25,3.311039960219906,3.311039960219906,5.496251106262207
213,2140.000006380208,2.242748882517752,1.960657758798616,26,26,3.4489627787583745,3.4489627787583745,5.626704216003418
214,2150.0000064100223,2.239524732543852,1.580390201708412,28,28,3.2204412375825346,3.2204412375825346,5.754924297332764
215,2160.0000064398364,2.4238658498979597,2.0148664531373255,21,21,3.4520749153980206,3.4520749153980206,5.943990707397461
216,2170.0000064696505,2.3879110362326226,2.299350283418852,8,8,3.5595282100169214,3.5595282100169214,6.1301398277282715
217,2180.0000064994642,2.3432012580786266,2.0807718518818903,34,34,3.1523596504090188,3.1523596504090188,5.578019618988037
218,2190.0000065292784,2.367402363333682,2.065902668514152,27,27,3.3080608688185897,3.3080608688185897,6.0105061531066895
219,2200.0000065590925,2.3707561332805147,1.928158464765568,31,31,3.290703764004363,3.290703764004363,5.6594319343566895
220,2210.0000065889067,2.480701459715039,2.3332323970177926,30,30,3.324776359446053,3.324776359446053,5.748783588409424
221,2220.000006618721,2.4289856153773663,2.452503700997364,32,32,3.4038387126623295,3.4038387126623295,5.751523971557617
222,2230.0000066485345,2.5469097199777786,2.3362947839353536,19,19,3.5717001617829736,3.5717001617829736,6.03953218460083
223,2240.0000066783487,2.3639633007641727,2.7409203311639785,24,24,3.274124373948051,3.274124373948051,6.387990474700928
224,2250.000006708163,2.460156248861301,2.3934328030245413,24,24,3.428426174980188,3.428426174980188,5.536219596862793
225,2260.000006737977,2.4849690302014737,2.7451017977635375,13,13,3.5227011691098395,3.5227011691098395,6.3555378913879395
226,2270.000006767791,2.445458803996109,2.318975655185705,9,9,3.490879356360159,3.490879356360159,6.18305778503418
227,2280.000006797605,2.329322511543632,1.786748103514309,20,20,3.2392116239886826,3.2392116239886826,5.503687381744385
228,2290.000006827419,2.4067212597872545,2.746073165079547,21,21,3.368356784711331,3.368356784711331,6.286574363708496
229,2300.000006857233,2.5086849391424506,2.3758322345698533,18,18,3.4199142546444055,3.4199142546444055,6.008296966552734
230,2310.000006887047,2.4961817257827117,2.2303029335144045,23,23,3.4785014603326783,3.4785014603326783,5.674402713775635
231,2320.0000069168614,2.4383467519316144,2.1403551069588738,23,23,3.42504882711722,3.42504882711722,5.812364101409912
232,2330.000006946675,2.475379092163282,1.614863560959398,19,19,3.4649982476566894,3.4649982476566894,6.269620895385742
233,2340.000006976489,2.5247990340882525,2.1790225147670426,23,23,3.551852324544011,3.551852324544011,6.187840461730957
234,2350.0000070063033,2.373146786392679,2.0605180498461935,19,19,3.5603456170181906,3.5603456170181906,5.843849182128906
235,2360.0000070361175,2.393634150232054,2.521940107479298,21,21,3.5668347219656633,3.5668347219656633,5.582398414611816
236,2370.0000070659316,2.390866072057489,2.066679736269709,21,21,3.347714159969,3.347714159969,5.912076950073242
237,2380.000007095746,2.4248934146544427,2.4793618379278173,24,24,3.3649226517026682,3.3649226517026682,5.7477707862854
238,2390.0000071255595,2.4707439660331088,2.051662807531472,27,27,3.2723991219994955,3.2723991219994955,5.385771751403809
239,2400.0000071553736,2.286633976820662,2.074721566268503,23,23,3.269124985851789,3.269124985851789,5.539956092834473
240,2410.0000071851878,2.3578564873175463,2.717713878313623,21,21,3.155298907915125,3.155298907915125,6.071880340576172
241,2420.000007215002,2.3934727393118966,2.5136393078290613,9,9,3.460401058116842,3.460401058116842,6.46455717086792
242,2430.000007244816,2.482819345086975,3.003579363314249,18,18,3.4337120469921385,3.4337120469921385,6.384493350982666
243,2440.0000072746298,2.3307864775332137,2.2040965772136225,19,19,3.3554727112984177,3.3554727112984177,6.097332000732422
244,2450.000007304444,2.342147558967202,2.2007378442014267,17,17,3.4236591910639493,3.4236591910639493,6.194241046905518
245,2460.000007334258,2.439017690161808,2.8870257859550326,15,15,3.515737596310141,3.515737596310141,6.567805767059326
246,2470.000007364072,2.4795218811341413,2.3718779822231677,23,23,3.4472779122014447,3.4472779122014447,6.05021333694458
247,2480.0000073938863,2.4328854068449,2.170250720052465,16,16,3.325257479047426,3.325257479047426,6.136307239532471
248,2490.0000074237,2.426879926723776,2.170278102960456,20,20,3.404536515006228,3.404536515006228,6.175205230712891
249,2500.000007453514,2.438028293800276,3.267241576241055,15,15,3.439747916994017,3.439747916994017,7.022436141967773
250,2510.0000074833283,2.345365126245174,2.58648311776297,18,18,3.239169686865226,3.239169686865226,6.278763294219971
251,2520.0000075131425,2.3835740280678785,2.062836425382388,18,18,3.4386798096693534,3.4386798096693534,6.448950290679932
252,2530.0000075429566,2.351703973149862,1.9889508816027697,15,15,3.555370326681067,3.555370326681067,6.583991050720215
253,2540.0000075727703,2.329800106646093,1.7520298428370502,18,18,3.4255949535215957,3.4255949535215957,6.456796646118164
254,2550.0000076025844,2.4403859502979244,2.2688552487952847,14,14,3.339410779220147,3.339410779220147,6.218456268310547
255,2560.0000076323986,2.3841974238159738,1.5722566329233838,15,15,3.25021577436614,3.25021577436614,5.909707069396973
256,2570.0000076622127,2.345953124517363,1.8750430743737594,14,14,3.5126209622895668,3.5126209622895668,6.299288749694824
257,2580.000007692027,2.382206563231716,2.2052514963956162,14,14,3.431635733592398,3.431635733592398,6.514556884765625
258,2590.0000077218406,2.342725436998784,2.2063165276139216,13,13,3.401367591111838,3.401367591111838,6.534640312194824
259,2600.0000077516547,2.4234802414634466,1.9211284028114781,18,18,3.4823281046381425,3.4823281046381425,6.6949076652526855
260,2610.000007781469,2.3782924738770808,1.6874187224445694,15,15,3.281319125572959,3.281319125572959,6.5098466873168945
261,2620.000007811283,2.2972221978834604,2.0403395781326594,8,8,3.526295243656305,3.526295243656305,6.393672943115234
262,2630.000007841097,2.359674851600748,2.6534114911910316,25,25,3.372228248192838,3.372228248192838,6.621735095977783
263,2640.000007870911,2.3443315789160453,1.85301339933452,19,19,3.6477835866033415,3.6477835866033415,6.500110149383545
264,2650.000007900725,2.431380971018622,2.8051214342468067,12,12,3.521675255309146,3.521675255309146,6.967191219329834
265,2660.000007930539,2.439399990205126,2.834294469580666,17,17,3.1798456268044553,3.1798456268044553,6.676619529724121
266,2670.0000079603533,2.4339278362412182,2.1314266774157744,14,14,3.5051833455326094,3.5051833455326094,6.445104122161865
267,2680.0000079901674,2.5285132480678207,2.0513227341073397,13,13,3.5775127286499346,3.5775127286499346,6.1768903732299805
268,2690.000008019981,2.414942804284465,2.602074263147359,12,12,3.384962856305619,3.384962856305619,6.583486557006836
269,2700.0000080497953,2.495152466873379,2.163780158242376,15,15,3.500668002962574,3.500668002962574,5.850658416748047
270,2710.0000080796094,2.4018217359252256,2.175285487431146,18,18,3.2908329890883246,3.2908329890883246,6.388654708862305
271,2720.0000081094236,2.434559177006673,1.9084265663375097,27,27,3.5019043721393945,3.5019043721393945,5.904293060302734
272,2730.0000081392377,2.5896750473947026,2.380766368867182,16,16,3.408387707431255,3.408387707431255,6.275634765625
273,2740.0000081690514,2.618134673714271,2.69823739694072,20,20,3.3093358009771885,3.3093358009771885,6.629535675048828
274,2750.0000081988655,2.55965105089381,1.5737632553170853,29,29,3.349464806998951,3.349464806998951,5.886335849761963
275,2760.0000082286797,2.5441039339428646,1.9097505831017432,13,13,3.384231990178586,3.384231990178586,5.936729907989502
276,2770.000008258494,2.582571705146395,2.227446970549453,32,32,3.3619255012874483,3.3619255012874483,5.38012170791626
277,2780.000008288308,2.5089965748720586,2.188963111975775,13,13,3.4163760198928195,3.4163760198928195,5.943559169769287
278,2790.000008318122,2.4821609249408687,2.4160459853701926,16,16,3.337276892621343,3.337276892621343,6.251609802246094
279,2800.000008347936,2.4757620258346096,1.9212341595146119,24,24,3.3874340250202706,3.3874340250202706,5.291098117828369
280,2810.00000837775,2.386350737281515,2.1736696679426903,12,12,3.5708451768040743,3.5708451768040743,6.052359104156494
281,2820.000008407564,2.393249054294677,2.207602285961821,26,26,3.347604107117219,3.347604107117219,5.834697246551514
282,2830.0000084373783,2.4878822307554334,2.328955965079346,23,23,3.236879995377568,3.236879995377568,5.706010818481445
283,2840.0000084671924,2.3817992602395086,1.8586120044427887,22,22,3.3773585393065364,3.3773585393065364,5.599031448364258
284,2850.000008497006,2.4592213181344915,1.651487737786111,27,27,3.397463497666855,3.397463497666855,5.661500453948975
285,2860.0000085268202,2.3747519781076303,2.1470318283464755,23,23,3.3650103553095927,3.3650103553095927,5.303953647613525
286,2870.0000085566344,2.3972543521816543,1.8728943654729897,23,23,3.3401517868426094,3.3401517868426094,5.806367874145508
287,2880.0000085864485,2.351996865202536,1.964557718208921,16,16,3.4663882348427024,3.4663882348427024,6.001697063446045
288,2890.0000086162627,2.3399771860567133,1.8363645312683923,19,19,3.569168473990533,3.569168473990533,5.722135066986084
289,2900.0000086460764,2.3939763962964915,2.2123229070667434,28,28,3.174661275322428,3.174661275322428,5.919088363647461
290,2910.0000086758905,2.359177539132681,2.2476643509934955,26,26,3.349468385000613,3.349468385000613,5.621712684631348
291,2920.0000087057047,2.4052450048209044,2.1446773112962068,30,30,3.1455024555065205,3.1455024555065205,5.842360496520996
292,2930.000008735519,2.463328268009506,2.5123473712150193,22,22,3.3309794689050483,3.3309794689050483,5.708911895751953
293,2940.000008765333,2.391470611295962,2.6444267543984155,24,24,3.3165812841626936,3.3165812841626936,5.846836090087891
294,2950.0000087951466,2.3693304881476926,1.9006312576339732,29,29,3.372591182589578,3.372591182589578,5.359785079956055
295,2960.000008824961,2.4644294748392976,1.835550258019632,36,36,3.255645185624584,3.255645185624584,5.555278778076172
296,2970.000008854775,2.376370585080906,2.6008147197493945,27,27,3.1299528903106544,3.1299528903106544,5.749238014221191
297,2980.000008884589,2.4080842030239897,1.9088048002516687,28,28,3.3130567463655765,3.3130567463655765,5.931887149810791
298,2990.000008914403,2.4158144961473798,2.0039805322976703,20,20,3.4848329455594764,3.4848329455594764,5.591301441192627
299,3000.000008944217,2.437981528117743,2.0217890569635766,29,29,3.4256125211966917,3.4256125211966917,5.555330276489258
300,3010.000008974031,2.4933767860453164,1.9438697927897535,20,20,3.3015556064378084,3.3015556064378084,6.010791778564453
301,3020.000009003845,2.4413336682356315,2.050852171619628,19,19,3.427739027991462,3.427739027991462,5.657328128814697
302,3030.0000090336594,2.380457600885832,2.4354404738713993,13,13,3.2917955772575502,3.2917955772575502,6.201783180236816
303,3040.0000090634735,2.415643828738777,2.5906936816696,14,14,3.3625387264155897,3.3625387264155897,6.092442035675049
304,3050.000009093287,2.27567920207591,2.1691270152858566,23,23,3.2218400964610856,3.2218400964610856,5.724423885345459
305,3060.0000091231013,2.328166832863017,2.5561071733966187,14,14,3.2455497278281067,3.2455497278281067,6.157978534698486
306,3070.0000091529155,2.377461252363023,2.496643637914419,25,25,3.433935562486143,3.433935562486143,5.897017002105713
307,3080.0000091827296,2.353978077785992,2.005981081239685,12,12,3.5392752349814423,3.5392752349814423,6.137083530426025
308,3090.000009212544,2.3393820651181767,2.2655556625727558,18,18,3.408464748221117,3.408464748221117,5.73382043838501
309,3100.0000092423575,2.3094434181939434,2.6957262206867703,26,26,3.3672866292736185,3.3672866292736185,5.694748401641846
310,3110.0000092721716,2.3470685205692754,2.1209822086998575,13,13,3.3907694027124333,3.3907694027124333,6.029231071472168
311,3120.0000093019858,2.3832253287858847,2.634985271442789,13,13,3.3041440320949858,3.3041440320949858,6.313630104064941
312,3130.0000093318,2.224581282756436,2.118683471431348,13,13,3.3317458097676527,3.3317458097676527,6.259279727935791
313,3140.000009361614,2.390970466779258,1.9000479026042247,18,18,3.5074606092442804,3.5074606092442804,6.247180938720703
314,3150.0000093914277,2.373240663374678,2.0254002434775527,26,26,3.3908405383344227,3.3908405383344227,5.851812362670898
315,3160.000009421242,2.3195606875232113,2.463583213717177,24,24,3.490737762481184,3.490737762481184,6.1529412269592285
316,3170.000009451056,2.259667050521595,2.1678389056282494,30,30,3.3113492835861456,3.3113492835861456,5.93440580368042
317,3180.00000948087,2.4299522403353597,2.1735171742978188,35,35,3.19718094886033,3.19718094886033,5.840556621551514
318,3190.0000095106843,2.519830069242489,2.3017590794572875,12,12,3.474968807369944,3.474968807369944,5.962193965911865
319,3200.0000095404985,2.392373536969195,2.0880491821005718,15,15,3.4115349840242186,3.4115349840242186,5.880322456359863
320,3210.000009570312,2.35070264460478,2.310471653073063,11,11,3.419634063928651,3.419634063928651,6.163570404052734
321,3220.0000096001263,2.395469515588701,2.0716606799708375,27,27,3.414687791156977,3.414687791156977,5.6904144287109375
322,3230.0000096299405,2.5190489864676855,2.0545393423041456,20,20,3.208208619216884,3.208208619216884,6.051933765411377
323,3240.0000096597546,2.504453553958028,2.2910730419025698,12,12,3.4981634189810813,3.4981634189810813,6.3583478927612305
324,3250.0000096895687,2.31575158625252,2.1068120565549915,17,17,3.4984230454667964,3.4984230454667964,6.050077438354492
325,3260.0000097193824,2.37904638918424,1.902567680139286,30,30,3.220658147216516,3.220658147216516,6.256104946136475
326,3270.0000097491966,2.4014845840022554,2.5147107417042402,14,14,3.561018844413207,3.561018844413207,6.652520179748535
327,3280.0000097790107,2.450984064924377,2.3697034750043313,26,26,3.286111533505389,3.286111533505389,6.206932544708252
328,3290.000009808825,2.4104916490936343,2.2763555313790285,17,17,3.5355520095617394,3.5355520095617394,6.20813512802124
329,3300.000009838639,2.394664948639309,1.5109200189422778,15,15,3.4532105188393367,3.4532105188393367,5.915698051452637
330,3310.0000098684527,2.501449775346968,2.380681164844948,9,9,3.603634901000422,3.603634901000422,6.799288749694824
331,3320.000009898267,2.5591296384641824,1.9985720076818645,16,16,3.4114591612630103,3.4114591612630103,6.64993953704834
332,3330.000009928081,2.5216405174721745,1.738913465946763,23,23,3.190852722191763,3.190852722191763,6.500466346740723
333,3340.000009957895,2.429055599293621,1.8455993056342956,21,21,3.486485353425535,3.486485353425535,6.227256774902344
334,3350.0000099877093,2.4424117569321924,1.9728328431567672,28,28,3.467098533384832,3.467098533384832,6.108288288116455
335,3360.000010017523,2.388934832417016,1.8206715237356217,15,15,3.3458920870739655,3.3458920870739655,6.121413707733154
336,3370.000010047337,2.4314642070273065,2.1716081931650537,21,21,3.4367124674519802,3.4367124674519802,6.126980304718018
337,3380.0000100771513,2.4012081466552915,1.8763473584109818,26,26,3.3485204868155276,3.3485204868155276,5.715065002441406
338,3390.0000101069654,2.306122342013011,1.8853767504199899,16,16,3.44488288787067,3.44488288787067,5.937580108642578
339,3400.0000101367796,2.326380172257597,2.1385999793627306,14,14,3.524296671029888,3.524296671029888,6.524878978729248
340,3410.0000101665933,2.397087282467223,2.138920902255558,14,14,3.588376462456229,3.588376462456229,6.076667308807373
341,3420.0000101964074,2.4482468796249233,2.7177390764625424,19,19,3.2990526936736275,3.2990526936736275,6.102808475494385
342,3430.0000102262215,2.4245253986646658,2.2289698520953114,23,23,3.4368178243663605,3.4368178243663605,5.684227466583252
343,3440.0000102560357,2.35266178177987,2.384324512626936,16,16,3.449438655335627,3.449438655335627,6.450094223022461
344,3450.00001028585,2.3429407754109337,2.181496492097548,21,21,3.5219930647342745,3.5219930647342745,6.018697738647461
345,3460.0000103156635,2.439392577308823,2.4462519476137707,15,15,3.432882503221598,3.432882503221598,6.356567859649658
346,3470.0000103454777,2.3847213022420637,2.2414998174878216,5,5,3.592851576997526,3.592851576997526,6.916994571685791
347,3480.000010375292,2.4276731717384457,2.2164399799884147,23,23,3.2369119953049035,3.2369119953049035,6.423008441925049
348,3490.000010405106,2.367832458448987,2.4372636775076577,19,19,3.4024951282829146,3.4024951282829146,6.591611385345459
349,3500.00001043492,2.5401178729467504,2.967623950202867,13,13,3.428912789025391,3.428912789025391,6.699519634246826
350,3510.000010464734,2.451675342063092,2.4025993896522273,13,13,3.689216804723897,3.689216804723897,6.699762344360352
351,3520.000010494548,2.5196940959077607,2.382253314762446,22,22,3.4022300203403106,3.4022300203403106,6.909954071044922
352,3530.000010524362,2.544616532224413,2.3090763495548816,15,15,3.347119022529959,3.347119022529959,6.37644624710083
353,3540.0000105541762,2.439151063489029,1.9445196719007312,23,23,3.2713618848104695,3.2713618848104695,5.9346418380737305
354,3550.0000105839904,2.256211599431529,1.9308730199917996,19,19,3.2885947493051955,3.2885947493051955,6.055793285369873
355,3560.000010613804,2.518376156168624,2.437308341672371,9,9,3.649955230376192,3.649955230376192,6.10331392288208
356,3570.000010643618,2.529919994752194,2.120599400844745,19,19,3.5159002816183356,3.5159002816183356,6.277080059051514
357,3580.0000106734324,2.388652455285089,2.0787136354276523,17,17,3.395392962987386,3.395392962987386,5.879404544830322
358,3590.0000107032465,2.5007040888400103,2.7414225804290164,13,13,3.379045064408993,3.379045064408993,6.808517932891846
359,3600.0000107330607,2.427355306810838,1.8044563019019355,27,27,3.336686643343324,3.336686643343324,6.128835678100586
360,3610.0000107628744,2.439361592477795,2.0797675257569526,19,19,3.27504488117796,3.27504488117796,6.09147834777832
361,3620.0000107926885,2.550771548922582,1.8546336754472987,22,22,3.2325309549201635,3.2325309549201635,5.804642677307129
362,3630.0000108225026,2.512628696765491,1.745354112251555,28,28,3.46204714251298,3.46204714251298,6.26326847076416
363,3640.000010852317,2.4588125751103997,1.9895170579155825,16,16,3.4670128758073835,3.4670128758073835,5.934143543243408
364,3650.000010882131,2.58632240202554,2.1656428638882166,14,14,3.606372291563875,3.606372291563875,5.964699745178223
365,3660.000010911945,2.4420251336436682,2.05063452358349,12,12,3.4931154327141076,3.4931154327141076,6.297430515289307
366,3670.000010941759,2.530045782355383,1.7438462242455628,26,26,3.29109758551026,3.29109758551026,5.92282247543335
367,3680.000010971573,2.419802440745084,2.5170629385509637,27,27,3.501305038225516,3.501305038225516,6.035731315612793
368,3690.000011001387,2.3634001637784423,2.2487428221127286,30,30,3.318317541122391,3.318317541122391,5.937234878540039
369,3700.000011031201,2.374979718607079,2.6020137700460313,36,36,3.3731530767535585,3.3731530767535585,5.784789562225342
370,3710.0000110610154,2.405918916230295,2.021562310221706,23,23,3.260815090398896,3.260815090398896,6.221622467041016
371,3720.000011090829,2.528316823528057,1.7858325717010235,17,17,3.497170667147165,3.497170667147165,5.9200310707092285
372,3730.000011120643,2.562612724651915,2.08960909786331,25,25,3.3540913881505094,3.3540913881505094,5.741349697113037
373,3740.0000111504573,2.486220242848805,2.174314539073127,27,27,3.484708713939758,3.484708713939758,5.7847113609313965
374,3750.0000111802715,2.460169857131454,2.024807862884704,26,26,3.4300414224148423,3.4300414224148423,5.948482036590576
375,3760.0000112100856,2.53229058683819,2.1829458902663017,21,21,3.167515641899459,3.167515641899459,5.891525745391846
376,3770.0000112398993,2.381265298696184,2.675105419928878,22,22,3.593101575950684,3.593101575950684,6.001028537750244
377,3780.0000112697135,2.3331126898898766,1.9390845388532107,33,33,3.475652101059342,3.475652101059342,6.007607460021973
378,3790.0000112995276,2.409103459959755,2.1148062018124607,10,10,3.859130360449597,3.859130360449597,6.555922985076904
379,3800.0000113293418,2.461916130876539,2.0697829394687046,28,28,3.338781517531523,3.338781517531523,5.979954719543457
380,3810.000011359156,2.5654965195294204,2.0898462997076406,30,30,3.5083759546751545,3.5083759546751545,6.1262335777282715
381,3820.0000113889696,2.4555676795577424,2.634037342913722,21,21,3.4366689058624766,3.4366689058624766,6.445085048675537
382,3830.0000114187837,2.585736077865194,2.2255069181440312,25,25,3.4081047468655474,3.4081047468655474,6.4471235275268555
383,3840.000011448598,2.586447579343744,2.1536171872721317,14,14,3.48861541491807,3.48861541491807,6.275038242340088
384,3850.000011478412,2.684148548243013,1.9889037317185434,22,22,3.4360827681131028,3.4360827681131028,6.375417709350586
385,3860.000011508226,2.7277163060729297,2.8614405049584266,11,11,3.593331745458829,3.593331745458829,6.8134765625
386,3870.00001153804,2.6893506365154742,2.255169388682271,28,28,3.3985159760214083,3.3985159760214083,6.150067329406738
387,3880.000011567854,2.666607456431786,2.82988261779948,17,17,3.267859330184538,3.267859330184538,6.330574035644531
388,3890.000011597668,2.624755910637608,2.393178286400783,21,21,3.3945583304326927,3.3945583304326927,5.90159797668457
389,3900.0000116274823,2.460047690467147,2.244337275970683,27,27,3.3523141892781374,3.3523141892781374,6.026656150817871
390,3910.0000116572965,2.3854981743597157,2.0589128347239143,16,16,3.5083750331088708,3.5083750331088708,6.023271083831787
391,3920.00001168711,2.4955465918778112,2.3616138217663747,30,30,3.359192373347424,3.359192373347424,5.821594715118408
392,3930.0000117169243,2.5052031677844844,2.220448298238339,14,14,3.3993983437806747,3.3993983437806747,6.1223015785217285
393,3940.0000117467384,2.435861856478036,2.3361718937016485,20,20,3.5251181214337737,3.5251181214337737,6.05430269241333
394,3950.0000117765526,2.4784375593589054,2.671865029465593,25,25,3.259687626418221,3.259687626418221,6.464136123657227
395,3960.0000118063667,2.5197714084353033,2.5423961850704355,14,14,3.3530938754221276,3.3530938754221276,6.226250171661377
396,3970.0000118361804,2.4001528676402613,2.5466735070354645,27,27,3.254775708253595,3.254775708253595,6.4760308265686035
397,3980.0000118659946,2.3446152125382986,2.4755462253423444,25,25,3.353776203456404,3.353776203456404,6.046182155609131
398,3990.0000118958087,2.429538954911614,2.186627526872265,35,35,3.3408996115996032,3.3408996115996032,5.95555305480957
399,4000.000011925623,2.3912413222297166,2.8338109272220557,14,14,3.5562029915851543,3.5562029915851543,6.428243160247803
400,4010.000011955437,2.4376285018289456,2.7296551309185433,24,24,3.401807460294229,3.401807460294229,6.275313377380371
401,4020.0000119852507,2.3533857992596636,2.6519557784304073,20,20,3.226000403642161,3.226000403642161,6.396052360534668
402,4030.000012015065,2.3778826671458133,2.584881126235018,18,18,3.368986688341889,3.368986688341889,6.372867107391357
403,4040.000012044879,2.401588589362219,2.003582242713055,13,13,3.3467439882629653,3.3467439882629653,6.216067790985107
404,4050.000012074693,2.5523146242857253,2.2181064355825617,23,23,3.2237648924172975,3.2237648924172975,6.289567947387695
405,4060.0000121045073,2.5394885347296525,2.184569140489833,19,19,3.535906950368721,3.535906950368721,6.39995813369751
406,4070.0000121343214,2.566003728387547,2.3500958611909493,18,18,3.339004388566914,3.339004388566914,6.472661972045898
407,4080.000012164135,2.4041713134742344,2.3414575099416606,17,17,3.2915092947863034,3.2915092947863034,6.374537944793701
408,4090.0000121939493,2.4925743701778833,2.774047201785946,6,6,3.5342267990508724,3.5342267990508724,7.049647331237793
409,4100.000012223763,2.3460542888022267,2.5805346207693303,2,2,3.758578957130821,3.758578957130821,7.022854328155518
410,4110.000012253578,2.457744906555784,2.943217459623478,16,16,3.2771166248798425,3.2771166248798425,6.676784992218018
411,4120.000012283392,2.4316740002095196,2.6129027248133423,8,8,3.471560886787285,3.471560886787285,6.610729694366455
412,4130.000012313206,2.296383074709573,2.5449631270664477,4,4,3.524125286145944,3.524125286145944,6.55857515335083
413,4140.00001234302,2.4098302595268906,1.5940999047595474,18,18,3.2344122904635926,3.2344122904635926,6.239230632781982
414,4150.000012372833,2.3618612432430584,1.8586155012744403,13,13,3.581125993656979,3.581125993656979,5.942999362945557
415,4160.000012402647,2.5643466291798758,1.8633526697104412,24,24,3.0247720633904067,3.0247720633904067,5.789804935455322
416,4170.0000124324615,2.4269018191233127,2.079739279011299,21,21,3.3580085248195064,3.3580085248195064,5.752877712249756
417,4180.000012462276,2.4229355667197447,2.1044928854464766,22,22,3.3119268337639256,3.3119268337639256,5.597945690155029
418,4190.00001249209,2.5527326583533823,1.8363437879435367,17,17,3.2719160745924705,3.2719160745924705,5.731023788452148
419,4200.000012521904,2.5423859887102527,2.2809100015866832,20,20,3.338661079464059,3.338661079464059,6.0032830238342285
420,4210.000012551718,2.452206802295362,2.14339215133449,12,12,3.2442624103243807,3.2442624103243807,6.285064220428467
421,4220.000012581532,2.5669544716593458,2.2328564195139187,13,13,3.4667714441103197,3.4667714441103197,6.221872329711914
422,4230.000012611346,2.5014648875712235,2.0890380855958806,23,23,3.494748248403876,3.494748248403876,6.262094497680664
423,4240.0000126411605,2.6426908087589607,2.7018960319366445,20,20,3.316439794026126,3.316439794026126,6.353855609893799
424,4250.000012670974,2.613028925823678,2.135140905135803,24,24,3.4293945278417577,3.4293945278417577,6.276666164398193
425,4260.000012700788,2.576624905827709,2.18801511674826,11,11,3.6107302573946245,3.6107302573946245,6.118734836578369
426,4270.000012730602,2.573768700090174,1.7071716198326878,16,16,3.5002979700351635,3.5002979700351635,5.726553916931152
427,4280.000012760416,2.5520328721731436,2.443857797112615,15,15,3.422471657325979,3.422471657325979,6.011176586151123
428,4290.00001279023,2.4988782920488823,2.3014769855812793,25,25,3.27326633834896,3.27326633834896,6.0660810470581055
429,4300.0000128200445,2.5512618572276775,2.3275524013603213,23,23,3.5008681793246628,3.5008681793246628,5.810727596282959
430,4310.000012849859,2.5585666971458307,2.128704012158742,14,14,3.529663312897567,3.529663312897567,5.997069835662842
431,4320.000012879673,2.5115524279475094,1.9935609949108848,18,18,3.2040483025178292,3.2040483025178292,5.866781711578369
432,4330.000012909487,2.4569066509719253,2.3105714998388973,21,21,3.464002776135921,3.464002776135921,5.511729717254639
433,4340.000012939301,2.5273393267834923,2.271985820319353,33,33,3.312103378447858,3.312103378447858,5.387058258056641
434,4350.000012969115,2.545159629425377,2.2861807516803867,19,19,3.50523393159984,3.50523393159984,6.147204875946045
435,4360.0000129989285,2.5358620705298174,2.415301506422235,27,27,3.2824143198762985,3.2824143198762985,6.069042205810547
436,4370.000013028743,2.519835210454067,1.804924424251265,18,18,3.6317039468620913,3.6317039468620913,5.807744026184082
437,4380.000013058557,2.625383843130472,1.9254347819709245,25,25,3.468302579009119,3.468302579009119,5.833480358123779
438,4390.000013088371,2.5211132748112175,2.1639253985636917,22,22,3.4056389348469214,3.4056389348469214,5.793184280395508
439,4400.000013118185,2.514684023557409,2.0893073610811785,14,14,3.48460975286764,3.48460975286764,6.1509904861450195
440,4410.000013147999,2.556353096576878,2.277474185983603,21,21,3.3958207537476315,3.3958207537476315,6.205631256103516
441,4420.000013177813,2.6914017938017216,2.3683612379949186,26,26,3.3926021245208853,3.3926021245208853,6.250368595123291
442,4430.0000132076275,2.6359630081366863,2.2062607356703046,29,29,3.363405789303934,3.363405789303934,5.437304973602295
443,4440.000013237442,2.4795349026109976,2.7092630478075748,21,21,3.294412810905596,3.294412810905596,5.746169567108154
444,4450.000013267256,2.5248841088477745,2.4780635389034287,30,30,3.408205586213018,3.408205586213018,5.694202423095703
445,4460.000013297069,2.5435185624448895,2.267685249808024,27,27,3.4832993641486256,3.4832993641486256,5.889978885650635
446,4470.000013326883,2.5537032792255587,2.045715637857109,33,33,3.2910153793707435,3.2910153793707435,5.56412410736084
447,4480.000013356697,2.4582093798606013,2.1038248246264053,30,30,3.403743032005308,3.403743032005308,5.493426322937012
448,4490.0000133865115,2.475114916295869,2.5431521778436488,29,29,3.202950197560912,3.202950197560912,5.668276786804199
449,4500.000013416326,2.378355323686698,2.2356254261348374,14,14,3.468412743498173,3.468412743498173,5.992921829223633
450,4510.00001344614,2.4809469182178265,2.811877383130428,13,13,3.479289574763276,3.479289574763276,6.388857841491699
451,4520.000013475954,2.532416240564066,2.1667454539414908,16,16,3.4403567393617385,3.4403567393617385,6.049807548522949
452,4530.000013505768,2.5189454251111916,2.702488141514669,15,15,3.2986326946655136,3.2986326946655136,6.670146465301514
453,4540.000013535582,2.4262702912559573,1.9792882100569362,8,8,3.627620189115832,3.627620189115832,6.261954307556152
454,4550.000013565396,2.4532548763750235,2.022025427950567,31,31,3.3204782673903095,3.3204782673903095,5.686910629272461
455,4560.00001359521,2.4504689669586557,1.6434764486170268,30,30,3.4794264163316324,3.4794264163316324,5.807351589202881
456,4570.000013625024,2.58922985713075,2.1238069280384666,22,22,3.528709222071651,3.528709222071651,6.17509651184082
457,4580.000013654838,2.6932280311903805,2.4891281671225576,22,22,3.517429033503881,3.517429033503881,6.266994476318359
458,4590.000013684652,2.6220706376045695,3.3221282759845545,15,15,3.4875304369397515,3.4875304369397515,6.823395252227783
459,4600.000013714466,2.5231514558996455,3.826723283381294,13,13,3.5471335621438915,3.5471335621438915,7.299259662628174
460,4610.00001374428,2.6789882511473544,2.7249919209020823,30,30,3.370292113424185,3.370292113424185,6.281129360198975
461,4620.000013774094,2.661218993841284,3.6323641797059967,11,11,3.6260191198618505,3.6260191198618505,7.108613967895508
462,4630.000013803909,2.7115376081451976,2.623536264537298,15,15,3.362432123672765,3.362432123672765,6.5881123542785645
463,4640.000013833723,2.605511663449743,3.0436137432020582,27,27,3.4815474714229344,3.4815474714229344,6.703353404998779
464,4650.000013863537,2.519478151845145,2.7467314773181055,23,23,3.3797649396754825,3.3797649396754825,5.857250690460205
465,4660.00001389335,2.5708946675364786,2.1101573374398295,34,34,3.380206099631306,3.380206099631306,6.089508056640625
466,4670.000013923164,2.324194900454949,2.5624187631593007,10,10,3.5142067020728973,3.5142067020728973,6.887462615966797
467,4680.000013952978,2.4947913660522687,2.3428828497064313,31,31,3.359707017524185,3.359707017524185,5.820460319519043
468,4690.000013982793,2.4604967943957785,2.008489499137114,16,16,3.5794939053274817,3.5794939053274817,5.964696884155273
469,4700.000014012607,2.5416798612941673,2.1265204877051307,12,12,3.3530782017368392,3.3530782017368392,6.052768707275391
470,4710.000014042421,2.567668923932241,2.111576188463154,33,33,3.228694907372617,3.228694907372617,6.1610260009765625
471,4720.000014072235,2.462790524813448,2.163431259214388,23,23,3.193937389626845,3.193937389626845,6.015567302703857
472,4730.000014102049,2.487500472469837,2.9110063541993143,23,23,3.338994287317281,3.338994287317281,6.406802654266357
473,4740.000014131863,2.5445855567391256,2.799202777974239,20,20,3.449226230874623,3.449226230874623,6.43495512008667
474,4750.000014161677,2.590942799377989,2.703351722482336,32,32,3.391771535865992,3.391771535865992,6.689883708953857
475,4760.000014191492,2.4315825072931694,2.5703362360214785,16,16,3.593048171974486,3.593048171974486,6.7905964851379395
476,4770.000014221305,2.435294839033175,2.2885877225180375,17,17,3.440094815438154,3.440094815438154,6.332381725311279
477,4780.000014251119,2.4934658965895484,2.631313308346428,15,15,3.3437843383785983,3.3437843383785983,6.522691249847412
478,4790.000014280933,2.4896526874909224,2.507663090224511,35,35,3.2164757572729985,3.2164757572729985,6.090185642242432
479,4800.000014310747,2.330644904780126,2.5728485283974116,20,20,3.3015207463320304,3.3015207463320304,6.230452060699463
480,4810.000014340561,2.417419145502346,2.631346362010852,12,12,3.377693564654884,3.377693564654884,6.346674919128418
481,4820.0000143703755,2.4767509043170794,2.772046134661873,19,19,3.351272428150672,3.351272428150672,6.689308166503906
482,4830.00001440019,2.4973149962488708,2.26111159061572,16,16,3.501747341045284,3.501747341045284,6.289555072784424
483,4840.000014430004,2.406274852813391,3.2041452051813715,8,8,3.214110470446228,3.214110470446228,6.618494033813477
484,4850.000014459818,2.498493225846397,3.088554892425839,20,20,3.3075029381176786,3.3075029381176786,6.769797325134277
485,4860.000014489632,2.378507957574415,3.1044444104438904,21,21,3.5198867241129714,3.5198867241129714,6.572376728057861
486,4870.000014519445,2.347779034390952,3.3928042848603677,28,28,3.30787110051313,3.30787110051313,6.404321193695068
487,4880.0000145492595,2.387258935208187,3.2628292869752884,19,19,3.46350775004649,3.46350775004649,6.506997108459473
488,4890.000014579074,2.4733592392007715,3.0887055079238332,23,23,3.161355557050336,3.161355557050336,6.743806838989258
489,4900.000014608888,2.6096581261672465,3.1879535961549865,29,29,3.2221630922607587,3.2221630922607587,6.869243144989014
490,4910.000014638702,2.5946432233665875,2.746251846514294,10,10,3.389010306586692,3.389010306586692,6.581195831298828
491,4920.000014668516,2.594926726397236,2.925682207255727,22,22,3.4037357290556693,3.4037357290556693,6.656589984893799
492,4930.00001469833,2.417449611434975,2.0964340612628525,19,19,3.27207830438738,3.27207830438738,5.8711981773376465
493,4940.000014728144,2.4480075368920273,2.0172526481402793,18,18,3.4160301904491197,3.4160301904491197,6.163996696472168
494,4950.0000147579585,2.446227724322845,2.295673599253145,16,16,3.539890174181635,3.539890174181635,6.40700101852417
495,4960.000014787773,2.4360729565112025,2.000947807870859,33,33,3.5166127632218807,3.5166127632218807,5.771578311920166
496,4970.000014817586,2.476918689875752,2.3510696072774437,23,23,3.5589833665618285,3.5589833665618285,6.060942649841309
497,4980.0000148474,2.5407919293726415,2.392377519947912,23,23,3.511394079469197,3.511394079469197,6.320737838745117
498,4990.000014877214,2.4982884293024537,1.9592749301778434,28,28,3.436800406844173,3.436800406844173,5.772177696228027
499,5000.000014907028,2.4423851788794186,2.6058712233108907,10,10,3.343288059178957,3.343288059178957,6.428785800933838
500,5010.0000149368425,2.4610992931971496,2.66242577291267,21,21,3.4255373429091223,3.4255373429091223,6.119872570037842
501,5020.000014966657,2.4182837747764303,2.495557076334912,20,20,3.5827671360003386,3.5827671360003386,6.3205485343933105
502,5030.000014996471,2.4709506695262777,2.3197743079618864,37,37,3.4601920192276325,3.4601920192276325,5.591665744781494
503,5040.000015026285,2.634392193724046,2.279542575488858,28,28,3.3249766968716195,3.3249766968716195,5.865951061248779
504,5050.000015056099,2.6736232515676006,2.481552472224326,22,22,3.4552590870717683,3.4552590870717683,6.086345672607422
505,5060.000015085913,2.7398232955787423,2.393046057651858,30,30,3.285123503814604,3.285123503814604,5.821178436279297
506,5070.0000151157265,2.646463552422591,2.745477762489156,14,14,3.305374215704325,3.305374215704325,5.766152381896973
507,5080.000015145541,2.641016004508309,1.933729056411935,21,21,3.3727849713376035,3.3727849713376035,5.917933940887451
508,5090.000015175355,2.5721865505110446,2.441909682164636,16,16,3.437799525978366,3.437799525978366,6.447187423706055
509,5100.000015205169,2.6312731331916197,2.0940593268277956,24,24,3.2098282440016788,3.2098282440016788,5.734353065490723
510,5110.000015234983,2.812266696034876,1.9644156822113892,14,14,3.6554177622978656,3.6554177622978656,5.7744669914245605
511,5120.000015264797,2.79018535765919,2.1622965282487936,35,35,3.4062335913474135,3.4062335913474135,6.179361343383789
512,5130.000015294611,2.642661445162384,1.8155904135600263,32,32,3.1890915280776237,3.1890915280776237,5.791322708129883
513,5140.0000153244255,2.7108265584083733,2.2030836482837692,22,22,3.4024627073952916,3.4024627073952916,5.924048900604248
514,5150.00001535424,2.8423028784805084,2.534201760079261,14,14,3.547755079749588,3.547755079749588,6.491016387939453
515,5160.000015384054,2.8856259547643517,2.1178051725242972,30,30,3.298844997777707,3.298844997777707,6.0159406661987305
516,5170.000015413868,2.731486687793369,2.4587460551762605,31,31,3.27936909774285,3.27936909774285,5.6536736488342285
517,5180.000015443681,2.7062911490496373,2.6042870979554142,23,23,3.3237155234118556,3.3237155234118556,6.059054851531982
518,5190.000015473495,2.752478827372374,2.5646188096141405,28,28,3.264834816738874,3.264834816738874,6.192951202392578
519,5200.000015503309,2.824246386875023,1.9982323642629387,37,37,3.3041780405091856,3.3041780405091856,5.895022869110107
520,5210.000015533124,2.6698206628720165,2.5125368763637157,18,18,3.4927089598571164,3.4927089598571164,6.408656597137451
521,5220.000015562938,2.575344345821631,2.5744357962912057,16,16,3.3992742974933647,3.3992742974933647,6.243574142456055
522,5230.000015592752,2.712235968336302,2.2320812893670783,19,19,3.455792585319323,3.455792585319323,5.879837512969971
523,5240.000015622566,2.730001518130837,2.534160839700464,15,15,3.50421994427465,3.50421994427465,5.907541751861572
524,5250.00001565238,2.7565740266691083,2.772128497430843,21,21,3.2670472284840226,3.2670472284840226,6.469444274902344
525,5260.000015682194,2.7335148869960846,2.80984677125724,22,22,3.2437651806833054,3.2437651806833054,5.819952487945557
526,5270.0000157120085,2.530393868287143,2.840439882784892,19,19,3.3827031277773947,3.3827031277773947,6.361371994018555
527,5280.000015741822,2.6259555919805835,3.00877108637253,17,17,3.4923899139411265,3.4923899139411265,6.526923179626465
528,5290.000015771636,2.5777010380644585,2.4860001405954377,20,20,3.463834110008912,3.463834110008912,6.179840087890625
529,5300.00001580145,2.3927864018505867,2.5268851711540266,23,23,3.3583718113233645,3.3583718113233645,5.687239170074463
530,5310.000015831264,2.4238872692253164,2.542866465507349,38,38,3.318810055241255,3.318810055241255,5.597790718078613
531,5320.000015861078,2.5134065061079647,2.197722431894084,23,23,3.3177982725923054,3.3177982725923054,5.762450218200684
532,5330.000015890892,2.429622012817844,2.807542069629547,15,15,3.4942241965369107,3.4942241965369107,6.197498798370361
533,5340.000015920707,2.523390969639146,2.7123141628290726,14,14,3.485073066323313,3.485073066323313,6.248451232910156
534,5350.000015950521,2.5247774863173666,2.704780760206732,22,22,3.4487634047828117,3.4487634047828117,6.047186374664307
535,5360.000015980335,2.577962440955575,2.4453111531901093,17,17,3.3874209851248502,3.3874209851248502,6.006547451019287
536,5370.000016010149,2.637612815953775,2.230809983406443,14,14,3.7085256176581836,3.7085256176581836,6.216654300689697
537,5380.000016039962,2.6426653438843153,2.1088583955887454,33,33,3.355591154186566,3.355591154186566,6.028101921081543
538,5390.000016069776,2.573201048045904,2.586112799675179,22,22,3.3814006691980834,3.3814006691980834,6.413023948669434
539,5400.0000160995905,2.648765122689748,3.0090583154534762,16,16,3.331239786322594,3.331239786322594,6.634303569793701
540,5410.000016129405,2.6168751565589803,2.529547035206322,15,15,3.4419324336699457,3.4419324336699457,6.491002082824707
541,5420.000016159219,2.5159408242642125,2.385144884518694,24,24,3.4504753433892583,3.4504753433892583,6.465914249420166
542,5430.000016189033,2.4744280272880834,2.184919251038464,16,16,3.4049902989866743,3.4049902989866743,6.220255374908447
543,5440.000016218847,2.4344047891532044,2.668277454560993,11,11,3.501598420850818,3.501598420850818,6.133098125457764
544,5450.000016248661,2.535680434374248,2.644661154539174,15,15,3.4061305508533746,3.4061305508533746,6.662208557128906
545,5460.000016278475,2.457625102726117,2.1985753616680266,17,17,3.4439942763927527,3.4439942763927527,5.983811378479004
546,5470.00001630829,2.5148905754022826,2.7831157629120526,14,14,3.3832539901439938,3.3832539901439938,6.435710430145264
547,5480.000016338103,2.5474307512776635,2.1600401389885056,20,20,3.3595044911027476,3.3595044911027476,6.218271732330322
548,5490.000016367917,2.5143334832729023,1.966349368930095,20,20,3.1996322186777033,3.1996322186777033,6.232181549072266
549,5500.000016397731,2.5934490165554394,2.2874371265525393,22,22,3.3567683407737703,3.3567683407737703,5.902439594268799
550,5510.000016427545,2.511037917026082,2.511744919137784,21,21,3.3836394858040806,3.3836394858040806,6.383148670196533
551,5520.000016457359,2.5937088356670692,2.717743101540573,18,18,3.4328851842328234,3.4328851842328234,6.426874160766602
552,5530.0000164871735,2.491935141199782,1.8780273578136555,18,18,3.428272511980028,3.428272511980028,6.289411544799805
553,5540.000016516988,2.4609444056492333,2.379426786399075,17,17,3.4299569729459733,3.4299569729459733,6.269659519195557
554,5550.000016546802,2.4826401687847937,2.243333848824898,18,18,3.4916968333325924,3.4916968333325924,6.277463912963867
555,5560.000016576616,2.604502111723818,2.283344343055353,27,27,3.242537727089196,3.242537727089196,6.190450191497803
556,5570.00001660643,2.4832464400032954,2.712550804083788,22,22,3.459342658013368,3.459342658013368,6.416431427001953
557,5580.000016636244,2.450506577355626,2.616559551819747,8,8,3.604704826212505,3.604704826212505,6.232715129852295
558,5590.0000166660575,2.467639630613727,1.945402433232225,23,23,3.398676261224993,3.398676261224993,5.949419975280762
559,5600.000016695872,2.36921323046848,2.082123851690389,34,34,3.4064360525570723,3.4064360525570723,5.4061279296875
560,5610.000016725686,2.3506594693082237,2.349112559731538,25,25,3.487385215507144,3.487385215507144,5.378719806671143
561,5620.0000167555,2.4546098012260105,1.7927402642661192,25,25,3.1927294494635725,3.1927294494635725,5.813440322875977
562,5630.000016785314,2.3833435574729496,2.150023821341348,23,23,3.3112759251449053,3.3112759251449053,5.813864707946777
563,5640.000016815128,2.291629269424387,1.7992608714954341,18,18,3.3784164334454774,3.3784164334454774,5.805459499359131
564,5650.000016844942,2.200294039758838,2.14594665736803,19,19,3.2092664538182625,3.2092664538182625,6.033299922943115
565,5660.0000168747565,2.3130796232204367,2.155860417962591,13,13,3.4660479598514375,3.4660479598514375,6.108245372772217
566,5670.000016904571,2.4213425270716953,2.0886970672809664,26,26,3.3147172379722645,3.3147172379722645,5.88511848449707
567,5680.000016934385,2.4303234773954996,2.577872505289184,29,29,3.096982603133197,3.096982603133197,5.966325759887695
568,5690.000016964198,2.4331833219893544,2.3867841596957793,14,14,3.216699079635054,3.216699079635054,5.991909503936768
569,5700.000016994012,2.229994153892174,2.12281396888318,27,27,3.289102426248191,3.289102426248191,5.951651573181152
570,5710.000017023826,2.3784254301868093,1.7886877014077873,22,22,3.3809597714273925,3.3809597714273925,6.121996879577637
571,5720.0000170536405,2.324782335259998,1.8158629928067074,17,17,3.5231527247775363,3.5231527247775363,5.987835884094238
572,5730.000017083455,2.307403158904142,2.0650193448463456,17,17,3.3216226621835494,3.3216226621835494,6.144457817077637
573,5740.000017113269,2.351904982477448,2.5287823769890854,24,24,3.2741298708173727,3.2741298708173727,6.021136283874512
574,5750.000017143083,2.521461234297727,2.5956884994476948,23,23,3.374724765557416,3.374724765557416,6.056067943572998
575,5760.000017172897,2.5317209551163784,2.559590875704586,31,31,3.370082661477579,3.370082661477579,6.356982707977295
576,5770.000017202711,2.3611544296972835,2.5449248552247967,9,9,3.4369554771447954,3.4369554771447954,6.443150520324707
577,5780.000017232525,2.5914911153309244,2.5038905882639266,18,18,3.256202867955966,3.256202867955966,6.154362678527832
578,5790.000017262339,2.6713975940184684,2.5008378685797923,26,26,3.3721976541105727,3.3721976541105727,6.33859920501709
579,5800.000017292153,2.5344925734513017,1.9204823736974546,23,23,3.322739846555147,3.322739846555147,6.123550891876221
580,5810.000017321967,2.4521078557025207,2.1946800448546337,16,16,3.4490401918518927,3.4490401918518927,6.120331764221191
581,5820.000017351781,2.4670231327007297,2.0225435487264227,14,14,3.3747709892787685,3.3747709892787685,5.839954853057861
582,5830.000017381595,2.598300458268164,2.1729427023902934,14,14,3.582248593460796,3.582248593460796,5.586897850036621
583,5840.000017411409,2.5234960548648377,1.9767587801139708,16,16,3.3552038584828816,3.3552038584828816,5.776984691619873
584,5850.0000174412235,2.4961078061915543,2.2780199901316127,26,26,3.4227501841347343,3.4227501841347343,5.927001476287842
585,5860.000017471038,2.4580688385523985,2.3119838196630385,29,29,3.322449167898385,3.322449167898385,5.860628604888916
586,5870.000017500852,2.502041871791721,2.201862408171061,27,27,3.4895593015693835,3.4895593015693835,6.040394306182861
587,5880.000017530666,2.548931688753159,2.665339459020382,25,25,3.309036348338518,3.309036348338518,6.505403995513916
588,5890.000017560479,2.349607029577724,2.519703454372386,16,16,3.4250209297038268,3.4250209297038268,6.145092487335205
589,5900.000017590293,2.3794740469770934,2.6530734546154893,17,17,3.4065744211232176,3.4065744211232176,6.092774391174316
590,5910.000017620107,2.335171989311235,2.0145790094567837,15,15,3.526761581610566,3.526761581610566,6.0576653480529785
591,5920.000017649922,2.295894216735785,2.3355657287877807,22,22,3.442453152228883,3.442453152228883,5.732615947723389
592,5930.000017679736,2.4632366763417064,2.4019301861549014,24,24,3.259248111939144,3.259248111939144,5.306886672973633
593,5940.00001770955,2.5036700398561127,2.430623729553913,24,24,3.2396993171789803,3.2396993171789803,5.999142169952393
594,5950.000017739364,2.484258423272182,2.105613204738457,30,30,3.3739700555989143,3.3739700555989143,5.557319641113281
595,5960.000017769178,2.250067028502318,2.163273087886845,23,23,3.2395983568264386,3.2395983568264386,5.790428638458252
596,5970.000017798992,2.3310505598526428,2.242392233214218,30,30,3.31161031713864,3.31161031713864,5.724813461303711
597,5980.000017828806,2.323522676261523,2.152424161082572,17,17,3.470830551161959,3.470830551161959,6.357110023498535
598,5990.000017858621,2.347920989853403,2.4510658202626665,17,17,3.4646106037810678,3.4646106037810678,5.778594017028809
599,6000.000017888434,2.3159324731335498,2.35838837039896,11,11,3.4347206878656333,3.4347206878656333,6.660346984863281
600,6010.000017918248,2.4737628128989995,2.0459833434712373,16,16,3.356281903909772,3.356281903909772,6.029250621795654
601,6020.000017948062,2.368411085930515,2.183292294820753,23,23,3.366505025744397,3.366505025744397,6.027044296264648
602,6030.000017977876,2.4098667246154473,2.305705154320209,22,22,3.494561308963418,3.494561308963418,6.199695110321045
603,6040.00001800769,2.4873312578246636,2.0946456144734413,22,22,3.221452151110529,3.221452151110529,5.694378852844238
604,6050.000018037505,2.4814281816083783,2.445915328056737,14,14,3.5659580518457155,3.5659580518457155,6.012127876281738
605,6060.000018067319,2.5379262666146953,2.4629921019182204,31,31,3.3282887841499598,3.3282887841499598,5.746766090393066
606,6070.000018097133,2.469200313385466,1.8597220527183238,9,9,3.5331096589270614,3.5331096589270614,6.2063069343566895
607,6080.000018126947,2.4627304467195064,2.2382995483465526,22,22,3.398178926563213,3.398178926563213,5.961490154266357
608,6090.000018156761,2.3967142520789153,2.2756514119096707,19,19,3.403884374030225,3.403884374030225,6.3474931716918945
609,6100.000018186574,2.2658196130603634,2.4077688518065115,32,32,3.2092513386816592,3.2092513386816592,6.343236446380615
610,6110.0000182163885,2.242694414881777,2.6755586255574753,20,20,3.5554203232278527,3.5554203232278527,6.782812118530273
611,6120.000018246203,2.4357497722580757,2.148037031164337,14,14,3.377337077226709,3.377337077226709,6.28102445602417
612,6130.000018276017,2.381253567115214,2.215384909864274,19,19,3.408734043665392,3.408734043665392,6.2704691886901855
613,6140.000018305831,2.546598468728555,2.100041294650166,20,20,3.3868471889110454,3.3868471889110454,5.932608604431152
614,6150.000018335645,2.4436003441642473,1.9904833709572125,18,18,3.194117350949995,3.194117350949995,6.260783672332764
615,6160.000018365459,2.5887018016024173,2.3838739446292982,22,22,3.4928795286149836,3.4928795286149836,6.172084331512451
616,6170.000018395273,2.563656359129679,2.1916280096869745,12,12,3.577161416992724,3.577161416992724,6.347591400146484
617,6180.000018425088,2.4740964349683265,1.8235732404748397,28,28,3.3465574005902026,3.3465574005902026,6.020880222320557
618,6190.000018454902,2.3946970932908376,1.9395245395268117,24,24,3.332956093463862,3.332956093463862,5.8302083015441895
619,6200.000018484715,2.4676824151704997,2.5498537683814515,16,16,3.4300202854560964,3.4300202854560964,6.405743598937988
620,6210.000018514529,2.5214298334093033,2.172394600361095,18,18,3.3455912253537208,3.3455912253537208,6.214420795440674
621,6220.000018544343,2.486509671985662,2.7777568675685216,23,23,3.4665277069368994,3.4665277069368994,6.71004056930542
622,6230.000018574157,2.5051304548326194,2.6232878072975585,11,11,3.5926733108824918,3.5926733108824918,6.780063152313232
623,6240.0000186039715,2.6064334433843754,2.3513100935802225,20,20,3.3683293538314008,3.3683293538314008,6.20549201965332
624,6250.000018633786,2.5206887759273813,2.09000524408173,25,25,3.316518158508126,3.316518158508126,6.0914835929870605
625,6260.0000186636,2.5573040853082762,2.4946446539115072,18,18,3.306582393436645,3.306582393436645,6.0729546546936035
626,6270.000018693414,2.5099714151010093,2.166291192487796,17,17,3.3519296671036605,3.3519296671036605,6.233957290649414
627,6280.000018723228,2.625656359250421,2.7759723198952533,14,14,3.395883998817104,3.395883998817104,6.881566524505615
628,6290.000018753042,2.584814700911292,2.2580989751862672,19,19,3.425671743454595,3.425671743454595,5.960556983947754
629,6300.0000187828555,2.6257381200802428,2.6227245217583564,18,18,3.2142437345090533,3.2142437345090533,6.298360347747803
630,6310.00001881267,2.72753671340941,2.7374170389482173,33,33,3.2912837356125038,3.2912837356125038,5.716575622558594
631,6320.000018842484,2.4658005600119495,2.6472935468877483,10,10,3.383941276812985,3.383941276812985,6.612170696258545
632,6330.000018872298,2.3260459614587146,2.56683803866318,6,6,3.586016654169002,3.586016654169002,6.77433443069458
633,6340.000018902112,2.4185509503916434,2.8264856898393695,12,12,3.3537691971511294,3.3537691971511294,7.126755714416504
634,6350.000018931926,2.584467294824229,2.8122301297897434,10,10,3.509694547161154,3.509694547161154,7.003084659576416
635,6360.00001896174,2.426881323760236,3.235117400295912,8,8,3.488918967452672,3.488918967452672,7.334566116333008
636,6370.0000189915545,2.5741658974039834,2.7112842495465004,17,17,3.429344657551032,3.429344657551032,6.607139587402344
637,6380.000019021369,2.516052370676181,2.85962492943864,7,7,3.4682383621762423,3.4682383621762423,6.8798298835754395
638,6390.000019051183,2.4963257819379616,2.8759832321718783,8,8,3.5015510379652617,3.5015510379652617,6.830667018890381
639,6400.000019080997,2.4602050499818997,2.37676090590038,22,22,3.2225217009400753,3.2225217009400753,6.191730499267578
640,6410.00001911081,2.3969847915709535,2.003026950708397,25,25,3.121945983278071,3.121945983278071,6.357624530792236
641,6420.000019140624,2.4146594919387385,2.7062607315659073,21,21,3.246952985253687,3.246952985253687,6.530196189880371
642,6430.0000191704385,2.228584304602457,2.4907686127545583,15,15,3.3652029479147485,3.3652029479147485,6.39455509185791
643,6440.000019200253,2.3702773927575196,2.8168629329681596,15,15,3.298367428347012,3.298367428347012,6.564579963684082
644,6450.000019230067,2.3636160167212643,3.404148220372803,27,27,3.404281408826325,3.404281408826325,7.104160785675049
645,6460.000019259881,2.2589008786794147,1.806376835979601,17,17,3.5450771929640252,3.5450771929640252,6.449304103851318
646,6470.000019289695,2.3337088767218037,1.8255294249426086,33,33,3.4638981816154106,3.4638981816154106,6.071147918701172
647,6480.000019319509,2.298828272923948,1.7687786871114293,17,17,3.1937773821392605,3.1937773821392605,6.427817344665527
648,6490.000019349323,2.3127468926128314,2.5708335663723845,18,18,3.6693704175578916,3.6693704175578916,6.799159526824951
649,6500.0000193791375,2.3210757276309533,2.394892845325308,19,19,3.48530287782051,3.48530287782051,6.694285869598389
650,6510.000019408951,2.3632213109665026,1.567813491744088,24,24,3.3298073533821166,3.3298073533821166,6.018816947937012
651,6520.000019438765,2.395067115348459,2.886748060028328,17,17,3.353342218671248,3.353342218671248,7.041867256164551
652,6530.000019468579,2.559209519922349,2.8148989036459873,15,15,3.409261402465224,3.409261402465224,6.47633695602417
653,6540.000019498393,2.27302412650562,1.9439554065001703,23,23,3.5081750500313857,3.5081750500313857,6.204052448272705
654,6550.000019528207,2.2799803648935892,1.9186539128718805,20,20,3.3465171873791353,3.3465171873791353,6.18588924407959
655,6560.000019558021,2.2930984623855717,2.6262674006889988,10,10,3.3351405653820594,3.3351405653820594,6.489974498748779
656,6570.000019587836,2.454922786884025,2.1196031313203623,20,20,3.253800113621153,3.253800113621153,5.970280647277832
657,6580.00001961765,2.591155106539278,2.2527084174175354,21,21,3.44954701845985,3.44954701845985,6.741413593292236
658,6590.000019647464,2.530788673931955,2.3463706223185006,27,27,3.49826554159988,3.49826554159988,6.438610553741455
659,6600.000019677278,2.6197550916694596,2.9803802711183023,15,15,3.364156271459241,3.364156271459241,6.723905563354492
660,6610.000019707091,2.469584863655649,1.8145998591383896,26,26,3.3442242503511532,3.3442242503511532,6.276249408721924
661,6620.000019736905,2.4703807080677196,2.116900148423759,15,15,3.4807913639712407,3.4807913639712407,6.306845188140869
662,6630.00001976672,2.5944706998420033,2.2254404112104376,22,22,3.4450264805167072,3.4450264805167072,6.3058600425720215
663,6640.000019796534,2.4735051057782984,2.0569783021191497,19,19,3.5859811437384517,3.5859811437384517,6.211213111877441
664,6650.000019826348,2.5257423632194524,1.6662729856718683,28,28,3.3842312544949165,3.3842312544949165,6.264208793640137
665,6660.000019856162,2.5551718881282364,2.0080149276952755,17,17,3.425542147303887,3.425542147303887,6.44085693359375
666,6670.000019885976,2.6354456500116883,2.1355549210693714,13,13,3.3509316792497175,3.3509316792497175,6.426754951477051
667,6680.00001991579,2.598161424312062,1.872836257194564,19,19,3.547125238973116,3.547125238973116,6.07198429107666
668,6690.000019945604,2.6798212219770448,1.982081663411924,34,34,3.258126540173865,3.258126540173865,6.039342403411865
669,6700.000019975419,2.658435509665488,2.03801813637334,35,35,3.249803449907244,3.249803449907244,5.69315242767334
670,6710.000020005232,2.5597521472310216,2.05170027574453,21,21,3.490924803474833,3.490924803474833,5.547665119171143
671,6720.000020035046,2.5192728582910893,2.5068373341053185,30,30,3.0434474117253267,3.0434474117253267,6.374552249908447
672,6730.00002006486,2.4267884293895103,2.064909142612098,34,34,3.1421376460411556,3.1421376460411556,6.568549633026123
673,6740.000020094674,2.5812832550165585,2.930255636718885,13,13,3.4934135959815835,3.4934135959815835,6.930436134338379
674,6750.000020124488,2.5439304949147825,2.7834008178087037,17,17,3.632917161477773,3.632917161477773,6.693013668060303
675,6760.000020154303,2.570328065623878,2.7888664164343817,24,24,3.354515380231982,3.354515380231982,6.64481258392334
676,6770.000020184117,2.360183327235945,2.712609313006112,24,24,3.195882829381705,3.195882829381705,6.8403096199035645
677,6780.000020213931,2.5071080943855804,3.1427052278421823,18,18,3.369951693258152,3.369951693258152,7.1175408363342285
678,6790.000020243745,2.51984982795686,2.1975545556406466,28,28,3.368093359826783,3.368093359826783,6.621469497680664
679,6800.000020273559,2.4230467415518318,2.9897038563184934,15,15,3.3929000340169297,3.3929000340169297,7.0433244705200195
680,6810.000020303372,2.467687076897339,3.1025487467962654,17,17,3.45349857846738,3.45349857846738,7.04728889465332
681,6820.0000203331865,2.502963379516959,2.6584794631182573,27,27,3.1692868962579115,3.1692868962579115,6.563378810882568
682,6830.000020363001,2.646791461901213,2.5592178916022394,9,9,3.362792856748012,3.362792856748012,6.268622875213623
683,6840.000020392815,2.5483249940219395,2.1635238017659373,14,14,3.59594877705908,3.59594877705908,6.606749534606934
684,6850.000020422629,2.585548120717299,2.8564690406033466,11,11,3.361943172975557,3.361943172975557,7.104314804077148
685,6860.000020452443,2.536771664184106,3.114032076934202,12,12,3.556475626730569,3.556475626730569,6.934497356414795
686,6870.000020482257,2.5303328703893695,3.258547446015685,13,14,3.6242281771262577,3.6065665701164438,6.833572864532471
687,6880.000020512071,2.558959014719262,3.8569628553459947,19,19,3.5158848932521956,3.5158848932521956,7.051319122314453
688,6890.0000205418855,2.537434760320333,3.3170250444222433,12,12,3.396135842637234,3.396135842637234,7.562363624572754
689,6900.0000205717,2.631655467190411,3.7245866413344086,12,12,3.4885060544300956,3.4885060544300956,7.308602333068848
690,6910.000020601514,2.6146404744219476,3.1829237423594536,13,13,3.3858701225005046,3.3858701225005046,6.950656890869141
691,6920.000020631327,2.4601211108103174,3.2607851285138016,14,14,3.3979407987810344,3.3979407987810344,6.840156078338623
692,6930.000020661141,2.6146677771294224,2.443856115828233,19,19,3.3654500027680516,3.3654500027680516,6.878576278686523
693,6940.000020690955,2.6471175991570917,3.0652807886254334,18,18,3.2954486874825837,3.2954486874825837,6.839035987854004
694,6950.0000207207695,2.6026008186366285,2.962583155299611,14,14,3.271864869778302,3.271864869778302,7.193939208984375
695,6960.000020750584,2.565593361096953,2.1672887176796527,15,15,3.4174102641187423,3.4174102641187423,7.216747760772705
696,6970.000020780398,2.551016603088406,2.205494732593437,10,10,3.2147772999149256,3.2147772999149256,6.994498252868652
697,6980.000020810212,2.4960511217695767,1.9697651540146692,5,5,3.752177327170508,3.752177327170508,7.164964199066162
698,6990.000020840026,2.483512225052568,1.7740651425961722,4,4,3.5173374549654146,3.5173374549654146,7.035370349884033
699,7000.00002086984,2.5989034720792947,1.870090808267165,14,14,3.4844716335494064,3.4844716335494064,6.608849048614502
700,7010.000020899654,2.4630333157875715,1.718904171832533,15,15,3.410947999295458,3.410947999295458,6.559073448181152
701,7020.000020929468,2.5481968844616505,2.3954204763525575,14,14,3.571815591697173,3.571815591697173,6.869751930236816
702,7030.000020959282,2.560945624464359,1.9131740894473503,16,16,3.4907032121663146,3.4907032121663146,6.706297874450684
703,7040.000020989096,2.532617398877613,1.466812241313461,16,16,3.1004756350922684,3.1004756350922684,6.444246292114258
704,7050.00002101891,2.4934826345136107,1.794405140172642,15,15,3.292107207916631,3.292107207916631,6.164080619812012
705,7060.000021048724,2.4919859460769227,2.5950472247413567,27,27,3.4218023332664917,3.4218023332664917,6.1834187507629395
706,7070.000021078538,2.5678178354864003,3.254653567594621,19,19,3.251727512069928,3.251727512069928,6.5284743309021
707,7080.0000211083525,2.457639908900415,2.1566759657478896,19,19,3.1663123491310206,3.1663123491310206,6.270206928253174
708,7090.000021138167,2.419254233424297,2.767454589852776,19,19,3.2478578869415364,3.2478578869415364,6.709024429321289
709,7100.000021167981,2.540593178098014,2.124358969363361,16,16,3.530906695492843,3.530906695492843,6.449424743652344
710,7110.000021197795,2.3854712334614914,2.3351505529026992,17,17,3.205147262406609,3.205147262406609,6.2831926345825195
711,7120.000021227608,2.3904813904390645,2.303644504044116,21,21,3.4617231031115643,3.4617231031115643,6.291318416595459
712,7130.000021257422,2.463882087014544,2.7566408067886594,24,24,3.3625472546278936,3.3625472546278936,6.318485736846924
713,7140.000021287236,2.435016541886989,3.1468576373792363,9,9,3.7707139409801576,3.7707139409801576,7.100251197814941
714,7150.000021317051,2.45491279889829,3.10155383066134,14,14,3.4491820960442356,3.4491820960442356,6.941933631896973
715,7160.000021346865,2.5312829882005974,3.55075747213117,20,20,3.232910065089294,3.232910065089294,6.838426113128662
716,7170.000021376679,2.5154767771013566,3.0910063258607154,29,29,3.259311930770197,3.259311930770197,6.539150714874268
717,7180.000021406493,2.461123490705632,2.665336427601376,12,12,3.403485041309888,3.403485041309888,6.075023651123047
718,7190.000021436307,2.2490901957153264,2.41515652262329,22,22,3.458042797596326,3.458042797596326,6.0596184730529785
719,7200.000021466121,2.4201147817348256,2.166845080482277,18,18,3.392287820199745,3.392287820199745,6.026034355163574
720,7210.0000214959355,2.5396022952487467,1.9172614665663605,17,17,3.545585924437116,3.545585924437116,6.416877269744873
721,7220.000021525749,2.3366152297542016,1.8193503089772782,19,19,3.476606484766362,3.476606484766362,6.184014797210693
722,7230.000021555563,2.3489971388162894,2.6859245925374347,11,11,3.5697919120894155,3.5697919120894155,6.803383827209473
723,7240.000021585377,2.3637133692090577,2.8670401991372523,9,9,3.447099049603892,3.447099049603892,7.115178108215332
724,7250.000021615191,2.275267031809916,2.0628404002467877,30,30,3.3638978125201,3.3638978125201,6.530027389526367
725,7260.000021645005,2.291898838539356,2.3001516017254575,8,8,3.687252655426655,3.687252655426655,6.3435211181640625
726,7270.000021674819,2.4092954806504077,2.135350051515933,19,19,3.3402294740190226,3.3402294740190226,6.034245014190674
727,7280.000021704634,2.3311220981759004,2.006919170905482,27,27,3.1933024765927605,3.1933024765927605,5.699255466461182
728,7290.000021734448,2.346293274097981,2.7641317738159983,12,12,3.5216579973953834,3.5216579973953834,6.84753942489624
729,7300.000021764262,2.2103298498460915,3.02497834845766,13,13,3.5241883522229296,3.5241883522229296,6.986701488494873
730,7310.000021794076,2.4678761787730803,3.0628473920927384,7,7,3.4277812800766077,3.4277812800766077,7.063924312591553
731,7320.00002182389,2.4238720250831673,2.3402792308501277,16,16,3.6453066224750055,3.6453066224750055,6.878396511077881
732,7330.000021853703,2.4080966701448783,2.445548314617352,17,17,3.461305174110613,3.461305174110613,7.351349353790283
733,7340.000021883518,2.3398284616782847,2.0535927393120987,13,13,3.230626350907435,3.230626350907435,6.231651782989502
734,7350.000021913332,2.389575652724329,2.6851891573693605,19,21,3.4403459238767913,3.4403459238767913,6.032040119171143
735,7360.000021943146,2.347462343462424,1.9258024420196809,12,13,3.1884641388432704,3.1884641388432704,6.510420322418213
736,7370.00002197296,2.2715005337731986,2.1266118597410935,25,25,3.19834092267894,3.19834092267894,6.204624176025391
737,7380.000022002774,2.3398421518019425,2.14118508137833,14,14,3.5068563806421946,3.5068563806421946,6.2228684425354
738,7390.000022032588,2.401010217217925,2.3537392208338574,13,13,3.2550449125721483,3.2550449125721483,6.175756931304932
739,7400.000022062402,2.333751178063792,1.6758541469730253,29,29,3.2373492781092703,3.2373492781092703,6.1223225593566895
740,7410.000022092217,2.2653207231692396,1.7285359346257327,23,23,3.4172959736578625,3.4172959736578625,5.941209316253662
741,7420.000022122031,2.2725859085581988,1.3051172464608236,22,22,3.407016538888187,3.407016538888187,5.87276554107666
742,7430.000022151844,2.385603961430119,2.2530941639387754,24,24,3.3627375052555877,3.3627375052555877,5.695932865142822
743,7440.000022181658,2.2874051908618993,1.87979544085482,22,22,3.301672845870801,3.301672845870801,5.701639652252197
744,7450.000022211472,2.3087206102529896,1.5932780162220999,19,19,3.3526908756072373,3.3526908756072373,6.042490005493164
745,7460.000022241286,2.318496408199122,2.1888614096687835,27,27,3.174486304397204,3.174486304397204,6.151289463043213
746,7470.0000222711005,2.33057063303807,2.0187329446764224,19,19,3.345441710829868,3.345441710829868,6.521785736083984
747,7480.000022300915,2.3943394152909314,1.4553066973802964,37,37,3.1962434957574604,3.1962434957574604,6.236312389373779
748,7490.000022330729,2.3168722537651933,1.90534495572526,31,31,3.4192791198697963,3.4192791198697963,6.429571628570557
749,7500.000022360543,2.4477030562417745,1.6055828448886715,15,15,3.6201508556612345,3.6201508556612345,6.632879734039307
750,7510.000022390357,2.433724835538125,1.7257500925123288,21,21,3.32753302398491,3.32753302398491,6.120556831359863
751,7520.000022420171,2.3828365346151186,2.0704783512544593,18,18,3.2712120003512184,3.2712120003512184,6.115283489227295
752,7530.0000224499845,2.352567017923926,1.4395469295937147,26,26,3.066801797771046,3.066801797771046,6.280084609985352
753,7540.000022479799,2.318028761982198,2.253463044695709,7,7,3.3189205158636907,3.3189205158636907,7.14520788192749
754,7550.000022509613,2.225260558985953,2.689714927080253,29,29,3.0807755867712983,3.0807755867712983,6.437131881713867
755,7560.000022539427,2.301115422798129,1.771828380862812,10,10,3.6305925466820033,3.6305925466820033,6.802897930145264
756,7570.000022569241,2.4050939912229397,2.7047556425124983,11,11,3.607606680948765,3.607606680948765,6.696659088134766
757,7580.000022599055,2.3772923429802466,2.698121296309408,15,15,3.3515140178346527,3.3515140178346527,6.516786575317383
758,7590.000022628869,2.3162585721879947,2.667424284766516,26,26,3.2232757382938217,3.2232757382938217,6.544878005981445
759,7600.0000226586835,2.3261330551891373,3.0532264466507235,12,14,3.4970715143892934,3.3645172425319387,6.863766670227051
760,7610.000022688498,2.3956089772795153,2.8049884588791776,18,18,3.5344427027348915,3.5344427027348915,6.09674072265625
761,7620.000022718312,2.3287009612691127,3.1920483782357336,30,31,3.263230588941525,3.263230588941525,6.4195098876953125
762,7630.000022748125,2.408907481161008,2.4699484389900017,23,24,3.1812771802789337,3.1812771802789337,5.7667012214660645
763,7640.000022777939,2.358791623300153,3.202585487656163,25,25,3.4919065825233067,3.4919065825233067,5.628785610198975
764,7650.000022807753,2.3126081491993347,3.411131149416307,23,23,3.3184314594071638,3.3184314594071638,6.04407262802124
765,7660.0000228375675,2.396239533667854,3.0107938453551615,19,19,3.4091491124980045,3.4091491124980045,6.129745006561279
766,7670.000022867382,2.2109387030312546,2.9107333958222723,16,18,3.3246514279425616,3.3246514279425616,6.0466413497924805
767,7680.000022897196,2.2987267946570746,2.9906750069826513,29,32,3.3178465339120167,3.3178465339120167,6.162156581878662
768,7690.00002292701,2.477869858601312,2.989520960279138,15,15,3.258978633987038,3.258978633987038,6.28621244430542
769,7700.000022956824,2.3423759670520856,3.3001692536432987,6,6,3.4375281658689416,3.4375281658689416,6.995970249176025
770,7710.000022986638,2.4860525025996876,1.9322237057157325,20,20,3.348452013054795,3.348452013054795,6.46388053894043
771,7720.000023016452,2.5946834530886873,2.560491620501678,17,17,3.320215598630222,3.320215598630222,6.109888553619385
772,7730.0000230462665,2.539315022592042,2.301873585243134,21,21,3.296271190399535,3.296271190399535,6.361215114593506
773,7740.00002307608,2.556770714312895,2.58639658853769,18,18,3.249917125391198,3.249917125391198,6.256888389587402
774,7750.000023105894,2.4002848136385464,2.5974783318124715,15,15,3.3443881296551843,3.3443881296551843,6.268225193023682
775,7760.000023135708,2.3927400276227604,2.182622546470241,29,29,3.3288365102415667,3.3288365102415667,6.109992980957031
776,7770.000023165522,2.4212438955611555,2.1997931493707927,29,29,3.2804846087038433,3.2804846087038433,5.6537861824035645
777,7780.000023195336,2.589345334508562,2.7234085114885342,22,23,3.3477217354596327,3.3477217354596327,5.936315059661865
778,7790.0000232251505,2.5112465320196837,2.1367551395556452,7,7,3.8491371896698956,3.8491371896698956,6.125712871551514
779,7800.000023254965,2.5920461947085265,1.6597717758275472,31,31,3.5090904462513133,3.5090904462513133,6.252582550048828
780,7810.000023284779,2.6207262962915125,1.8840345108595662,16,16,3.446519431732939,3.446519431732939,6.4053521156311035
781,7820.000023314593,2.5797866470798754,2.0122508782017707,27,27,3.294908886555795,3.294908886555795,6.006423473358154
782,7830.000023344407,2.557766060971233,2.3891422859534703,15,15,3.5721476206193055,3.5721476206193055,5.915866374969482
783,7840.00002337422,2.5937727276104976,1.9481216491105058,15,15,3.5005803712026538,3.5005803712026538,6.215620040893555
784,7850.000023404034,2.528250615740047,2.6585662510430303,19,19,3.403069999793115,3.403069999793115,6.751070022583008
785,7860.000023433849,2.6513793879905405,2.705620398290735,8,9,3.735146542827131,3.735146542827131,6.560837268829346
786,7870.000023463663,2.6292029966197377,2.580992758080621,19,20,3.405928548473277,3.405928548473277,6.263468265533447
787,7880.000023493477,2.5979848079392465,2.730338682083936,22,23,3.224436214314814,3.224436214314814,5.905244827270508
788,7890.000023523291,2.6848071760584395,2.6351497544439018,32,33,3.0820191810836994,3.0820191810836994,5.859286308288574
789,7900.000023553105,2.6935190511542086,2.4364090634787994,17,17,3.367261496321596,3.367261496321596,5.952836513519287
790,7910.000023582919,2.5732132120922917,2.886088991606927,30,33,3.315886022556151,3.315886022556151,5.4399871826171875
791,7920.0000236127335,2.6549366775212477,2.8112978635347576,33,34,3.0587116484399166,3.0587116484399166,5.8618645668029785
792,7930.000023642548,2.7917767110938163,2.603096966536914,30,31,3.1295867321808255,3.1295867321808255,5.62654447555542
793,7940.000023672361,2.8033886079284787,2.591154240734093,28,29,3.2468684996272437,3.2468684996272437,5.6550679206848145
794,7950.000023702175,2.725027842181079,2.467481152416897,23,25,3.3527287835232653,3.3527287835232653,5.9821062088012695
795,7960.000023731989,2.6487332045958856,2.7837009361052933,20,21,3.47673749550165,3.47673749550165,6.013830184936523
796,7970.000023761803,2.5723480767383995,2.5451727273647555,22,23,3.146163035338592,3.146163035338592,5.893472671508789
797,7980.000023791617,2.681689206219615,2.5892914832634624,16,16,3.3875894470667487,3.3875894470667487,6.054087162017822
798,7990.000023821432,2.607652121944555,2.5716648184898956,27,27,3.1187137903323463,3.1187137903323463,6.299082279205322
799,8000.000023851246,2.5019091496371173,2.3516709302376735,14,14,3.317228178710955,3.317228178710955,6.587260723114014
800,8010.00002388106,2.569625798931424,1.8350418675754872,18,18,3.5438852633288622,3.5438852633288622,6.385556221008301
801,8020.000023910874,2.523234580029082,2.5756582970542783,20,22,3.4849693113536886,3.482362324054392,6.042540073394775
802,8030.000023940688,2.4087000858641088,2.4584827518829737,27,29,3.1900401447492133,3.1900401447492133,5.911820411682129
803,8040.000023970501,2.402328607448039,2.6968855875768365,23,26,3.262860620199081,3.262860620199081,5.976020812988281
804,8050.0000240003155,2.4886517473493455,3.00971067929175,19,19,3.42415245722517,3.42415245722517,6.069287300109863
805,8060.00002403013,2.5352177205753796,2.943769523465046,21,23,3.4471650494469785,3.4471650494469785,6.474583625793457
806,8070.000024059944,2.6140771133365717,2.464246045908757,13,14,3.4465254909024052,3.4465254909024052,6.228922367095947
807,8080.000024089758,2.542244792330858,2.7502496670141987,26,27,3.1704949076495614,3.1704949076495614,5.77750825881958
808,8090.000024119572,2.5668091787373597,2.4291717916647566,12,12,3.538880542242755,3.538880542242755,6.38701868057251
809,8100.000024149386,2.56453930747323,2.2430470761463916,19,19,3.534826519779399,3.534826519779399,6.289485931396484
810,8110.0000241792,2.6000119897391025,2.3685656131471973,11,11,3.4955682267366246,3.4955682267366246,6.422405242919922
811,8120.000024209015,2.6564547247074297,2.832939221862439,30,31,3.340183333079437,3.340183333079437,5.796184062957764
812,8130.000024238829,2.5339014924832637,2.55422490300382,26,28,3.378286447091867,3.378286447091867,5.973628520965576
813,8140.000024268643,2.5578881591854965,2.6002818133897954,28,28,3.0178209097835986,3.0178209097835986,5.852454662322998
814,8150.000024298456,2.5203391754367326,2.968208204901636,13,13,3.1321108810760934,3.1321108810760934,6.232203483581543
815,8160.00002432827,2.554397623202436,3.041567937994464,17,18,3.2687176886977833,3.2687176886977833,6.178311824798584
816,8170.000024358084,2.5550598950934433,2.6246902572927584,7,9,3.0697037312771194,3.0697037312771194,6.183558464050293
817,8180.0000243878985,2.613449979487937,2.5576580082021603,20,20,3.3258329961362243,3.3258329961362243,6.09282112121582
818,8190.000024417713,2.685873994757213,2.827837439880152,20,21,3.1684434702474507,3.1684434702474507,5.6640448570251465
819,8200.000024447527,2.5339617100555776,2.939411504271466,17,18,3.2081020592541964,3.2081020592541964,6.072699546813965
820,8210.00002447734,2.495181782804396,2.6737305939075178,23,23,3.6042254714486015,3.6042254714486015,5.701535701751709
821,8220.000024507155,2.63748743111955,2.5925790545551575,8,8,3.7168540867549473,3.7168540867549473,6.308413028717041
822,8230.000024536968,2.6844268575258816,2.5015838267341435,23,23,3.4000862440767285,3.4000862440767285,5.8938422203063965
823,8240.000024566783,2.608992829629712,2.6678228112751823,17,17,3.571416561490057,3.571416561490057,5.801246166229248
824,8250.000024596597,2.6804873635466206,2.6187631980827617,10,10,3.2756929681397797,3.2756929681397797,5.508940696716309
825,8260.000024626412,2.6632045347837354,2.435904356823439,21,22,3.1277475259917993,3.1277475259917993,5.846625804901123
826,8270.000024656225,2.651316005787423,2.4746794470365177,20,20,3.411632844790577,3.411632844790577,5.419790744781494
827,8280.00002468604,2.5187763727934738,2.648742054406265,18,18,3.230094586011467,3.230094586011467,5.4977617263793945
828,8290.000024715853,2.5673301480702806,2.3960712161150948,25,25,3.2146594280573644,3.2146594280573644,5.524170875549316
829,8300.000024745666,2.497991193207463,2.834064451253302,29,29,3.4920687412046525,3.4920687412046525,5.158919334411621
830,8310.000024775482,2.4847438338347807,2.2659362700337016,16,16,3.1163871476926706,3.1163871476926706,5.994825839996338
831,8320.000024805295,2.648870256510199,2.7991342982860288,16,16,3.39536495661578,3.39536495661578,6.244377136230469
832,8330.00002483511,2.681693679703487,2.6188919968271036,30,31,3.3213995230399895,3.3213995230399895,5.917557239532471
833,8340.000024864923,2.6259816424536924,2.7653448822432205,33,34,3.291975235472305,3.291975235472305,5.507981300354004
834,8350.000024894738,2.7238543361637637,3.6299098733643476,33,35,3.387901319211988,3.387901319211988,5.021877288818359
835,8360.000024924551,2.7972271918188456,2.951357018639642,19,20,3.2105608671044807,3.2105608671044807,5.72749137878418
836,8370.000024954366,2.699116679271678,3.151000067960078,26,28,3.2459821744314454,3.2459821744314454,5.4663825035095215
837,8380.00002498418,2.737199537270311,2.785813397915019,7,7,3.6407801072185544,3.6407801072185544,6.023571968078613
838,8390.000025013995,2.682565221074402,3.5380716410885835,23,23,3.53025608484477,3.53025608484477,6.000145435333252
839,8400.000025043808,2.592552488497969,2.965890049603439,29,31,3.332655448540692,3.332655448540692,5.351986885070801
840,8410.000025073621,2.5842476180593934,3.364870167404527,31,31,3.4348872190427566,3.4348872190427566,5.0561323165893555
841,8420.000025103436,2.5657195445333474,3.3131333677619823,19,19,3.323577644812508,3.323577644812508,5.236368656158447
842,8430.00002513325,2.5548789822189706,3.0314518696821127,20,20,3.4841866775003663,3.4841866775003663,5.39701509475708
843,8440.000025163064,2.6316504281911746,3.453398943756379,14,14,3.455538921379267,3.455538921379267,5.256079196929932
844,8450.000025192878,2.5865905445782804,2.682511667806895,37,37,3.330139829768018,3.330139829768018,5.176818370819092
845,8460.000025222693,2.4471424234491246,2.3405664742586665,22,22,3.409508986576232,3.409508986576232,5.648743152618408
846,8470.000025252506,2.57737546976199,2.8826714523269463,25,25,3.1240972858709743,3.1240972858709743,5.433900356292725
847,8480.000025282321,2.5860549905175825,3.109197536432651,24,24,3.3413296934870416,3.3413296934870416,5.37507438659668
848,8490.000025312134,2.598093817062018,2.645724544523844,15,15,3.4905353642726316,3.4905353642726316,5.497218608856201
849,8500.000025341948,2.5167614954178417,2.762702382910439,30,30,3.2940269377906635,3.2940269377906635,5.171701431274414
850,8510.000025371763,2.4723242689366263,2.2325494540189084,24,24,3.473300067751309,3.473300067751309,5.4672698974609375
851,8520.000025401576,2.660118598245106,3.135246474215967,25,25,3.2129921826686116,3.2129921826686116,5.445257186889648
852,8530.00002543139,2.749451863424698,3.2770367674717518,12,12,3.3690921552389455,3.3690921552389455,5.940977573394775
853,8540.000025461204,2.710242327499197,3.395995409249979,17,19,3.32328520887819,3.32328520887819,5.4327898025512695
854,8550.00002549102,2.7465469197683317,3.625658263305091,28,29,3.3557594933507042,3.3557594933507042,5.388603687286377
855,8560.000025520832,2.757611885046061,3.3731131265330174,18,20,3.4240855511645454,3.4240855511645454,5.242156028747559
856,8570.000025550647,2.835405871811883,3.6241236167985407,18,21,3.351528320989527,3.351528320989527,5.446303367614746
857,8580.00002558046,2.7939206106249754,3.149081325371185,18,18,3.592249357599977,3.592249357599977,5.9416117668151855
858,8590.000025610276,2.8306089358692597,3.1835255977057964,16,18,3.2949299289800824,3.2949299289800824,5.548932075500488
859,8600.000025640089,2.716642043506982,3.0415795343641,11,14,3.3968936080464953,3.3968936080464953,5.730589389801025
860,8610.000025669902,2.756347706296187,3.2961073536441328,17,19,3.476360566434349,3.476360566434349,5.258795738220215
861,8620.000025699717,2.631469027809751,3.225817790800585,26,27,3.4336755544221798,3.4336755544221798,5.865375995635986
862,8630.00002572953,2.5687109915671047,3.3336007548512185,15,15,3.2512787088917467,3.2512787088917467,5.81017541885376
863,8640.000025759346,2.586026272412679,3.6096742322073774,20,20,3.621600667788988,3.621600667788988,5.727108001708984
864,8650.000025789159,2.405118586771459,3.6641210950777583,14,14,3.466050658168805,3.466050658168805,5.459115982055664
865,8660.000025818974,2.5905245176053815,3.9225217304087643,28,30,3.43126947492323,3.43126947492323,5.10181188583374
866,8670.000025848787,2.917361877085233,4.066295708866117,21,25,3.593440209702396,3.593440209702396,5.0245184898376465
867,8680.000025878602,2.818880283030076,3.839399653797944,33,34,3.3505983348934927,3.3505983348934927,5.0459699630737305
868,8690.000025908415,2.7401885284946847,3.2859874501834545,21,22,3.326100316000075,3.326100316000075,5.312595367431641
869,8700.00002593823,2.664507694693181,3.524490084673701,30,31,3.21860045189962,3.21860045189962,4.857702255249023
870,8710.000025968044,2.503282226446654,4.031008505991911,22,22,3.304961427292848,3.304961427292848,4.895496845245361
871,8720.000025997857,2.6392011750102737,3.9843173410006356,40,40,3.3258916191171606,3.3258916191171606,5.314753532409668
872,8730.000026027672,2.671057115484955,3.386366950415019,27,31,3.4342460414882434,3.4342460414882434,5.543496131896973
873,8740.000026057485,2.8610769435939964,3.3972692370582336,19,20,3.4177935386937186,3.4177935386937186,5.359898090362549
874,8750.0000260873,2.8276436233253888,3.0620118542126664,29,30,3.405410438959549,3.405410438959549,5.41598653793335
875,8760.000026117114,2.828037204918592,3.0620395105910374,22,23,3.2316134753675976,3.2316134753675976,5.474518775939941
876,8770.000026146929,2.7089637437023564,3.2156116773962538,21,23,3.283689477444471,3.283689477444471,5.2026824951171875
877,8780.000026176742,2.789613279974439,3.5089102815744,33,35,3.404111184421543,3.404111184421543,5.9752068519592285
878,8790.000026206557,2.516833339709342,2.9344121511462276,14,14,3.271403435542143,3.271403435542143,6.365192890167236
879,8800.00002623637,2.6857324504908657,2.7211565476802457,22,23,3.481876555192916,3.481876555192916,5.9504618644714355
880,8810.000026266183,2.689428924467043,3.573441286221166,22,25,3.619944711598303,3.264292965758771,5.576740264892578
881,8820.000026295998,2.763770012641473,3.2703195908035902,26,29,3.439912039974171,3.439912039974171,5.31278133392334
882,8830.000026325812,2.6568195212154917,3.7354992666021722,20,24,3.363948846717867,3.363948846717867,5.532782554626465
883,8840.000026355627,2.7406103865450664,3.2687919064973947,8,9,3.296429505090531,3.296429505090531,5.951939105987549
884,8850.00002638544,2.6871457636246396,3.2542483609408284,19,20,3.4048538748065593,3.4048538748065593,5.8883514404296875
885,8860.000026415255,2.9363650221141784,3.2491672535459246,19,19,3.3298033493606907,3.3298033493606907,6.170559406280518
886,8870.000026445068,2.845217835822598,3.1224265603725114,28,30,3.1990504011555014,3.1990504011555014,5.989876747131348
887,8880.000026474883,2.8885160477464886,3.1163655575561346,27,28,3.280134654755934,3.280134654755934,5.822728633880615
888,8890.000026504697,2.931967448466647,3.444413856275977,25,27,3.4713314835876345,3.3583287799640367,6.207894325256348
889,8900.000026534512,2.825770580771081,3.717637153855098,20,22,3.4270793293704815,3.4145843452413147,5.924862384796143
890,8910.000026564325,3.0097867023804894,2.76734692717117,31,31,3.413559400670731,3.413559400670731,5.6184916496276855
891,8920.000026594138,2.8629530419482685,3.1578384694564674,17,17,3.492991862947761,3.492991862947761,5.7447943687438965
892,8930.000026623953,2.816616987453022,2.8462442990596184,22,23,3.536916759068044,3.536916759068044,5.87845516204834
893,8940.000026653766,2.8868481913194475,3.3101730862064547,24,26,3.0951079904734797,3.0951079904734797,6.278562545776367
894,8950.000026683581,2.8864881869696726,3.458328927256936,15,17,3.311641988825724,3.311641988825724,5.837800025939941
895,8960.000026713395,2.9596659225899344,3.6330972688585574,15,16,3.4519083534496167,3.4519083534496167,5.385643482208252
896,8970.00002674321,2.9160546496531823,3.3335734704142577,30,33,3.399753453275032,3.399753453275032,5.317065715789795
897,8980.000026773023,2.849611951568852,3.5800737786279195,9,10,3.3172157026843894,3.3172157026843894,5.584878444671631
898,8990.000026802838,2.760230178519105,3.0962878516888233,15,15,3.414170731214127,3.414170731214127,6.0025787353515625
899,9000.000026832651,2.7400421387615914,3.193131348602983,24,25,3.3568838030286514,3.3568838030286514,5.49399471282959
900,9010.000026862466,2.6940616788133473,2.9970473885725544,16,17,3.4373126196246813,3.4373126196246813,6.053764343261719
901,9020.00002689228,2.8099055800844677,3.194592050457329,5,5,3.6265441812822448,3.6265441812822448,6.483112812042236
902,9030.000026922093,3.0047752807117987,3.9802500124941322,32,34,3.1827266412729855,3.1827266412729855,5.913031578063965
903,9040.000026951908,2.95137847540225,3.333723320923184,21,21,3.3635757282116034,3.3635757282116034,6.1602678298950195
904,9050.000026981721,2.935904944603663,3.2188913131553485,32,33,3.1116242955801594,3.1116242955801594,5.885738372802734
905,9060.000027011536,3.0446036680755957,3.122097433930971,22,23,3.203795870506376,3.203795870506376,5.805564880371094
906,9070.00002704135,2.9327566748097267,3.0898355636205896,16,16,3.5054838709840417,3.5054838709840417,6.300838470458984
907,9080.000027071164,2.9199058862796363,3.1076416907298685,19,20,3.3190370795045556,3.3190370795045556,6.059385776519775
908,9090.000027100978,3.0435540220990713,2.7814319774349734,14,14,3.2333067824033423,3.2333067824033423,6.26448917388916
909,9100.000027130793,3.08737797009772,3.023076596044199,13,14,3.440944312674178,3.440944312674178,5.635382652282715
910,9110.000027160606,2.8709904218823095,2.9021234349915277,12,14,3.3602397174695997,3.3602397174695997,6.052618503570557
911,9120.00002719042,2.9657276784272653,3.2945036598682194,29,31,3.1214432436763486,3.1214432436763486,5.760644435882568
912,9130.000027220234,3.027735920355187,3.1283208921483063,28,30,3.0746197574243523,3.0746197574243523,5.3097429275512695
913,9140.000027250047,3.006653927410523,2.926756335803571,13,13,3.6148623814495124,3.6148623814495124,5.558328151702881
914,9150.000027279862,3.0106801136911625,2.7093449726175964,28,28,3.011209866384109,3.011209866384109,5.956291675567627
915,9160.000027309676,3.0744800595969757,3.076801723205635,22,23,3.389559168590032,3.389559168590032,5.784300327301025
916,9170.00002733949,2.8646444422199795,3.337990904126997,29,33,3.1872578566934426,3.1872578566934426,5.691683769226074
917,9180.000027369304,2.8604350205082176,3.3754868669003812,28,30,3.37284616552529,3.2112910631273905,5.7531328201293945
918,9190.000027399119,2.9081613973538163,3.3765057687864957,24,26,3.24033820946152,3.24033820946152,5.783651828765869
919,9200.000027428932,2.9469030910627425,2.952380358702949,23,24,3.342229213508381,3.342229213508381,6.213094711303711
920,9210.000027458747,2.873447473353481,2.8546805011046983,21,21,3.2995106600855046,3.2995106600855046,6.2956013679504395
921,9220.00002748856,2.888713557158676,3.3666223425653894,13,15,3.446891990362076,3.446891990362076,6.376580715179443
922,9230.000027518374,2.9601429194756634,3.1963689622054643,8,9,3.0722676273920455,3.0722676273920455,5.963339328765869
923,9240.000027548189,3.1176469699167124,3.153466556479561,23,24,3.32514071553851,3.32514071553851,5.461965084075928
924,9250.000027578002,3.0440242645149973,3.0976798418386347,23,24,3.2423267130522286,3.2423267130522286,6.204048156738281
925,9260.000027607817,2.9780835313909746,3.306658624429497,19,20,3.231102026256405,3.231102026256405,6.358702182769775
926,9270.00002763763,3.002447489452806,2.7848041614895234,16,17,3.3451539152696252,3.3451539152696252,6.104922771453857
927,9280.000027667445,2.7630436624861217,2.8680833225882663,19,21,3.253482154926552,3.253482154926552,6.049742698669434
928,9290.000027697259,3.079326796061721,3.8580653595207655,19,22,3.369362716994702,3.1273427801608387,5.80208683013916
929,9300.000027727074,3.120175804253231,3.381402021016269,12,14,3.3976818208672888,3.3976818208672888,5.99174165725708
930,9310.000027756887,3.1570971749821277,2.870427632426578,17,17,3.3903698205249073,3.3903698205249073,5.778299331665039
931,9320.0000277867,2.9777585517802057,3.1066008127186184,26,28,3.1313989160875493,3.1313989160875493,5.75765323638916
932,9330.000027816515,3.1232906478900526,3.3680678035853555,15,16,3.5428445339379335,3.5428445339379335,5.701627731323242
933,9340.000027846329,2.865961813193092,3.5562835397259485,24,26,3.2463242341249416,3.2463242341249416,5.549098491668701
934,9350.000027876144,3.0453241978936916,3.8590292450820556,21,21,3.4511166853277473,3.4511166853277473,5.988491535186768
935,9360.000027905957,2.7881781736384053,3.4678539798586634,28,28,3.2517154903297407,3.2517154903297407,5.679275989532471
936,9370.000027935772,2.7887399135247897,3.727863905321031,17,17,3.401119546472107,3.401119546472107,5.781929969787598
937,9380.000027965585,2.8000351233206526,3.398781138329379,41,43,3.4145235153824673,3.4145235153824673,5.743075847625732
938,9390.0000279954,2.8205524784371963,3.658655381589485,34,35,3.123362099991103,3.123362099991103,5.797610759735107
939,9400.000028025213,2.7116279155163086,3.6507969618218934,21,23,3.2471750035762956,3.2471750035762956,5.717492580413818
940,9410.000028055028,2.8353044212404286,3.872690013187952,23,25,3.225032694931285,3.225032694931285,6.010685443878174
941,9420.000028084842,2.773561712999407,3.6403129752267516,22,23,3.402576724685776,3.402576724685776,5.69181489944458
942,9430.000028114655,2.796318028406288,3.541870526255653,28,32,3.303563904648225,3.303563904648225,5.660516738891602
943,9440.00002814447,2.7888580956608484,3.2913623910935814,26,28,3.1822466197116777,3.1822466197116777,5.3111982345581055
944,9450.000028174283,2.779190940447295,2.916732827435465,34,36,3.228039019003895,3.228039019003895,5.262070178985596
945,9460.000028204098,2.7562429126150647,3.5054436916253637,17,19,3.4133195929762596,3.4133195929762596,5.424413681030273
946,9470.000028233912,2.771429617591507,3.3360547025135046,16,17,3.2768935685302556,3.2768935685302556,5.6328301429748535
947,9480.000028263727,2.7522018332680473,3.349166046117339,28,29,3.3341625526082157,3.3341625526082157,5.564909934997559
948,9490.00002829354,2.7232200267180704,2.7215677064173898,20,21,3.3718960923980164,3.3718960923980164,5.826832294464111
949,9500.000028323355,2.6955849653457324,2.806074908567123,15,16,3.569069430375923,3.569069430375923,5.822911739349365
950,9510.000028353168,2.6233073195580574,2.8212478596899886,9,12,3.495543402581062,3.495543402581062,5.905832290649414
951,9520.000028382983,2.613050248259311,2.9762438233143094,22,23,3.439166506985369,3.439166506985369,5.4573211669921875
952,9530.000028412796,2.6754871837452723,3.0125493064958904,18,18,3.319624365480025,3.319624365480025,5.2690043449401855
953,9540.00002844261,2.5681937629581033,3.048524229011016,24,24,3.353994423467236,3.353994423467236,5.895423412322998
954,9550.000028472425,2.5498482919401293,2.3985941303551703,18,18,3.6106408314707763,3.6106408314707763,5.402214527130127
955,9560.000028502238,2.5145704694910207,2.2712231971209715,25,25,3.2046097691268693,3.2046097691268693,5.0921478271484375
956,9570.000028532053,2.516630230078976,2.437472454366845,29,29,3.2362749858866255,3.2362749858866255,5.039730072021484
957,9580.000028561866,2.533557510332574,2.6198749809188833,18,18,3.5717338644406937,3.5717338644406937,5.945701599121094
958,9590.000028591681,2.5205090376366996,3.1337242242285015,28,31,3.237301687772584,3.237301687772584,5.4386982917785645
959,9600.000028621494,2.393734577424815,2.6960468412229344,18,18,3.2745368590622768,3.2745368590622768,5.564589023590088
960,9610.00002865131,2.51045597265638,3.869602699964305,19,19,3.5359714228754533,3.5359714228754533,5.835830211639404
961,9620.000028681123,2.543864934664538,2.948560097408552,31,31,3.2905834382251453,3.2905834382251453,4.916762351989746
962,9630.000028710936,2.4485989250135547,2.348070899114978,21,21,3.441905615768299,3.441905615768299,5.400619029998779
963,9640.000028740751,2.553000975170753,2.2368850728491227,19,19,3.340303331024413,3.340303331024413,5.711209297180176
964,9650.000028770564,2.52954488795,2.687144744495772,17,17,3.337226084070294,3.337226084070294,5.235976219177246
965,9660.00002880038,2.565390464882665,2.993569855624667,12,12,3.382867487646648,3.382867487646648,5.200928688049316
966,9670.000028830193,2.54686439300957,2.5238746464323354,25,26,2.95610483381858,2.95610483381858,5.392236709594727
967,9680.000028860008,2.609327162193999,2.7286968364828734,19,19,3.338973225111685,3.338973225111685,5.671052932739258
968,9690.00002888982,2.59191436921995,2.669710631102181,20,20,3.525425023779768,3.525425023779768,5.857940196990967
969,9700.000028919636,2.615490530259357,3.2176137883223284,19,23,3.2728991097930127,3.2728991097930127,5.6199140548706055
970,9710.00002894945,2.64905989216011,3.080723652533291,19,21,3.2647435562249982,3.2647435562249982,5.8502984046936035
971,9720.000028979264,2.734287917614866,3.472003274709363,15,17,3.452174424350686,3.452174424350686,5.523091793060303
972,9730.000029009077,2.6308960068255254,3.4350068631998516,24,27,3.4273390025188624,3.2970758417281645,5.279983997344971
973,9740.00002903889,2.5263786174371754,3.6028207488186337,16,19,3.600738095398322,3.600738095398322,5.6238017082214355
974,9750.000029068706,2.520851732831972,3.437050814290299,26,28,3.4248533188185353,3.4248533188185353,5.462881088256836
975,9760.000029098519,2.5783146579712986,3.8577243543705504,21,25,3.044567712534471,3.044567712534471,5.596609115600586
976,9770.000029128334,2.5181277366615977,3.4661496623716257,17,17,3.4028748826624353,3.4028748826624353,5.673613548278809
977,9780.000029158147,2.4337052569370496,2.8762555042673785,27,28,3.2820253051335344,3.2820253051335344,5.665202617645264
978,9790.000029187962,2.4348476423406473,3.157604348957304,21,22,3.337539330608714,3.337539330608714,6.063004493713379
979,9800.000029217776,2.525357085019469,3.218680344336962,21,22,3.401576143224279,3.401576143224279,5.799593925476074
980,9810.00002924759,2.602095302711186,3.676778639925437,28,31,3.12653705902145,3.12653705902145,5.5498151779174805
981,9820.000029277404,2.581617236059205,3.9632578777042067,14,15,3.4600199221106727,3.4600199221106727,5.18868350982666
982,9830.000029307219,2.64692173666069,4.0255931354484735,12,13,3.608143641098692,3.608143641098692,5.746153354644775
983,9840.000029337032,2.610469379731743,3.789194747674835,17,17,3.4377991584469094,3.4377991584469094,5.711909294128418
984,9850.000029366845,2.7684170985637313,3.4958109048942796,25,28,3.5025015591457076,3.395989573477416,5.318650722503662
985,9860.00002939666,2.6971509849580984,3.7741134498303697,6,7,3.6249546696909993,3.6249546696909993,5.397090435028076
986,9870.000029426474,2.748621605986641,2.993398798389801,23,26,3.3077330111505843,3.3077330111505843,5.315914154052734
987,9880.000029456289,2.790789929755037,3.3284870937027096,20,23,3.050809285020355,3.050809285020355,5.643805027008057
988,9890.000029486102,2.8300937818839125,3.1757462451425273,7,7,3.637840738098578,3.637840738098578,5.644132614135742
989,9900.000029515917,2.9799198983968567,3.0922332969186437,28,32,3.1696426880682527,3.1696426880682527,5.7805938720703125
990,9910.00002954573,3.0325626539264716,3.1762109204075437,15,18,3.6426202392174747,3.5672556188491966,6.192231178283691
991,9920.000029575545,2.9392220275209864,3.4555143754261364,24,29,3.3329252454620715,3.194966019148757,5.637266635894775
992,9930.000029605359,3.112801972226998,2.7048005921672096,22,24,3.235996381067504,3.235996381067504,5.728610992431641
993,9940.000029635172,3.1798705820189412,3.4635244205605047,14,16,3.598272321495999,3.598272321495999,5.631333351135254
994,9950.000029664987,3.0844271087313535,3.4291166000147664,18,20,3.539633304748932,3.539633304748932,5.34738826751709
995,9960.0000296948,3.1547762812968485,3.16467255963264,13,14,3.5384020168755055,3.5384020168755055,5.498218536376953
996,9970.000029724615,2.9852831198111405,3.011171588804586,22,23,3.37642723762834,3.37642723762834,5.370845317840576
997,9980.000029754428,2.9550902503584386,3.190720075345352,10,14,3.5125347188420517,3.3849599020506345,5.58484411239624
998,9990.000029784243,2.9859247723799025,3.1388943459220506,27,31,3.2937393653351785,3.2937393653351785,5.5478315353393555
999,10000.000029814057,2.905802863604862,3.5093498557968017,16,16,3.356885179522617,3.356885179522617,5.780886650085449
